ISO-10303-21;
HEADER;
/* Generated by software containing ST-Developer
 * from STEP Tools, Inc. (www.steptools.com) 
 */

FILE_DESCRIPTION(
/* description */ (''),
/* implementation_level */ '2;1');

FILE_NAME(
/* name */ '1.2 KakeSwitch - Body - relA.step',
/* time_stamp */ '2025-07-04T14:37:15-04:00',
/* author */ (''),
/* organization */ (''),
/* preprocessor_version */ 'ST-DEVELOPER v20.1',
/* originating_system */ 'Autodesk Translation Framework v14.10.0.0',
/* authorisation */ '');

FILE_SCHEMA (('AUTOMOTIVE_DESIGN { 1 0 10303 214 3 1 1 }'));
ENDSEC;

DATA;
#10=MECHANICAL_DESIGN_GEOMETRIC_PRESENTATION_REPRESENTATION('',(#13),#2739);
#11=SHAPE_REPRESENTATION_RELATIONSHIP('SRR','None',#2746,#12);
#12=ADVANCED_BREP_SHAPE_REPRESENTATION('',(#14),#2738);
#13=STYLED_ITEM('',(#2756),#14);
#14=MANIFOLD_SOLID_BREP('Body1',#1612);
#15=FACE_BOUND('',#252,.T.);
#16=FACE_BOUND('',#253,.T.);
#17=FACE_BOUND('',#255,.T.);
#18=FACE_BOUND('',#256,.T.);
#19=FACE_BOUND('',#257,.T.);
#20=FACE_BOUND('',#258,.T.);
#21=FACE_BOUND('',#259,.T.);
#22=FACE_BOUND('',#260,.T.);
#23=FACE_BOUND('',#261,.T.);
#24=FACE_BOUND('',#265,.T.);
#25=FACE_BOUND('',#266,.T.);
#26=FACE_BOUND('',#267,.T.);
#27=FACE_BOUND('',#268,.T.);
#28=FACE_BOUND('',#269,.T.);
#29=FACE_BOUND('',#270,.T.);
#30=FACE_BOUND('',#271,.T.);
#31=FACE_BOUND('',#275,.T.);
#32=FACE_BOUND('',#276,.T.);
#33=FACE_BOUND('',#288,.T.);
#34=FACE_BOUND('',#318,.T.);
#35=CYLINDRICAL_SURFACE('',#1642,4.15);
#36=CYLINDRICAL_SURFACE('',#1645,4.15);
#37=CYLINDRICAL_SURFACE('',#1678,1.5);
#38=CYLINDRICAL_SURFACE('',#1680,4.15);
#39=CYLINDRICAL_SURFACE('',#1687,4.15);
#40=CYLINDRICAL_SURFACE('',#1701,1.15);
#41=CYLINDRICAL_SURFACE('',#1704,5.);
#42=CYLINDRICAL_SURFACE('',#1707,4.50000000000091);
#43=CYLINDRICAL_SURFACE('',#1709,3.50000000000001);
#44=CYLINDRICAL_SURFACE('',#1711,6.);
#45=CYLINDRICAL_SURFACE('',#1713,4.50000000000205);
#46=CYLINDRICAL_SURFACE('',#1715,3.50000000000001);
#47=CYLINDRICAL_SURFACE('',#1717,4.50000000000091);
#48=CYLINDRICAL_SURFACE('',#1719,6.);
#49=CYLINDRICAL_SURFACE('',#1746,2.75);
#50=CYLINDRICAL_SURFACE('',#1750,4.50000000000205);
#51=CYLINDRICAL_SURFACE('',#1752,4.50000000000205);
#52=CYLINDRICAL_SURFACE('',#1753,1.);
#53=CYLINDRICAL_SURFACE('',#1755,1.);
#54=CYLINDRICAL_SURFACE('',#1757,0.5);
#55=CYLINDRICAL_SURFACE('',#1759,0.5);
#56=CYLINDRICAL_SURFACE('',#1761,0.5);
#57=CYLINDRICAL_SURFACE('',#1763,0.5);
#58=CYLINDRICAL_SURFACE('',#1765,0.5);
#59=CYLINDRICAL_SURFACE('',#1767,0.5);
#60=CYLINDRICAL_SURFACE('',#1769,0.5);
#61=CYLINDRICAL_SURFACE('',#1771,0.5);
#62=CYLINDRICAL_SURFACE('',#1773,0.5);
#63=CYLINDRICAL_SURFACE('',#1775,0.5);
#64=CYLINDRICAL_SURFACE('',#1777,0.5);
#65=CYLINDRICAL_SURFACE('',#1779,0.5);
#66=CYLINDRICAL_SURFACE('',#1781,1.15);
#67=CYLINDRICAL_SURFACE('',#1784,1.15);
#68=CYLINDRICAL_SURFACE('',#1787,1.15);
#69=CYLINDRICAL_SURFACE('',#1790,1.5);
#70=CIRCLE('',#1628,4.15);
#71=CIRCLE('',#1629,3.85);
#72=CIRCLE('',#1632,3.85);
#73=CIRCLE('',#1633,4.15);
#74=CIRCLE('',#1636,4.15);
#75=CIRCLE('',#1637,3.85);
#76=CIRCLE('',#1640,4.15);
#77=CIRCLE('',#1641,3.85);
#78=CIRCLE('',#1643,4.15);
#79=CIRCLE('',#1646,4.15);
#80=CIRCLE('',#1648,0.5);
#81=CIRCLE('',#1649,0.5);
#82=CIRCLE('',#1650,0.5);
#83=CIRCLE('',#1651,0.5);
#84=CIRCLE('',#1652,0.5);
#85=CIRCLE('',#1653,0.5);
#86=CIRCLE('',#1654,0.5);
#87=CIRCLE('',#1655,0.5);
#88=CIRCLE('',#1656,0.5);
#89=CIRCLE('',#1657,0.5);
#90=CIRCLE('',#1658,0.5);
#91=CIRCLE('',#1659,0.5);
#92=CIRCLE('',#1661,1.);
#93=CIRCLE('',#1662,1.);
#94=CIRCLE('',#1663,4.50000000000205);
#95=CIRCLE('',#1664,6.);
#96=CIRCLE('',#1665,4.50000000000205);
#97=CIRCLE('',#1666,3.50000000000001);
#98=CIRCLE('',#1667,4.50000000000091);
#99=CIRCLE('',#1668,6.00000000000006);
#100=CIRCLE('',#1669,4.50000000000091);
#101=CIRCLE('',#1670,3.50000000000001);
#102=CIRCLE('',#1671,4.50000000000205);
#103=CIRCLE('',#1672,1.15);
#104=CIRCLE('',#1673,1.15);
#105=CIRCLE('',#1674,1.15);
#106=CIRCLE('',#1675,1.15);
#107=CIRCLE('',#1676,1.5);
#108=CIRCLE('',#1677,1.5);
#109=CIRCLE('',#1679,1.5);
#110=CIRCLE('',#1681,4.15);
#111=CIRCLE('',#1683,4.15);
#112=CIRCLE('',#1684,1.5);
#113=CIRCLE('',#1685,3.45);
#114=CIRCLE('',#1689,0.5);
#115=CIRCLE('',#1690,0.5);
#116=CIRCLE('',#1691,0.5);
#117=CIRCLE('',#1692,0.5);
#118=CIRCLE('',#1693,0.5);
#119=CIRCLE('',#1694,0.5);
#120=CIRCLE('',#1695,0.5);
#121=CIRCLE('',#1696,0.5);
#122=CIRCLE('',#1697,0.5);
#123=CIRCLE('',#1698,0.5);
#124=CIRCLE('',#1699,0.5);
#125=CIRCLE('',#1700,0.5);
#126=CIRCLE('',#1702,1.15);
#127=CIRCLE('',#1705,5.);
#128=CIRCLE('',#1706,5.);
#129=CIRCLE('',#1708,4.50000000000091);
#130=CIRCLE('',#1710,3.50000000000001);
#131=CIRCLE('',#1712,6.);
#132=CIRCLE('',#1714,4.50000000000205);
#133=CIRCLE('',#1716,3.50000000000001);
#134=CIRCLE('',#1718,4.50000000000091);
#135=CIRCLE('',#1720,6.00000000000006);
#136=CIRCLE('',#1722,4.50000000000205);
#137=CIRCLE('',#1723,1.);
#138=CIRCLE('',#1724,1.);
#139=CIRCLE('',#1725,4.50000000000205);
#140=CIRCLE('',#1747,2.75);
#141=CIRCLE('',#1748,2.75);
#142=CIRCLE('',#1782,1.15);
#143=CIRCLE('',#1785,1.15);
#144=CIRCLE('',#1788,1.15);
#145=CONICAL_SURFACE('',#1627,4.,0.785398163397448);
#146=CONICAL_SURFACE('',#1631,4.,0.785398163397448);
#147=CONICAL_SURFACE('',#1635,4.,0.785398163397448);
#148=CONICAL_SURFACE('',#1639,4.,0.785398163397448);
#149=CONICAL_SURFACE('',#1749,3.1,0.436627159813541);
#150=FACE_OUTER_BOUND('',#240,.T.);
#151=FACE_OUTER_BOUND('',#241,.T.);
#152=FACE_OUTER_BOUND('',#242,.T.);
#153=FACE_OUTER_BOUND('',#243,.T.);
#154=FACE_OUTER_BOUND('',#244,.T.);
#155=FACE_OUTER_BOUND('',#245,.T.);
#156=FACE_OUTER_BOUND('',#246,.T.);
#157=FACE_OUTER_BOUND('',#247,.T.);
#158=FACE_OUTER_BOUND('',#248,.T.);
#159=FACE_OUTER_BOUND('',#249,.T.);
#160=FACE_OUTER_BOUND('',#250,.T.);
#161=FACE_OUTER_BOUND('',#251,.T.);
#162=FACE_OUTER_BOUND('',#254,.T.);
#163=FACE_OUTER_BOUND('',#262,.T.);
#164=FACE_OUTER_BOUND('',#263,.T.);
#165=FACE_OUTER_BOUND('',#264,.T.);
#166=FACE_OUTER_BOUND('',#272,.T.);
#167=FACE_OUTER_BOUND('',#273,.T.);
#168=FACE_OUTER_BOUND('',#274,.T.);
#169=FACE_OUTER_BOUND('',#277,.T.);
#170=FACE_OUTER_BOUND('',#278,.T.);
#171=FACE_OUTER_BOUND('',#279,.T.);
#172=FACE_OUTER_BOUND('',#280,.T.);
#173=FACE_OUTER_BOUND('',#281,.T.);
#174=FACE_OUTER_BOUND('',#282,.T.);
#175=FACE_OUTER_BOUND('',#283,.T.);
#176=FACE_OUTER_BOUND('',#284,.T.);
#177=FACE_OUTER_BOUND('',#285,.T.);
#178=FACE_OUTER_BOUND('',#286,.T.);
#179=FACE_OUTER_BOUND('',#287,.T.);
#180=FACE_OUTER_BOUND('',#289,.T.);
#181=FACE_OUTER_BOUND('',#290,.T.);
#182=FACE_OUTER_BOUND('',#291,.T.);
#183=FACE_OUTER_BOUND('',#292,.T.);
#184=FACE_OUTER_BOUND('',#293,.T.);
#185=FACE_OUTER_BOUND('',#294,.T.);
#186=FACE_OUTER_BOUND('',#295,.T.);
#187=FACE_OUTER_BOUND('',#296,.T.);
#188=FACE_OUTER_BOUND('',#297,.T.);
#189=FACE_OUTER_BOUND('',#298,.T.);
#190=FACE_OUTER_BOUND('',#299,.T.);
#191=FACE_OUTER_BOUND('',#300,.T.);
#192=FACE_OUTER_BOUND('',#301,.T.);
#193=FACE_OUTER_BOUND('',#302,.T.);
#194=FACE_OUTER_BOUND('',#303,.T.);
#195=FACE_OUTER_BOUND('',#304,.T.);
#196=FACE_OUTER_BOUND('',#305,.T.);
#197=FACE_OUTER_BOUND('',#306,.T.);
#198=FACE_OUTER_BOUND('',#307,.T.);
#199=FACE_OUTER_BOUND('',#308,.T.);
#200=FACE_OUTER_BOUND('',#309,.T.);
#201=FACE_OUTER_BOUND('',#310,.T.);
#202=FACE_OUTER_BOUND('',#311,.T.);
#203=FACE_OUTER_BOUND('',#312,.T.);
#204=FACE_OUTER_BOUND('',#313,.T.);
#205=FACE_OUTER_BOUND('',#314,.T.);
#206=FACE_OUTER_BOUND('',#315,.T.);
#207=FACE_OUTER_BOUND('',#316,.T.);
#208=FACE_OUTER_BOUND('',#317,.T.);
#209=FACE_OUTER_BOUND('',#319,.T.);
#210=FACE_OUTER_BOUND('',#320,.T.);
#211=FACE_OUTER_BOUND('',#321,.T.);
#212=FACE_OUTER_BOUND('',#322,.T.);
#213=FACE_OUTER_BOUND('',#323,.T.);
#214=FACE_OUTER_BOUND('',#324,.T.);
#215=FACE_OUTER_BOUND('',#325,.T.);
#216=FACE_OUTER_BOUND('',#326,.T.);
#217=FACE_OUTER_BOUND('',#327,.T.);
#218=FACE_OUTER_BOUND('',#328,.T.);
#219=FACE_OUTER_BOUND('',#329,.T.);
#220=FACE_OUTER_BOUND('',#330,.T.);
#221=FACE_OUTER_BOUND('',#331,.T.);
#222=FACE_OUTER_BOUND('',#332,.T.);
#223=FACE_OUTER_BOUND('',#333,.T.);
#224=FACE_OUTER_BOUND('',#334,.T.);
#225=FACE_OUTER_BOUND('',#335,.T.);
#226=FACE_OUTER_BOUND('',#336,.T.);
#227=FACE_OUTER_BOUND('',#337,.T.);
#228=FACE_OUTER_BOUND('',#338,.T.);
#229=FACE_OUTER_BOUND('',#339,.T.);
#230=FACE_OUTER_BOUND('',#340,.T.);
#231=FACE_OUTER_BOUND('',#341,.T.);
#232=FACE_OUTER_BOUND('',#342,.T.);
#233=FACE_OUTER_BOUND('',#343,.T.);
#234=FACE_OUTER_BOUND('',#344,.T.);
#235=FACE_OUTER_BOUND('',#345,.T.);
#236=FACE_OUTER_BOUND('',#346,.T.);
#237=FACE_OUTER_BOUND('',#347,.T.);
#238=FACE_OUTER_BOUND('',#348,.T.);
#239=FACE_OUTER_BOUND('',#349,.T.);
#240=EDGE_LOOP('',(#1022,#1023,#1024,#1025));
#241=EDGE_LOOP('',(#1026,#1027,#1028,#1029));
#242=EDGE_LOOP('',(#1030,#1031,#1032,#1033));
#243=EDGE_LOOP('',(#1034,#1035,#1036,#1037));
#244=EDGE_LOOP('',(#1038,#1039,#1040,#1041));
#245=EDGE_LOOP('',(#1042,#1043,#1044,#1045));
#246=EDGE_LOOP('',(#1046,#1047,#1048,#1049));
#247=EDGE_LOOP('',(#1050,#1051,#1052,#1053));
#248=EDGE_LOOP('',(#1054,#1055,#1056,#1057));
#249=EDGE_LOOP('',(#1058,#1059,#1060,#1061));
#250=EDGE_LOOP('',(#1062,#1063,#1064,#1065));
#251=EDGE_LOOP('',(#1066,#1067,#1068,#1069));
#252=EDGE_LOOP('',(#1070,#1071,#1072,#1073,#1074,#1075,#1076,#1077,#1078,
#1079,#1080,#1081));
#253=EDGE_LOOP('',(#1082,#1083,#1084,#1085,#1086,#1087,#1088,#1089,#1090,
#1091,#1092,#1093));
#254=EDGE_LOOP('',(#1094,#1095,#1096,#1097,#1098,#1099,#1100,#1101));
#255=EDGE_LOOP('',(#1102,#1103,#1104,#1105,#1106,#1107,#1108,#1109,#1110,
#1111,#1112,#1113,#1114));
#256=EDGE_LOOP('',(#1115));
#257=EDGE_LOOP('',(#1116));
#258=EDGE_LOOP('',(#1117));
#259=EDGE_LOOP('',(#1118));
#260=EDGE_LOOP('',(#1119));
#261=EDGE_LOOP('',(#1120));
#262=EDGE_LOOP('',(#1121,#1122,#1123,#1124));
#263=EDGE_LOOP('',(#1125,#1126,#1127,#1128));
#264=EDGE_LOOP('',(#1129,#1130,#1131,#1132,#1133,#1134,#1135,#1136));
#265=EDGE_LOOP('',(#1137));
#266=EDGE_LOOP('',(#1138));
#267=EDGE_LOOP('',(#1139));
#268=EDGE_LOOP('',(#1140,#1141,#1142,#1143));
#269=EDGE_LOOP('',(#1144,#1145,#1146,#1147));
#270=EDGE_LOOP('',(#1148,#1149,#1150,#1151));
#271=EDGE_LOOP('',(#1152,#1153,#1154,#1155));
#272=EDGE_LOOP('',(#1156,#1157,#1158,#1159));
#273=EDGE_LOOP('',(#1160,#1161,#1162,#1163));
#274=EDGE_LOOP('',(#1164,#1165,#1166,#1167));
#275=EDGE_LOOP('',(#1168,#1169,#1170,#1171,#1172,#1173,#1174,#1175,#1176,
#1177,#1178,#1179));
#276=EDGE_LOOP('',(#1180,#1181,#1182,#1183,#1184,#1185,#1186,#1187,#1188,
#1189,#1190,#1191));
#277=EDGE_LOOP('',(#1192,#1193,#1194,#1195));
#278=EDGE_LOOP('',(#1196));
#279=EDGE_LOOP('',(#1197,#1198,#1199,#1200));
#280=EDGE_LOOP('',(#1201,#1202,#1203,#1204));
#281=EDGE_LOOP('',(#1205,#1206,#1207,#1208));
#282=EDGE_LOOP('',(#1209,#1210,#1211,#1212));
#283=EDGE_LOOP('',(#1213,#1214,#1215,#1216));
#284=EDGE_LOOP('',(#1217,#1218,#1219,#1220));
#285=EDGE_LOOP('',(#1221,#1222,#1223,#1224));
#286=EDGE_LOOP('',(#1225,#1226,#1227,#1228));
#287=EDGE_LOOP('',(#1229,#1230,#1231,#1232,#1233,#1234,#1235,#1236,#1237,
#1238,#1239,#1240,#1241));
#288=EDGE_LOOP('',(#1242));
#289=EDGE_LOOP('',(#1243,#1244,#1245,#1246));
#290=EDGE_LOOP('',(#1247,#1248,#1249,#1250));
#291=EDGE_LOOP('',(#1251,#1252,#1253,#1254));
#292=EDGE_LOOP('',(#1255,#1256,#1257,#1258));
#293=EDGE_LOOP('',(#1259,#1260,#1261,#1262));
#294=EDGE_LOOP('',(#1263,#1264,#1265,#1266));
#295=EDGE_LOOP('',(#1267,#1268,#1269,#1270));
#296=EDGE_LOOP('',(#1271,#1272,#1273,#1274));
#297=EDGE_LOOP('',(#1275,#1276,#1277,#1278));
#298=EDGE_LOOP('',(#1279,#1280,#1281,#1282));
#299=EDGE_LOOP('',(#1283,#1284,#1285,#1286));
#300=EDGE_LOOP('',(#1287,#1288,#1289,#1290));
#301=EDGE_LOOP('',(#1291,#1292,#1293,#1294));
#302=EDGE_LOOP('',(#1295,#1296,#1297,#1298));
#303=EDGE_LOOP('',(#1299,#1300,#1301,#1302));
#304=EDGE_LOOP('',(#1303,#1304,#1305,#1306));
#305=EDGE_LOOP('',(#1307,#1308,#1309,#1310));
#306=EDGE_LOOP('',(#1311,#1312,#1313,#1314));
#307=EDGE_LOOP('',(#1315,#1316,#1317,#1318));
#308=EDGE_LOOP('',(#1319,#1320,#1321,#1322));
#309=EDGE_LOOP('',(#1323,#1324,#1325,#1326));
#310=EDGE_LOOP('',(#1327,#1328,#1329,#1330));
#311=EDGE_LOOP('',(#1331,#1332,#1333,#1334));
#312=EDGE_LOOP('',(#1335,#1336,#1337,#1338));
#313=EDGE_LOOP('',(#1339,#1340,#1341,#1342));
#314=EDGE_LOOP('',(#1343,#1344,#1345,#1346));
#315=EDGE_LOOP('',(#1347,#1348,#1349,#1350));
#316=EDGE_LOOP('',(#1351,#1352,#1353,#1354));
#317=EDGE_LOOP('',(#1355));
#318=EDGE_LOOP('',(#1356));
#319=EDGE_LOOP('',(#1357,#1358,#1359,#1360));
#320=EDGE_LOOP('',(#1361,#1362,#1363,#1364));
#321=EDGE_LOOP('',(#1365,#1366,#1367,#1368));
#322=EDGE_LOOP('',(#1369,#1370,#1371,#1372));
#323=EDGE_LOOP('',(#1373,#1374,#1375,#1376));
#324=EDGE_LOOP('',(#1377,#1378,#1379,#1380));
#325=EDGE_LOOP('',(#1381,#1382,#1383,#1384));
#326=EDGE_LOOP('',(#1385,#1386,#1387,#1388));
#327=EDGE_LOOP('',(#1389,#1390,#1391,#1392));
#328=EDGE_LOOP('',(#1393,#1394,#1395,#1396));
#329=EDGE_LOOP('',(#1397,#1398,#1399,#1400));
#330=EDGE_LOOP('',(#1401,#1402,#1403,#1404));
#331=EDGE_LOOP('',(#1405,#1406,#1407,#1408));
#332=EDGE_LOOP('',(#1409,#1410,#1411,#1412));
#333=EDGE_LOOP('',(#1413,#1414,#1415,#1416));
#334=EDGE_LOOP('',(#1417,#1418,#1419,#1420));
#335=EDGE_LOOP('',(#1421,#1422,#1423,#1424));
#336=EDGE_LOOP('',(#1425,#1426,#1427,#1428));
#337=EDGE_LOOP('',(#1429,#1430,#1431,#1432));
#338=EDGE_LOOP('',(#1433,#1434,#1435,#1436));
#339=EDGE_LOOP('',(#1437,#1438,#1439,#1440));
#340=EDGE_LOOP('',(#1441,#1442,#1443,#1444));
#341=EDGE_LOOP('',(#1445,#1446,#1447,#1448));
#342=EDGE_LOOP('',(#1449,#1450,#1451,#1452));
#343=EDGE_LOOP('',(#1453,#1454,#1455,#1456));
#344=EDGE_LOOP('',(#1457));
#345=EDGE_LOOP('',(#1458,#1459,#1460,#1461));
#346=EDGE_LOOP('',(#1462));
#347=EDGE_LOOP('',(#1463,#1464,#1465,#1466));
#348=EDGE_LOOP('',(#1467));
#349=EDGE_LOOP('',(#1468,#1469,#1470,#1471));
#350=LINE('',#2277,#500);
#351=LINE('',#2279,#501);
#352=LINE('',#2281,#502);
#353=LINE('',#2282,#503);
#354=LINE('',#2287,#504);
#355=LINE('',#2292,#505);
#356=LINE('',#2293,#506);
#357=LINE('',#2294,#507);
#358=LINE('',#2298,#508);
#359=LINE('',#2304,#509);
#360=LINE('',#2305,#510);
#361=LINE('',#2306,#511);
#362=LINE('',#2311,#512);
#363=LINE('',#2316,#513);
#364=LINE('',#2317,#514);
#365=LINE('',#2318,#515);
#366=LINE('',#2324,#516);
#367=LINE('',#2327,#517);
#368=LINE('',#2330,#518);
#369=LINE('',#2331,#519);
#370=LINE('',#2334,#520);
#371=LINE('',#2338,#521);
#372=LINE('',#2339,#522);
#373=LINE('',#2342,#523);
#374=LINE('',#2346,#524);
#375=LINE('',#2350,#525);
#376=LINE('',#2354,#526);
#377=LINE('',#2358,#527);
#378=LINE('',#2362,#528);
#379=LINE('',#2366,#529);
#380=LINE('',#2370,#530);
#381=LINE('',#2374,#531);
#382=LINE('',#2378,#532);
#383=LINE('',#2382,#533);
#384=LINE('',#2386,#534);
#385=LINE('',#2393,#535);
#386=LINE('',#2395,#536);
#387=LINE('',#2429,#537);
#388=LINE('',#2433,#538);
#389=LINE('',#2437,#539);
#390=LINE('',#2440,#540);
#391=LINE('',#2447,#541);
#392=LINE('',#2449,#542);
#393=LINE('',#2451,#543);
#394=LINE('',#2452,#544);
#395=LINE('',#2455,#545);
#396=LINE('',#2457,#546);
#397=LINE('',#2459,#547);
#398=LINE('',#2460,#548);
#399=LINE('',#2463,#549);
#400=LINE('',#2465,#550);
#401=LINE('',#2467,#551);
#402=LINE('',#2468,#552);
#403=LINE('',#2471,#553);
#404=LINE('',#2473,#554);
#405=LINE('',#2475,#555);
#406=LINE('',#2476,#556);
#407=LINE('',#2478,#557);
#408=LINE('',#2480,#558);
#409=LINE('',#2484,#559);
#410=LINE('',#2488,#560);
#411=LINE('',#2492,#561);
#412=LINE('',#2496,#562);
#413=LINE('',#2500,#563);
#414=LINE('',#2504,#564);
#415=LINE('',#2508,#565);
#416=LINE('',#2512,#566);
#417=LINE('',#2516,#567);
#418=LINE('',#2520,#568);
#419=LINE('',#2524,#569);
#420=LINE('',#2528,#570);
#421=LINE('',#2532,#571);
#422=LINE('',#2539,#572);
#423=LINE('',#2543,#573);
#424=LINE('',#2546,#574);
#425=LINE('',#2550,#575);
#426=LINE('',#2553,#576);
#427=LINE('',#2556,#577);
#428=LINE('',#2560,#578);
#429=LINE('',#2564,#579);
#430=LINE('',#2568,#580);
#431=LINE('',#2577,#581);
#432=LINE('',#2579,#582);
#433=LINE('',#2586,#583);
#434=LINE('',#2588,#584);
#435=LINE('',#2590,#585);
#436=LINE('',#2591,#586);
#437=LINE('',#2593,#587);
#438=LINE('',#2594,#588);
#439=LINE('',#2596,#589);
#440=LINE('',#2598,#590);
#441=LINE('',#2603,#591);
#442=LINE('',#2605,#592);
#443=LINE('',#2607,#593);
#444=LINE('',#2608,#594);
#445=LINE('',#2610,#595);
#446=LINE('',#2611,#596);
#447=LINE('',#2613,#597);
#448=LINE('',#2615,#598);
#449=LINE('',#2620,#599);
#450=LINE('',#2622,#600);
#451=LINE('',#2624,#601);
#452=LINE('',#2625,#602);
#453=LINE('',#2627,#603);
#454=LINE('',#2628,#604);
#455=LINE('',#2630,#605);
#456=LINE('',#2632,#606);
#457=LINE('',#2637,#607);
#458=LINE('',#2639,#608);
#459=LINE('',#2641,#609);
#460=LINE('',#2642,#610);
#461=LINE('',#2644,#611);
#462=LINE('',#2645,#612);
#463=LINE('',#2647,#613);
#464=LINE('',#2649,#614);
#465=LINE('',#2655,#615);
#466=LINE('',#2658,#616);
#467=LINE('',#2660,#617);
#468=LINE('',#2662,#618);
#469=LINE('',#2663,#619);
#470=LINE('',#2665,#620);
#471=LINE('',#2668,#621);
#472=LINE('',#2672,#622);
#473=LINE('',#2673,#623);
#474=LINE('',#2675,#624);
#475=LINE('',#2677,#625);
#476=LINE('',#2679,#626);
#477=LINE('',#2681,#627);
#478=LINE('',#2682,#628);
#479=LINE('',#2684,#629);
#480=LINE('',#2686,#630);
#481=LINE('',#2689,#631);
#482=LINE('',#2691,#632);
#483=LINE('',#2693,#633);
#484=LINE('',#2696,#634);
#485=LINE('',#2697,#635);
#486=LINE('',#2699,#636);
#487=LINE('',#2701,#637);
#488=LINE('',#2702,#638);
#489=LINE('',#2705,#639);
#490=LINE('',#2706,#640);
#491=LINE('',#2708,#641);
#492=LINE('',#2710,#642);
#493=LINE('',#2713,#643);
#494=LINE('',#2714,#644);
#495=LINE('',#2717,#645);
#496=LINE('',#2721,#646);
#497=LINE('',#2726,#647);
#498=LINE('',#2731,#648);
#499=LINE('',#2735,#649);
#500=VECTOR('',#1795,10.);
#501=VECTOR('',#1796,10.);
#502=VECTOR('',#1797,10.);
#503=VECTOR('',#1798,10.);
#504=VECTOR('',#1803,10.);
#505=VECTOR('',#1808,10.);
#506=VECTOR('',#1809,10.);
#507=VECTOR('',#1810,10.);
#508=VECTOR('',#1813,10.);
#509=VECTOR('',#1820,10.);
#510=VECTOR('',#1821,10.);
#511=VECTOR('',#1822,10.);
#512=VECTOR('',#1827,10.);
#513=VECTOR('',#1832,10.);
#514=VECTOR('',#1833,10.);
#515=VECTOR('',#1834,10.);
#516=VECTOR('',#1843,10.);
#517=VECTOR('',#1846,10.);
#518=VECTOR('',#1849,10.);
#519=VECTOR('',#1850,10.);
#520=VECTOR('',#1853,10.);
#521=VECTOR('',#1858,10.);
#522=VECTOR('',#1859,10.);
#523=VECTOR('',#1860,10.);
#524=VECTOR('',#1863,10.);
#525=VECTOR('',#1866,10.);
#526=VECTOR('',#1869,10.);
#527=VECTOR('',#1872,10.);
#528=VECTOR('',#1875,10.);
#529=VECTOR('',#1878,10.);
#530=VECTOR('',#1881,10.);
#531=VECTOR('',#1884,10.);
#532=VECTOR('',#1887,10.);
#533=VECTOR('',#1890,10.);
#534=VECTOR('',#1893,10.);
#535=VECTOR('',#1900,10.);
#536=VECTOR('',#1901,10.);
#537=VECTOR('',#1936,1.5);
#538=VECTOR('',#1941,10.);
#539=VECTOR('',#1946,10.);
#540=VECTOR('',#1949,10.);
#541=VECTOR('',#1954,10.);
#542=VECTOR('',#1955,10.);
#543=VECTOR('',#1956,10.);
#544=VECTOR('',#1957,10.);
#545=VECTOR('',#1958,10.);
#546=VECTOR('',#1959,10.);
#547=VECTOR('',#1960,10.);
#548=VECTOR('',#1961,10.);
#549=VECTOR('',#1962,10.);
#550=VECTOR('',#1963,10.);
#551=VECTOR('',#1964,10.);
#552=VECTOR('',#1965,10.);
#553=VECTOR('',#1966,10.);
#554=VECTOR('',#1967,10.);
#555=VECTOR('',#1968,10.);
#556=VECTOR('',#1969,10.);
#557=VECTOR('',#1972,10.);
#558=VECTOR('',#1975,10.);
#559=VECTOR('',#1978,10.);
#560=VECTOR('',#1981,10.);
#561=VECTOR('',#1984,10.);
#562=VECTOR('',#1987,10.);
#563=VECTOR('',#1990,10.);
#564=VECTOR('',#1993,10.);
#565=VECTOR('',#1996,10.);
#566=VECTOR('',#1999,10.);
#567=VECTOR('',#2002,10.);
#568=VECTOR('',#2005,10.);
#569=VECTOR('',#2008,10.);
#570=VECTOR('',#2011,10.);
#571=VECTOR('',#2016,1.15);
#572=VECTOR('',#2025,5.);
#573=VECTOR('',#2030,10.);
#574=VECTOR('',#2033,10.);
#575=VECTOR('',#2038,10.);
#576=VECTOR('',#2041,10.);
#577=VECTOR('',#2044,10.);
#578=VECTOR('',#2049,10.);
#579=VECTOR('',#2054,10.);
#580=VECTOR('',#2059,10.);
#581=VECTOR('',#2070,10.);
#582=VECTOR('',#2071,10.);
#583=VECTOR('',#2078,10.);
#584=VECTOR('',#2079,10.);
#585=VECTOR('',#2080,10.);
#586=VECTOR('',#2081,10.);
#587=VECTOR('',#2084,10.);
#588=VECTOR('',#2085,10.);
#589=VECTOR('',#2088,10.);
#590=VECTOR('',#2091,10.);
#591=VECTOR('',#2096,10.);
#592=VECTOR('',#2097,10.);
#593=VECTOR('',#2098,10.);
#594=VECTOR('',#2099,10.);
#595=VECTOR('',#2102,10.);
#596=VECTOR('',#2103,10.);
#597=VECTOR('',#2106,10.);
#598=VECTOR('',#2109,10.);
#599=VECTOR('',#2114,10.);
#600=VECTOR('',#2115,10.);
#601=VECTOR('',#2116,10.);
#602=VECTOR('',#2117,10.);
#603=VECTOR('',#2120,10.);
#604=VECTOR('',#2121,10.);
#605=VECTOR('',#2124,10.);
#606=VECTOR('',#2127,10.);
#607=VECTOR('',#2132,10.);
#608=VECTOR('',#2133,10.);
#609=VECTOR('',#2134,10.);
#610=VECTOR('',#2135,10.);
#611=VECTOR('',#2138,10.);
#612=VECTOR('',#2139,10.);
#613=VECTOR('',#2142,10.);
#614=VECTOR('',#2145,10.);
#615=VECTOR('',#2152,2.75);
#616=VECTOR('',#2157,3.1);
#617=VECTOR('',#2160,10.);
#618=VECTOR('',#2163,10.);
#619=VECTOR('',#2164,10.);
#620=VECTOR('',#2167,10.);
#621=VECTOR('',#2172,10.);
#622=VECTOR('',#2179,10.);
#623=VECTOR('',#2180,10.);
#624=VECTOR('',#2183,10.);
#625=VECTOR('',#2186,10.);
#626=VECTOR('',#2189,10.);
#627=VECTOR('',#2192,10.);
#628=VECTOR('',#2193,10.);
#629=VECTOR('',#2196,10.);
#630=VECTOR('',#2199,10.);
#631=VECTOR('',#2204,10.);
#632=VECTOR('',#2207,10.);
#633=VECTOR('',#2210,10.);
#634=VECTOR('',#2215,10.);
#635=VECTOR('',#2216,10.);
#636=VECTOR('',#2219,10.);
#637=VECTOR('',#2222,10.);
#638=VECTOR('',#2223,10.);
#639=VECTOR('',#2228,10.);
#640=VECTOR('',#2229,10.);
#641=VECTOR('',#2232,10.);
#642=VECTOR('',#2235,10.);
#643=VECTOR('',#2240,10.);
#644=VECTOR('',#2241,10.);
#645=VECTOR('',#2246,10.);
#646=VECTOR('',#2251,1.15);
#647=VECTOR('',#2258,1.15);
#648=VECTOR('',#2265,1.15);
#649=VECTOR('',#2272,1.5);
#650=VERTEX_POINT('',#2275);
#651=VERTEX_POINT('',#2276);
#652=VERTEX_POINT('',#2278);
#653=VERTEX_POINT('',#2280);
#654=VERTEX_POINT('',#2284);
#655=VERTEX_POINT('',#2286);
#656=VERTEX_POINT('',#2290);
#657=VERTEX_POINT('',#2291);
#658=VERTEX_POINT('',#2296);
#659=VERTEX_POINT('',#2297);
#660=VERTEX_POINT('',#2302);
#661=VERTEX_POINT('',#2303);
#662=VERTEX_POINT('',#2308);
#663=VERTEX_POINT('',#2310);
#664=VERTEX_POINT('',#2314);
#665=VERTEX_POINT('',#2315);
#666=VERTEX_POINT('',#2323);
#667=VERTEX_POINT('',#2325);
#668=VERTEX_POINT('',#2329);
#669=VERTEX_POINT('',#2333);
#670=VERTEX_POINT('',#2337);
#671=VERTEX_POINT('',#2340);
#672=VERTEX_POINT('',#2341);
#673=VERTEX_POINT('',#2343);
#674=VERTEX_POINT('',#2345);
#675=VERTEX_POINT('',#2347);
#676=VERTEX_POINT('',#2349);
#677=VERTEX_POINT('',#2351);
#678=VERTEX_POINT('',#2353);
#679=VERTEX_POINT('',#2355);
#680=VERTEX_POINT('',#2357);
#681=VERTEX_POINT('',#2359);
#682=VERTEX_POINT('',#2361);
#683=VERTEX_POINT('',#2364);
#684=VERTEX_POINT('',#2365);
#685=VERTEX_POINT('',#2367);
#686=VERTEX_POINT('',#2369);
#687=VERTEX_POINT('',#2371);
#688=VERTEX_POINT('',#2373);
#689=VERTEX_POINT('',#2375);
#690=VERTEX_POINT('',#2377);
#691=VERTEX_POINT('',#2379);
#692=VERTEX_POINT('',#2381);
#693=VERTEX_POINT('',#2383);
#694=VERTEX_POINT('',#2385);
#695=VERTEX_POINT('',#2389);
#696=VERTEX_POINT('',#2390);
#697=VERTEX_POINT('',#2392);
#698=VERTEX_POINT('',#2394);
#699=VERTEX_POINT('',#2396);
#700=VERTEX_POINT('',#2398);
#701=VERTEX_POINT('',#2400);
#702=VERTEX_POINT('',#2402);
#703=VERTEX_POINT('',#2404);
#704=VERTEX_POINT('',#2406);
#705=VERTEX_POINT('',#2408);
#706=VERTEX_POINT('',#2410);
#707=VERTEX_POINT('',#2412);
#708=VERTEX_POINT('',#2415);
#709=VERTEX_POINT('',#2417);
#710=VERTEX_POINT('',#2419);
#711=VERTEX_POINT('',#2421);
#712=VERTEX_POINT('',#2423);
#713=VERTEX_POINT('',#2425);
#714=VERTEX_POINT('',#2428);
#715=VERTEX_POINT('',#2432);
#716=VERTEX_POINT('',#2436);
#717=VERTEX_POINT('',#2438);
#718=VERTEX_POINT('',#2441);
#719=VERTEX_POINT('',#2443);
#720=VERTEX_POINT('',#2445);
#721=VERTEX_POINT('',#2446);
#722=VERTEX_POINT('',#2448);
#723=VERTEX_POINT('',#2450);
#724=VERTEX_POINT('',#2453);
#725=VERTEX_POINT('',#2454);
#726=VERTEX_POINT('',#2456);
#727=VERTEX_POINT('',#2458);
#728=VERTEX_POINT('',#2461);
#729=VERTEX_POINT('',#2462);
#730=VERTEX_POINT('',#2464);
#731=VERTEX_POINT('',#2466);
#732=VERTEX_POINT('',#2469);
#733=VERTEX_POINT('',#2470);
#734=VERTEX_POINT('',#2472);
#735=VERTEX_POINT('',#2474);
#736=VERTEX_POINT('',#2482);
#737=VERTEX_POINT('',#2483);
#738=VERTEX_POINT('',#2485);
#739=VERTEX_POINT('',#2487);
#740=VERTEX_POINT('',#2489);
#741=VERTEX_POINT('',#2491);
#742=VERTEX_POINT('',#2493);
#743=VERTEX_POINT('',#2495);
#744=VERTEX_POINT('',#2497);
#745=VERTEX_POINT('',#2499);
#746=VERTEX_POINT('',#2501);
#747=VERTEX_POINT('',#2503);
#748=VERTEX_POINT('',#2506);
#749=VERTEX_POINT('',#2507);
#750=VERTEX_POINT('',#2509);
#751=VERTEX_POINT('',#2511);
#752=VERTEX_POINT('',#2513);
#753=VERTEX_POINT('',#2515);
#754=VERTEX_POINT('',#2517);
#755=VERTEX_POINT('',#2519);
#756=VERTEX_POINT('',#2521);
#757=VERTEX_POINT('',#2523);
#758=VERTEX_POINT('',#2525);
#759=VERTEX_POINT('',#2527);
#760=VERTEX_POINT('',#2531);
#761=VERTEX_POINT('',#2536);
#762=VERTEX_POINT('',#2538);
#763=VERTEX_POINT('',#2542);
#764=VERTEX_POINT('',#2544);
#765=VERTEX_POINT('',#2548);
#766=VERTEX_POINT('',#2552);
#767=VERTEX_POINT('',#2554);
#768=VERTEX_POINT('',#2558);
#769=VERTEX_POINT('',#2562);
#770=VERTEX_POINT('',#2566);
#771=VERTEX_POINT('',#2572);
#772=VERTEX_POINT('',#2574);
#773=VERTEX_POINT('',#2576);
#774=VERTEX_POINT('',#2578);
#775=VERTEX_POINT('',#2580);
#776=VERTEX_POINT('',#2584);
#777=VERTEX_POINT('',#2585);
#778=VERTEX_POINT('',#2587);
#779=VERTEX_POINT('',#2589);
#780=VERTEX_POINT('',#2601);
#781=VERTEX_POINT('',#2602);
#782=VERTEX_POINT('',#2604);
#783=VERTEX_POINT('',#2606);
#784=VERTEX_POINT('',#2618);
#785=VERTEX_POINT('',#2619);
#786=VERTEX_POINT('',#2621);
#787=VERTEX_POINT('',#2623);
#788=VERTEX_POINT('',#2635);
#789=VERTEX_POINT('',#2636);
#790=VERTEX_POINT('',#2638);
#791=VERTEX_POINT('',#2640);
#792=VERTEX_POINT('',#2652);
#793=VERTEX_POINT('',#2654);
#794=VERTEX_POINT('',#2720);
#795=VERTEX_POINT('',#2725);
#796=VERTEX_POINT('',#2730);
#797=EDGE_CURVE('',#650,#651,#350,.T.);
#798=EDGE_CURVE('',#651,#652,#351,.T.);
#799=EDGE_CURVE('',#652,#653,#352,.T.);
#800=EDGE_CURVE('',#653,#650,#353,.T.);
#801=EDGE_CURVE('',#650,#654,#70,.T.);
#802=EDGE_CURVE('',#654,#655,#354,.T.);
#803=EDGE_CURVE('',#655,#651,#71,.T.);
#804=EDGE_CURVE('',#656,#657,#355,.T.);
#805=EDGE_CURVE('',#657,#655,#356,.T.);
#806=EDGE_CURVE('',#654,#656,#357,.T.);
#807=EDGE_CURVE('',#658,#659,#358,.T.);
#808=EDGE_CURVE('',#659,#657,#72,.T.);
#809=EDGE_CURVE('',#656,#658,#73,.T.);
#810=EDGE_CURVE('',#660,#661,#359,.T.);
#811=EDGE_CURVE('',#661,#659,#360,.T.);
#812=EDGE_CURVE('',#658,#660,#361,.T.);
#813=EDGE_CURVE('',#660,#662,#74,.T.);
#814=EDGE_CURVE('',#662,#663,#362,.T.);
#815=EDGE_CURVE('',#663,#661,#75,.T.);
#816=EDGE_CURVE('',#664,#665,#363,.T.);
#817=EDGE_CURVE('',#665,#663,#364,.T.);
#818=EDGE_CURVE('',#662,#664,#365,.T.);
#819=EDGE_CURVE('',#664,#653,#76,.T.);
#820=EDGE_CURVE('',#652,#665,#77,.T.);
#821=EDGE_CURVE('',#666,#656,#366,.T.);
#822=EDGE_CURVE('',#667,#666,#78,.T.);
#823=EDGE_CURVE('',#667,#658,#367,.T.);
#824=EDGE_CURVE('',#668,#654,#368,.T.);
#825=EDGE_CURVE('',#668,#666,#369,.T.);
#826=EDGE_CURVE('',#669,#650,#370,.T.);
#827=EDGE_CURVE('',#669,#668,#79,.T.);
#828=EDGE_CURVE('',#653,#670,#371,.T.);
#829=EDGE_CURVE('',#670,#669,#372,.T.);
#830=EDGE_CURVE('',#671,#672,#373,.T.);
#831=EDGE_CURVE('',#672,#673,#80,.T.);
#832=EDGE_CURVE('',#673,#674,#374,.T.);
#833=EDGE_CURVE('',#674,#675,#81,.T.);
#834=EDGE_CURVE('',#675,#676,#375,.T.);
#835=EDGE_CURVE('',#676,#677,#82,.T.);
#836=EDGE_CURVE('',#677,#678,#376,.T.);
#837=EDGE_CURVE('',#678,#679,#83,.T.);
#838=EDGE_CURVE('',#679,#680,#377,.T.);
#839=EDGE_CURVE('',#680,#681,#84,.T.);
#840=EDGE_CURVE('',#681,#682,#378,.T.);
#841=EDGE_CURVE('',#682,#671,#85,.T.);
#842=EDGE_CURVE('',#683,#684,#379,.T.);
#843=EDGE_CURVE('',#684,#685,#86,.T.);
#844=EDGE_CURVE('',#685,#686,#380,.T.);
#845=EDGE_CURVE('',#686,#687,#87,.T.);
#846=EDGE_CURVE('',#687,#688,#381,.T.);
#847=EDGE_CURVE('',#688,#689,#88,.T.);
#848=EDGE_CURVE('',#689,#690,#382,.T.);
#849=EDGE_CURVE('',#690,#691,#89,.T.);
#850=EDGE_CURVE('',#691,#692,#383,.T.);
#851=EDGE_CURVE('',#692,#693,#90,.T.);
#852=EDGE_CURVE('',#693,#694,#384,.T.);
#853=EDGE_CURVE('',#694,#683,#91,.T.);
#854=EDGE_CURVE('',#695,#696,#92,.T.);
#855=EDGE_CURVE('',#695,#697,#385,.T.);
#856=EDGE_CURVE('',#697,#698,#386,.T.);
#857=EDGE_CURVE('',#699,#698,#93,.T.);
#858=EDGE_CURVE('',#700,#699,#94,.F.);
#859=EDGE_CURVE('',#701,#700,#95,.F.);
#860=EDGE_CURVE('',#702,#701,#96,.F.);
#861=EDGE_CURVE('',#703,#702,#97,.F.);
#862=EDGE_CURVE('',#704,#703,#98,.F.);
#863=EDGE_CURVE('',#705,#704,#99,.F.);
#864=EDGE_CURVE('',#706,#705,#100,.F.);
#865=EDGE_CURVE('',#707,#706,#101,.F.);
#866=EDGE_CURVE('',#696,#707,#102,.F.);
#867=EDGE_CURVE('',#708,#708,#103,.T.);
#868=EDGE_CURVE('',#709,#709,#104,.T.);
#869=EDGE_CURVE('',#710,#710,#105,.T.);
#870=EDGE_CURVE('',#711,#711,#106,.T.);
#871=EDGE_CURVE('',#712,#712,#107,.T.);
#872=EDGE_CURVE('',#713,#713,#108,.T.);
#873=EDGE_CURVE('',#712,#714,#387,.T.);
#874=EDGE_CURVE('',#714,#714,#109,.T.);
#875=EDGE_CURVE('',#664,#715,#388,.T.);
#876=EDGE_CURVE('',#715,#670,#110,.T.);
#877=EDGE_CURVE('',#716,#715,#389,.T.);
#878=EDGE_CURVE('',#717,#716,#111,.T.);
#879=EDGE_CURVE('',#667,#717,#390,.T.);
#880=EDGE_CURVE('',#718,#718,#112,.T.);
#881=EDGE_CURVE('',#719,#719,#113,.T.);
#882=EDGE_CURVE('',#720,#721,#391,.T.);
#883=EDGE_CURVE('',#721,#722,#392,.T.);
#884=EDGE_CURVE('',#722,#723,#393,.T.);
#885=EDGE_CURVE('',#723,#720,#394,.T.);
#886=EDGE_CURVE('',#724,#725,#395,.T.);
#887=EDGE_CURVE('',#725,#726,#396,.T.);
#888=EDGE_CURVE('',#726,#727,#397,.T.);
#889=EDGE_CURVE('',#727,#724,#398,.T.);
#890=EDGE_CURVE('',#728,#729,#399,.T.);
#891=EDGE_CURVE('',#729,#730,#400,.T.);
#892=EDGE_CURVE('',#730,#731,#401,.T.);
#893=EDGE_CURVE('',#731,#728,#402,.T.);
#894=EDGE_CURVE('',#732,#733,#403,.T.);
#895=EDGE_CURVE('',#733,#734,#404,.T.);
#896=EDGE_CURVE('',#734,#735,#405,.T.);
#897=EDGE_CURVE('',#735,#732,#406,.T.);
#898=EDGE_CURVE('',#716,#662,#407,.T.);
#899=EDGE_CURVE('',#717,#660,#408,.T.);
#900=EDGE_CURVE('',#736,#737,#409,.T.);
#901=EDGE_CURVE('',#737,#738,#114,.T.);
#902=EDGE_CURVE('',#738,#739,#410,.T.);
#903=EDGE_CURVE('',#739,#740,#115,.T.);
#904=EDGE_CURVE('',#740,#741,#411,.T.);
#905=EDGE_CURVE('',#741,#742,#116,.T.);
#906=EDGE_CURVE('',#742,#743,#412,.T.);
#907=EDGE_CURVE('',#743,#744,#117,.T.);
#908=EDGE_CURVE('',#744,#745,#413,.T.);
#909=EDGE_CURVE('',#745,#746,#118,.T.);
#910=EDGE_CURVE('',#746,#747,#414,.T.);
#911=EDGE_CURVE('',#747,#736,#119,.T.);
#912=EDGE_CURVE('',#748,#749,#415,.T.);
#913=EDGE_CURVE('',#749,#750,#120,.T.);
#914=EDGE_CURVE('',#750,#751,#416,.T.);
#915=EDGE_CURVE('',#751,#752,#121,.T.);
#916=EDGE_CURVE('',#752,#753,#417,.T.);
#917=EDGE_CURVE('',#753,#754,#122,.T.);
#918=EDGE_CURVE('',#754,#755,#418,.T.);
#919=EDGE_CURVE('',#755,#756,#123,.T.);
#920=EDGE_CURVE('',#756,#757,#419,.T.);
#921=EDGE_CURVE('',#757,#758,#124,.T.);
#922=EDGE_CURVE('',#758,#759,#420,.T.);
#923=EDGE_CURVE('',#759,#748,#125,.T.);
#924=EDGE_CURVE('',#708,#760,#421,.T.);
#925=EDGE_CURVE('',#760,#760,#126,.T.);
#926=EDGE_CURVE('',#761,#761,#127,.T.);
#927=EDGE_CURVE('',#761,#762,#422,.T.);
#928=EDGE_CURVE('',#762,#762,#128,.F.);
#929=EDGE_CURVE('',#763,#705,#423,.T.);
#930=EDGE_CURVE('',#764,#763,#129,.T.);
#931=EDGE_CURVE('',#764,#706,#424,.T.);
#932=EDGE_CURVE('',#765,#764,#130,.T.);
#933=EDGE_CURVE('',#765,#707,#425,.T.);
#934=EDGE_CURVE('',#766,#700,#426,.T.);
#935=EDGE_CURVE('',#767,#766,#131,.T.);
#936=EDGE_CURVE('',#767,#701,#427,.T.);
#937=EDGE_CURVE('',#768,#767,#132,.T.);
#938=EDGE_CURVE('',#768,#702,#428,.T.);
#939=EDGE_CURVE('',#769,#768,#133,.T.);
#940=EDGE_CURVE('',#769,#703,#429,.T.);
#941=EDGE_CURVE('',#770,#769,#134,.T.);
#942=EDGE_CURVE('',#770,#704,#430,.T.);
#943=EDGE_CURVE('',#763,#770,#135,.T.);
#944=EDGE_CURVE('',#766,#771,#136,.T.);
#945=EDGE_CURVE('',#772,#771,#137,.F.);
#946=EDGE_CURVE('',#773,#772,#431,.T.);
#947=EDGE_CURVE('',#774,#773,#432,.T.);
#948=EDGE_CURVE('',#775,#774,#138,.F.);
#949=EDGE_CURVE('',#775,#765,#139,.T.);
#950=EDGE_CURVE('',#776,#777,#433,.T.);
#951=EDGE_CURVE('',#778,#776,#434,.T.);
#952=EDGE_CURVE('',#779,#778,#435,.T.);
#953=EDGE_CURVE('',#777,#779,#436,.T.);
#954=EDGE_CURVE('',#734,#778,#437,.T.);
#955=EDGE_CURVE('',#733,#779,#438,.T.);
#956=EDGE_CURVE('',#735,#776,#439,.T.);
#957=EDGE_CURVE('',#732,#777,#440,.T.);
#958=EDGE_CURVE('',#780,#781,#441,.T.);
#959=EDGE_CURVE('',#782,#780,#442,.T.);
#960=EDGE_CURVE('',#783,#782,#443,.T.);
#961=EDGE_CURVE('',#781,#783,#444,.T.);
#962=EDGE_CURVE('',#730,#782,#445,.T.);
#963=EDGE_CURVE('',#729,#783,#446,.T.);
#964=EDGE_CURVE('',#731,#780,#447,.T.);
#965=EDGE_CURVE('',#728,#781,#448,.T.);
#966=EDGE_CURVE('',#784,#785,#449,.T.);
#967=EDGE_CURVE('',#786,#784,#450,.T.);
#968=EDGE_CURVE('',#787,#786,#451,.T.);
#969=EDGE_CURVE('',#785,#787,#452,.T.);
#970=EDGE_CURVE('',#726,#786,#453,.T.);
#971=EDGE_CURVE('',#725,#787,#454,.T.);
#972=EDGE_CURVE('',#727,#784,#455,.T.);
#973=EDGE_CURVE('',#724,#785,#456,.T.);
#974=EDGE_CURVE('',#788,#789,#457,.T.);
#975=EDGE_CURVE('',#790,#788,#458,.T.);
#976=EDGE_CURVE('',#791,#790,#459,.T.);
#977=EDGE_CURVE('',#789,#791,#460,.T.);
#978=EDGE_CURVE('',#722,#790,#461,.T.);
#979=EDGE_CURVE('',#721,#791,#462,.T.);
#980=EDGE_CURVE('',#723,#788,#463,.T.);
#981=EDGE_CURVE('',#720,#789,#464,.T.);
#982=EDGE_CURVE('',#792,#792,#140,.T.);
#983=EDGE_CURVE('',#792,#793,#465,.T.);
#984=EDGE_CURVE('',#793,#793,#141,.T.);
#985=EDGE_CURVE('',#792,#719,#466,.T.);
#986=EDGE_CURVE('',#696,#775,#467,.T.);
#987=EDGE_CURVE('',#698,#772,#468,.T.);
#988=EDGE_CURVE('',#697,#773,#469,.T.);
#989=EDGE_CURVE('',#771,#699,#470,.T.);
#990=EDGE_CURVE('',#774,#695,#471,.T.);
#991=EDGE_CURVE('',#757,#675,#472,.T.);
#992=EDGE_CURVE('',#674,#758,#473,.T.);
#993=EDGE_CURVE('',#676,#756,#474,.T.);
#994=EDGE_CURVE('',#755,#677,#475,.T.);
#995=EDGE_CURVE('',#678,#754,#476,.T.);
#996=EDGE_CURVE('',#751,#681,#477,.T.);
#997=EDGE_CURVE('',#680,#752,#478,.T.);
#998=EDGE_CURVE('',#682,#750,#479,.T.);
#999=EDGE_CURVE('',#753,#679,#480,.T.);
#1000=EDGE_CURVE('',#749,#671,#481,.T.);
#1001=EDGE_CURVE('',#672,#748,#482,.T.);
#1002=EDGE_CURVE('',#759,#673,#483,.T.);
#1003=EDGE_CURVE('',#747,#685,#484,.T.);
#1004=EDGE_CURVE('',#684,#736,#485,.T.);
#1005=EDGE_CURVE('',#686,#746,#486,.T.);
#1006=EDGE_CURVE('',#737,#683,#487,.T.);
#1007=EDGE_CURVE('',#694,#738,#488,.T.);
#1008=EDGE_CURVE('',#741,#691,#489,.T.);
#1009=EDGE_CURVE('',#690,#742,#490,.T.);
#1010=EDGE_CURVE('',#692,#740,#491,.T.);
#1011=EDGE_CURVE('',#739,#693,#492,.T.);
#1012=EDGE_CURVE('',#743,#689,#493,.T.);
#1013=EDGE_CURVE('',#688,#744,#494,.T.);
#1014=EDGE_CURVE('',#745,#687,#495,.T.);
#1015=EDGE_CURVE('',#709,#794,#496,.T.);
#1016=EDGE_CURVE('',#794,#794,#142,.T.);
#1017=EDGE_CURVE('',#710,#795,#497,.T.);
#1018=EDGE_CURVE('',#795,#795,#143,.T.);
#1019=EDGE_CURVE('',#711,#796,#498,.T.);
#1020=EDGE_CURVE('',#796,#796,#144,.T.);
#1021=EDGE_CURVE('',#713,#718,#499,.T.);
#1022=ORIENTED_EDGE('',*,*,#797,.T.);
#1023=ORIENTED_EDGE('',*,*,#798,.T.);
#1024=ORIENTED_EDGE('',*,*,#799,.T.);
#1025=ORIENTED_EDGE('',*,*,#800,.T.);
#1026=ORIENTED_EDGE('',*,*,#797,.F.);
#1027=ORIENTED_EDGE('',*,*,#801,.T.);
#1028=ORIENTED_EDGE('',*,*,#802,.T.);
#1029=ORIENTED_EDGE('',*,*,#803,.T.);
#1030=ORIENTED_EDGE('',*,*,#804,.T.);
#1031=ORIENTED_EDGE('',*,*,#805,.T.);
#1032=ORIENTED_EDGE('',*,*,#802,.F.);
#1033=ORIENTED_EDGE('',*,*,#806,.T.);
#1034=ORIENTED_EDGE('',*,*,#807,.T.);
#1035=ORIENTED_EDGE('',*,*,#808,.T.);
#1036=ORIENTED_EDGE('',*,*,#804,.F.);
#1037=ORIENTED_EDGE('',*,*,#809,.T.);
#1038=ORIENTED_EDGE('',*,*,#810,.T.);
#1039=ORIENTED_EDGE('',*,*,#811,.T.);
#1040=ORIENTED_EDGE('',*,*,#807,.F.);
#1041=ORIENTED_EDGE('',*,*,#812,.T.);
#1042=ORIENTED_EDGE('',*,*,#810,.F.);
#1043=ORIENTED_EDGE('',*,*,#813,.T.);
#1044=ORIENTED_EDGE('',*,*,#814,.T.);
#1045=ORIENTED_EDGE('',*,*,#815,.T.);
#1046=ORIENTED_EDGE('',*,*,#816,.T.);
#1047=ORIENTED_EDGE('',*,*,#817,.T.);
#1048=ORIENTED_EDGE('',*,*,#814,.F.);
#1049=ORIENTED_EDGE('',*,*,#818,.T.);
#1050=ORIENTED_EDGE('',*,*,#816,.F.);
#1051=ORIENTED_EDGE('',*,*,#819,.T.);
#1052=ORIENTED_EDGE('',*,*,#799,.F.);
#1053=ORIENTED_EDGE('',*,*,#820,.T.);
#1054=ORIENTED_EDGE('',*,*,#809,.F.);
#1055=ORIENTED_EDGE('',*,*,#821,.F.);
#1056=ORIENTED_EDGE('',*,*,#822,.F.);
#1057=ORIENTED_EDGE('',*,*,#823,.T.);
#1058=ORIENTED_EDGE('',*,*,#806,.F.);
#1059=ORIENTED_EDGE('',*,*,#824,.F.);
#1060=ORIENTED_EDGE('',*,*,#825,.T.);
#1061=ORIENTED_EDGE('',*,*,#821,.T.);
#1062=ORIENTED_EDGE('',*,*,#801,.F.);
#1063=ORIENTED_EDGE('',*,*,#826,.F.);
#1064=ORIENTED_EDGE('',*,*,#827,.T.);
#1065=ORIENTED_EDGE('',*,*,#824,.T.);
#1066=ORIENTED_EDGE('',*,*,#800,.F.);
#1067=ORIENTED_EDGE('',*,*,#828,.T.);
#1068=ORIENTED_EDGE('',*,*,#829,.T.);
#1069=ORIENTED_EDGE('',*,*,#826,.T.);
#1070=ORIENTED_EDGE('',*,*,#830,.T.);
#1071=ORIENTED_EDGE('',*,*,#831,.T.);
#1072=ORIENTED_EDGE('',*,*,#832,.T.);
#1073=ORIENTED_EDGE('',*,*,#833,.T.);
#1074=ORIENTED_EDGE('',*,*,#834,.T.);
#1075=ORIENTED_EDGE('',*,*,#835,.T.);
#1076=ORIENTED_EDGE('',*,*,#836,.T.);
#1077=ORIENTED_EDGE('',*,*,#837,.T.);
#1078=ORIENTED_EDGE('',*,*,#838,.T.);
#1079=ORIENTED_EDGE('',*,*,#839,.T.);
#1080=ORIENTED_EDGE('',*,*,#840,.T.);
#1081=ORIENTED_EDGE('',*,*,#841,.T.);
#1082=ORIENTED_EDGE('',*,*,#842,.T.);
#1083=ORIENTED_EDGE('',*,*,#843,.T.);
#1084=ORIENTED_EDGE('',*,*,#844,.T.);
#1085=ORIENTED_EDGE('',*,*,#845,.T.);
#1086=ORIENTED_EDGE('',*,*,#846,.T.);
#1087=ORIENTED_EDGE('',*,*,#847,.T.);
#1088=ORIENTED_EDGE('',*,*,#848,.T.);
#1089=ORIENTED_EDGE('',*,*,#849,.T.);
#1090=ORIENTED_EDGE('',*,*,#850,.T.);
#1091=ORIENTED_EDGE('',*,*,#851,.T.);
#1092=ORIENTED_EDGE('',*,*,#852,.T.);
#1093=ORIENTED_EDGE('',*,*,#853,.T.);
#1094=ORIENTED_EDGE('',*,*,#798,.F.);
#1095=ORIENTED_EDGE('',*,*,#803,.F.);
#1096=ORIENTED_EDGE('',*,*,#805,.F.);
#1097=ORIENTED_EDGE('',*,*,#808,.F.);
#1098=ORIENTED_EDGE('',*,*,#811,.F.);
#1099=ORIENTED_EDGE('',*,*,#815,.F.);
#1100=ORIENTED_EDGE('',*,*,#817,.F.);
#1101=ORIENTED_EDGE('',*,*,#820,.F.);
#1102=ORIENTED_EDGE('',*,*,#854,.F.);
#1103=ORIENTED_EDGE('',*,*,#855,.T.);
#1104=ORIENTED_EDGE('',*,*,#856,.T.);
#1105=ORIENTED_EDGE('',*,*,#857,.F.);
#1106=ORIENTED_EDGE('',*,*,#858,.F.);
#1107=ORIENTED_EDGE('',*,*,#859,.F.);
#1108=ORIENTED_EDGE('',*,*,#860,.F.);
#1109=ORIENTED_EDGE('',*,*,#861,.F.);
#1110=ORIENTED_EDGE('',*,*,#862,.F.);
#1111=ORIENTED_EDGE('',*,*,#863,.F.);
#1112=ORIENTED_EDGE('',*,*,#864,.F.);
#1113=ORIENTED_EDGE('',*,*,#865,.F.);
#1114=ORIENTED_EDGE('',*,*,#866,.F.);
#1115=ORIENTED_EDGE('',*,*,#867,.T.);
#1116=ORIENTED_EDGE('',*,*,#868,.F.);
#1117=ORIENTED_EDGE('',*,*,#869,.F.);
#1118=ORIENTED_EDGE('',*,*,#870,.T.);
#1119=ORIENTED_EDGE('',*,*,#871,.T.);
#1120=ORIENTED_EDGE('',*,*,#872,.F.);
#1121=ORIENTED_EDGE('',*,*,#871,.F.);
#1122=ORIENTED_EDGE('',*,*,#873,.T.);
#1123=ORIENTED_EDGE('',*,*,#874,.F.);
#1124=ORIENTED_EDGE('',*,*,#873,.F.);
#1125=ORIENTED_EDGE('',*,*,#819,.F.);
#1126=ORIENTED_EDGE('',*,*,#875,.T.);
#1127=ORIENTED_EDGE('',*,*,#876,.T.);
#1128=ORIENTED_EDGE('',*,*,#828,.F.);
#1129=ORIENTED_EDGE('',*,*,#876,.F.);
#1130=ORIENTED_EDGE('',*,*,#877,.F.);
#1131=ORIENTED_EDGE('',*,*,#878,.F.);
#1132=ORIENTED_EDGE('',*,*,#879,.F.);
#1133=ORIENTED_EDGE('',*,*,#822,.T.);
#1134=ORIENTED_EDGE('',*,*,#825,.F.);
#1135=ORIENTED_EDGE('',*,*,#827,.F.);
#1136=ORIENTED_EDGE('',*,*,#829,.F.);
#1137=ORIENTED_EDGE('',*,*,#880,.F.);
#1138=ORIENTED_EDGE('',*,*,#874,.T.);
#1139=ORIENTED_EDGE('',*,*,#881,.F.);
#1140=ORIENTED_EDGE('',*,*,#882,.T.);
#1141=ORIENTED_EDGE('',*,*,#883,.T.);
#1142=ORIENTED_EDGE('',*,*,#884,.T.);
#1143=ORIENTED_EDGE('',*,*,#885,.T.);
#1144=ORIENTED_EDGE('',*,*,#886,.T.);
#1145=ORIENTED_EDGE('',*,*,#887,.T.);
#1146=ORIENTED_EDGE('',*,*,#888,.T.);
#1147=ORIENTED_EDGE('',*,*,#889,.T.);
#1148=ORIENTED_EDGE('',*,*,#890,.T.);
#1149=ORIENTED_EDGE('',*,*,#891,.T.);
#1150=ORIENTED_EDGE('',*,*,#892,.T.);
#1151=ORIENTED_EDGE('',*,*,#893,.T.);
#1152=ORIENTED_EDGE('',*,*,#894,.T.);
#1153=ORIENTED_EDGE('',*,*,#895,.T.);
#1154=ORIENTED_EDGE('',*,*,#896,.T.);
#1155=ORIENTED_EDGE('',*,*,#897,.T.);
#1156=ORIENTED_EDGE('',*,*,#818,.F.);
#1157=ORIENTED_EDGE('',*,*,#898,.F.);
#1158=ORIENTED_EDGE('',*,*,#877,.T.);
#1159=ORIENTED_EDGE('',*,*,#875,.F.);
#1160=ORIENTED_EDGE('',*,*,#813,.F.);
#1161=ORIENTED_EDGE('',*,*,#899,.F.);
#1162=ORIENTED_EDGE('',*,*,#878,.T.);
#1163=ORIENTED_EDGE('',*,*,#898,.T.);
#1164=ORIENTED_EDGE('',*,*,#812,.F.);
#1165=ORIENTED_EDGE('',*,*,#823,.F.);
#1166=ORIENTED_EDGE('',*,*,#879,.T.);
#1167=ORIENTED_EDGE('',*,*,#899,.T.);
#1168=ORIENTED_EDGE('',*,*,#900,.T.);
#1169=ORIENTED_EDGE('',*,*,#901,.T.);
#1170=ORIENTED_EDGE('',*,*,#902,.T.);
#1171=ORIENTED_EDGE('',*,*,#903,.T.);
#1172=ORIENTED_EDGE('',*,*,#904,.T.);
#1173=ORIENTED_EDGE('',*,*,#905,.T.);
#1174=ORIENTED_EDGE('',*,*,#906,.T.);
#1175=ORIENTED_EDGE('',*,*,#907,.T.);
#1176=ORIENTED_EDGE('',*,*,#908,.T.);
#1177=ORIENTED_EDGE('',*,*,#909,.T.);
#1178=ORIENTED_EDGE('',*,*,#910,.T.);
#1179=ORIENTED_EDGE('',*,*,#911,.T.);
#1180=ORIENTED_EDGE('',*,*,#912,.T.);
#1181=ORIENTED_EDGE('',*,*,#913,.T.);
#1182=ORIENTED_EDGE('',*,*,#914,.T.);
#1183=ORIENTED_EDGE('',*,*,#915,.T.);
#1184=ORIENTED_EDGE('',*,*,#916,.T.);
#1185=ORIENTED_EDGE('',*,*,#917,.T.);
#1186=ORIENTED_EDGE('',*,*,#918,.T.);
#1187=ORIENTED_EDGE('',*,*,#919,.T.);
#1188=ORIENTED_EDGE('',*,*,#920,.T.);
#1189=ORIENTED_EDGE('',*,*,#921,.T.);
#1190=ORIENTED_EDGE('',*,*,#922,.T.);
#1191=ORIENTED_EDGE('',*,*,#923,.T.);
#1192=ORIENTED_EDGE('',*,*,#867,.F.);
#1193=ORIENTED_EDGE('',*,*,#924,.T.);
#1194=ORIENTED_EDGE('',*,*,#925,.T.);
#1195=ORIENTED_EDGE('',*,*,#924,.F.);
#1196=ORIENTED_EDGE('',*,*,#925,.F.);
#1197=ORIENTED_EDGE('',*,*,#926,.T.);
#1198=ORIENTED_EDGE('',*,*,#927,.T.);
#1199=ORIENTED_EDGE('',*,*,#928,.F.);
#1200=ORIENTED_EDGE('',*,*,#927,.F.);
#1201=ORIENTED_EDGE('',*,*,#864,.T.);
#1202=ORIENTED_EDGE('',*,*,#929,.F.);
#1203=ORIENTED_EDGE('',*,*,#930,.F.);
#1204=ORIENTED_EDGE('',*,*,#931,.T.);
#1205=ORIENTED_EDGE('',*,*,#865,.T.);
#1206=ORIENTED_EDGE('',*,*,#931,.F.);
#1207=ORIENTED_EDGE('',*,*,#932,.F.);
#1208=ORIENTED_EDGE('',*,*,#933,.T.);
#1209=ORIENTED_EDGE('',*,*,#859,.T.);
#1210=ORIENTED_EDGE('',*,*,#934,.F.);
#1211=ORIENTED_EDGE('',*,*,#935,.F.);
#1212=ORIENTED_EDGE('',*,*,#936,.T.);
#1213=ORIENTED_EDGE('',*,*,#860,.T.);
#1214=ORIENTED_EDGE('',*,*,#936,.F.);
#1215=ORIENTED_EDGE('',*,*,#937,.F.);
#1216=ORIENTED_EDGE('',*,*,#938,.T.);
#1217=ORIENTED_EDGE('',*,*,#861,.T.);
#1218=ORIENTED_EDGE('',*,*,#938,.F.);
#1219=ORIENTED_EDGE('',*,*,#939,.F.);
#1220=ORIENTED_EDGE('',*,*,#940,.T.);
#1221=ORIENTED_EDGE('',*,*,#862,.T.);
#1222=ORIENTED_EDGE('',*,*,#940,.F.);
#1223=ORIENTED_EDGE('',*,*,#941,.F.);
#1224=ORIENTED_EDGE('',*,*,#942,.T.);
#1225=ORIENTED_EDGE('',*,*,#863,.T.);
#1226=ORIENTED_EDGE('',*,*,#942,.F.);
#1227=ORIENTED_EDGE('',*,*,#943,.F.);
#1228=ORIENTED_EDGE('',*,*,#929,.T.);
#1229=ORIENTED_EDGE('',*,*,#932,.T.);
#1230=ORIENTED_EDGE('',*,*,#930,.T.);
#1231=ORIENTED_EDGE('',*,*,#943,.T.);
#1232=ORIENTED_EDGE('',*,*,#941,.T.);
#1233=ORIENTED_EDGE('',*,*,#939,.T.);
#1234=ORIENTED_EDGE('',*,*,#937,.T.);
#1235=ORIENTED_EDGE('',*,*,#935,.T.);
#1236=ORIENTED_EDGE('',*,*,#944,.T.);
#1237=ORIENTED_EDGE('',*,*,#945,.F.);
#1238=ORIENTED_EDGE('',*,*,#946,.F.);
#1239=ORIENTED_EDGE('',*,*,#947,.F.);
#1240=ORIENTED_EDGE('',*,*,#948,.F.);
#1241=ORIENTED_EDGE('',*,*,#949,.T.);
#1242=ORIENTED_EDGE('',*,*,#928,.T.);
#1243=ORIENTED_EDGE('',*,*,#950,.F.);
#1244=ORIENTED_EDGE('',*,*,#951,.F.);
#1245=ORIENTED_EDGE('',*,*,#952,.F.);
#1246=ORIENTED_EDGE('',*,*,#953,.F.);
#1247=ORIENTED_EDGE('',*,*,#952,.T.);
#1248=ORIENTED_EDGE('',*,*,#954,.F.);
#1249=ORIENTED_EDGE('',*,*,#895,.F.);
#1250=ORIENTED_EDGE('',*,*,#955,.T.);
#1251=ORIENTED_EDGE('',*,*,#951,.T.);
#1252=ORIENTED_EDGE('',*,*,#956,.F.);
#1253=ORIENTED_EDGE('',*,*,#896,.F.);
#1254=ORIENTED_EDGE('',*,*,#954,.T.);
#1255=ORIENTED_EDGE('',*,*,#950,.T.);
#1256=ORIENTED_EDGE('',*,*,#957,.F.);
#1257=ORIENTED_EDGE('',*,*,#897,.F.);
#1258=ORIENTED_EDGE('',*,*,#956,.T.);
#1259=ORIENTED_EDGE('',*,*,#953,.T.);
#1260=ORIENTED_EDGE('',*,*,#955,.F.);
#1261=ORIENTED_EDGE('',*,*,#894,.F.);
#1262=ORIENTED_EDGE('',*,*,#957,.T.);
#1263=ORIENTED_EDGE('',*,*,#958,.F.);
#1264=ORIENTED_EDGE('',*,*,#959,.F.);
#1265=ORIENTED_EDGE('',*,*,#960,.F.);
#1266=ORIENTED_EDGE('',*,*,#961,.F.);
#1267=ORIENTED_EDGE('',*,*,#960,.T.);
#1268=ORIENTED_EDGE('',*,*,#962,.F.);
#1269=ORIENTED_EDGE('',*,*,#891,.F.);
#1270=ORIENTED_EDGE('',*,*,#963,.T.);
#1271=ORIENTED_EDGE('',*,*,#959,.T.);
#1272=ORIENTED_EDGE('',*,*,#964,.F.);
#1273=ORIENTED_EDGE('',*,*,#892,.F.);
#1274=ORIENTED_EDGE('',*,*,#962,.T.);
#1275=ORIENTED_EDGE('',*,*,#958,.T.);
#1276=ORIENTED_EDGE('',*,*,#965,.F.);
#1277=ORIENTED_EDGE('',*,*,#893,.F.);
#1278=ORIENTED_EDGE('',*,*,#964,.T.);
#1279=ORIENTED_EDGE('',*,*,#961,.T.);
#1280=ORIENTED_EDGE('',*,*,#963,.F.);
#1281=ORIENTED_EDGE('',*,*,#890,.F.);
#1282=ORIENTED_EDGE('',*,*,#965,.T.);
#1283=ORIENTED_EDGE('',*,*,#966,.F.);
#1284=ORIENTED_EDGE('',*,*,#967,.F.);
#1285=ORIENTED_EDGE('',*,*,#968,.F.);
#1286=ORIENTED_EDGE('',*,*,#969,.F.);
#1287=ORIENTED_EDGE('',*,*,#968,.T.);
#1288=ORIENTED_EDGE('',*,*,#970,.F.);
#1289=ORIENTED_EDGE('',*,*,#887,.F.);
#1290=ORIENTED_EDGE('',*,*,#971,.T.);
#1291=ORIENTED_EDGE('',*,*,#967,.T.);
#1292=ORIENTED_EDGE('',*,*,#972,.F.);
#1293=ORIENTED_EDGE('',*,*,#888,.F.);
#1294=ORIENTED_EDGE('',*,*,#970,.T.);
#1295=ORIENTED_EDGE('',*,*,#966,.T.);
#1296=ORIENTED_EDGE('',*,*,#973,.F.);
#1297=ORIENTED_EDGE('',*,*,#889,.F.);
#1298=ORIENTED_EDGE('',*,*,#972,.T.);
#1299=ORIENTED_EDGE('',*,*,#969,.T.);
#1300=ORIENTED_EDGE('',*,*,#971,.F.);
#1301=ORIENTED_EDGE('',*,*,#886,.F.);
#1302=ORIENTED_EDGE('',*,*,#973,.T.);
#1303=ORIENTED_EDGE('',*,*,#974,.F.);
#1304=ORIENTED_EDGE('',*,*,#975,.F.);
#1305=ORIENTED_EDGE('',*,*,#976,.F.);
#1306=ORIENTED_EDGE('',*,*,#977,.F.);
#1307=ORIENTED_EDGE('',*,*,#976,.T.);
#1308=ORIENTED_EDGE('',*,*,#978,.F.);
#1309=ORIENTED_EDGE('',*,*,#883,.F.);
#1310=ORIENTED_EDGE('',*,*,#979,.T.);
#1311=ORIENTED_EDGE('',*,*,#975,.T.);
#1312=ORIENTED_EDGE('',*,*,#980,.F.);
#1313=ORIENTED_EDGE('',*,*,#884,.F.);
#1314=ORIENTED_EDGE('',*,*,#978,.T.);
#1315=ORIENTED_EDGE('',*,*,#974,.T.);
#1316=ORIENTED_EDGE('',*,*,#981,.F.);
#1317=ORIENTED_EDGE('',*,*,#885,.F.);
#1318=ORIENTED_EDGE('',*,*,#980,.T.);
#1319=ORIENTED_EDGE('',*,*,#977,.T.);
#1320=ORIENTED_EDGE('',*,*,#979,.F.);
#1321=ORIENTED_EDGE('',*,*,#882,.F.);
#1322=ORIENTED_EDGE('',*,*,#981,.T.);
#1323=ORIENTED_EDGE('',*,*,#982,.F.);
#1324=ORIENTED_EDGE('',*,*,#983,.T.);
#1325=ORIENTED_EDGE('',*,*,#984,.F.);
#1326=ORIENTED_EDGE('',*,*,#983,.F.);
#1327=ORIENTED_EDGE('',*,*,#982,.T.);
#1328=ORIENTED_EDGE('',*,*,#985,.T.);
#1329=ORIENTED_EDGE('',*,*,#881,.T.);
#1330=ORIENTED_EDGE('',*,*,#985,.F.);
#1331=ORIENTED_EDGE('',*,*,#986,.F.);
#1332=ORIENTED_EDGE('',*,*,#866,.T.);
#1333=ORIENTED_EDGE('',*,*,#933,.F.);
#1334=ORIENTED_EDGE('',*,*,#949,.F.);
#1335=ORIENTED_EDGE('',*,*,#987,.F.);
#1336=ORIENTED_EDGE('',*,*,#856,.F.);
#1337=ORIENTED_EDGE('',*,*,#988,.T.);
#1338=ORIENTED_EDGE('',*,*,#946,.T.);
#1339=ORIENTED_EDGE('',*,*,#989,.F.);
#1340=ORIENTED_EDGE('',*,*,#944,.F.);
#1341=ORIENTED_EDGE('',*,*,#934,.T.);
#1342=ORIENTED_EDGE('',*,*,#858,.T.);
#1343=ORIENTED_EDGE('',*,*,#857,.T.);
#1344=ORIENTED_EDGE('',*,*,#987,.T.);
#1345=ORIENTED_EDGE('',*,*,#945,.T.);
#1346=ORIENTED_EDGE('',*,*,#989,.T.);
#1347=ORIENTED_EDGE('',*,*,#990,.F.);
#1348=ORIENTED_EDGE('',*,*,#947,.T.);
#1349=ORIENTED_EDGE('',*,*,#988,.F.);
#1350=ORIENTED_EDGE('',*,*,#855,.F.);
#1351=ORIENTED_EDGE('',*,*,#854,.T.);
#1352=ORIENTED_EDGE('',*,*,#986,.T.);
#1353=ORIENTED_EDGE('',*,*,#948,.T.);
#1354=ORIENTED_EDGE('',*,*,#990,.T.);
#1355=ORIENTED_EDGE('',*,*,#926,.F.);
#1356=ORIENTED_EDGE('',*,*,#984,.T.);
#1357=ORIENTED_EDGE('',*,*,#991,.T.);
#1358=ORIENTED_EDGE('',*,*,#833,.F.);
#1359=ORIENTED_EDGE('',*,*,#992,.T.);
#1360=ORIENTED_EDGE('',*,*,#921,.F.);
#1361=ORIENTED_EDGE('',*,*,#991,.F.);
#1362=ORIENTED_EDGE('',*,*,#920,.F.);
#1363=ORIENTED_EDGE('',*,*,#993,.F.);
#1364=ORIENTED_EDGE('',*,*,#834,.F.);
#1365=ORIENTED_EDGE('',*,*,#994,.T.);
#1366=ORIENTED_EDGE('',*,*,#835,.F.);
#1367=ORIENTED_EDGE('',*,*,#993,.T.);
#1368=ORIENTED_EDGE('',*,*,#919,.F.);
#1369=ORIENTED_EDGE('',*,*,#994,.F.);
#1370=ORIENTED_EDGE('',*,*,#918,.F.);
#1371=ORIENTED_EDGE('',*,*,#995,.F.);
#1372=ORIENTED_EDGE('',*,*,#836,.F.);
#1373=ORIENTED_EDGE('',*,*,#996,.T.);
#1374=ORIENTED_EDGE('',*,*,#839,.F.);
#1375=ORIENTED_EDGE('',*,*,#997,.T.);
#1376=ORIENTED_EDGE('',*,*,#915,.F.);
#1377=ORIENTED_EDGE('',*,*,#996,.F.);
#1378=ORIENTED_EDGE('',*,*,#914,.F.);
#1379=ORIENTED_EDGE('',*,*,#998,.F.);
#1380=ORIENTED_EDGE('',*,*,#840,.F.);
#1381=ORIENTED_EDGE('',*,*,#999,.T.);
#1382=ORIENTED_EDGE('',*,*,#837,.F.);
#1383=ORIENTED_EDGE('',*,*,#995,.T.);
#1384=ORIENTED_EDGE('',*,*,#917,.F.);
#1385=ORIENTED_EDGE('',*,*,#997,.F.);
#1386=ORIENTED_EDGE('',*,*,#838,.F.);
#1387=ORIENTED_EDGE('',*,*,#999,.F.);
#1388=ORIENTED_EDGE('',*,*,#916,.F.);
#1389=ORIENTED_EDGE('',*,*,#1000,.T.);
#1390=ORIENTED_EDGE('',*,*,#841,.F.);
#1391=ORIENTED_EDGE('',*,*,#998,.T.);
#1392=ORIENTED_EDGE('',*,*,#913,.F.);
#1393=ORIENTED_EDGE('',*,*,#1000,.F.);
#1394=ORIENTED_EDGE('',*,*,#912,.F.);
#1395=ORIENTED_EDGE('',*,*,#1001,.F.);
#1396=ORIENTED_EDGE('',*,*,#830,.F.);
#1397=ORIENTED_EDGE('',*,*,#1002,.T.);
#1398=ORIENTED_EDGE('',*,*,#831,.F.);
#1399=ORIENTED_EDGE('',*,*,#1001,.T.);
#1400=ORIENTED_EDGE('',*,*,#923,.F.);
#1401=ORIENTED_EDGE('',*,*,#992,.F.);
#1402=ORIENTED_EDGE('',*,*,#832,.F.);
#1403=ORIENTED_EDGE('',*,*,#1002,.F.);
#1404=ORIENTED_EDGE('',*,*,#922,.F.);
#1405=ORIENTED_EDGE('',*,*,#1003,.T.);
#1406=ORIENTED_EDGE('',*,*,#843,.F.);
#1407=ORIENTED_EDGE('',*,*,#1004,.T.);
#1408=ORIENTED_EDGE('',*,*,#911,.F.);
#1409=ORIENTED_EDGE('',*,*,#1003,.F.);
#1410=ORIENTED_EDGE('',*,*,#910,.F.);
#1411=ORIENTED_EDGE('',*,*,#1005,.F.);
#1412=ORIENTED_EDGE('',*,*,#844,.F.);
#1413=ORIENTED_EDGE('',*,*,#1006,.T.);
#1414=ORIENTED_EDGE('',*,*,#853,.F.);
#1415=ORIENTED_EDGE('',*,*,#1007,.T.);
#1416=ORIENTED_EDGE('',*,*,#901,.F.);
#1417=ORIENTED_EDGE('',*,*,#1004,.F.);
#1418=ORIENTED_EDGE('',*,*,#842,.F.);
#1419=ORIENTED_EDGE('',*,*,#1006,.F.);
#1420=ORIENTED_EDGE('',*,*,#900,.F.);
#1421=ORIENTED_EDGE('',*,*,#1008,.T.);
#1422=ORIENTED_EDGE('',*,*,#849,.F.);
#1423=ORIENTED_EDGE('',*,*,#1009,.T.);
#1424=ORIENTED_EDGE('',*,*,#905,.F.);
#1425=ORIENTED_EDGE('',*,*,#1008,.F.);
#1426=ORIENTED_EDGE('',*,*,#904,.F.);
#1427=ORIENTED_EDGE('',*,*,#1010,.F.);
#1428=ORIENTED_EDGE('',*,*,#850,.F.);
#1429=ORIENTED_EDGE('',*,*,#1011,.T.);
#1430=ORIENTED_EDGE('',*,*,#851,.F.);
#1431=ORIENTED_EDGE('',*,*,#1010,.T.);
#1432=ORIENTED_EDGE('',*,*,#903,.F.);
#1433=ORIENTED_EDGE('',*,*,#1007,.F.);
#1434=ORIENTED_EDGE('',*,*,#852,.F.);
#1435=ORIENTED_EDGE('',*,*,#1011,.F.);
#1436=ORIENTED_EDGE('',*,*,#902,.F.);
#1437=ORIENTED_EDGE('',*,*,#1012,.T.);
#1438=ORIENTED_EDGE('',*,*,#847,.F.);
#1439=ORIENTED_EDGE('',*,*,#1013,.T.);
#1440=ORIENTED_EDGE('',*,*,#907,.F.);
#1441=ORIENTED_EDGE('',*,*,#1009,.F.);
#1442=ORIENTED_EDGE('',*,*,#848,.F.);
#1443=ORIENTED_EDGE('',*,*,#1012,.F.);
#1444=ORIENTED_EDGE('',*,*,#906,.F.);
#1445=ORIENTED_EDGE('',*,*,#1014,.T.);
#1446=ORIENTED_EDGE('',*,*,#845,.F.);
#1447=ORIENTED_EDGE('',*,*,#1005,.T.);
#1448=ORIENTED_EDGE('',*,*,#909,.F.);
#1449=ORIENTED_EDGE('',*,*,#1013,.F.);
#1450=ORIENTED_EDGE('',*,*,#846,.F.);
#1451=ORIENTED_EDGE('',*,*,#1014,.F.);
#1452=ORIENTED_EDGE('',*,*,#908,.F.);
#1453=ORIENTED_EDGE('',*,*,#868,.T.);
#1454=ORIENTED_EDGE('',*,*,#1015,.T.);
#1455=ORIENTED_EDGE('',*,*,#1016,.F.);
#1456=ORIENTED_EDGE('',*,*,#1015,.F.);
#1457=ORIENTED_EDGE('',*,*,#1016,.T.);
#1458=ORIENTED_EDGE('',*,*,#869,.T.);
#1459=ORIENTED_EDGE('',*,*,#1017,.T.);
#1460=ORIENTED_EDGE('',*,*,#1018,.F.);
#1461=ORIENTED_EDGE('',*,*,#1017,.F.);
#1462=ORIENTED_EDGE('',*,*,#1018,.T.);
#1463=ORIENTED_EDGE('',*,*,#870,.F.);
#1464=ORIENTED_EDGE('',*,*,#1019,.T.);
#1465=ORIENTED_EDGE('',*,*,#1020,.T.);
#1466=ORIENTED_EDGE('',*,*,#1019,.F.);
#1467=ORIENTED_EDGE('',*,*,#1020,.F.);
#1468=ORIENTED_EDGE('',*,*,#872,.T.);
#1469=ORIENTED_EDGE('',*,*,#1021,.T.);
#1470=ORIENTED_EDGE('',*,*,#880,.T.);
#1471=ORIENTED_EDGE('',*,*,#1021,.F.);
#1472=PLANE('',#1626);
#1473=PLANE('',#1630);
#1474=PLANE('',#1634);
#1475=PLANE('',#1638);
#1476=PLANE('',#1644);
#1477=PLANE('',#1647);
#1478=PLANE('',#1660);
#1479=PLANE('',#1682);
#1480=PLANE('',#1686);
#1481=PLANE('',#1688);
#1482=PLANE('',#1703);
#1483=PLANE('',#1721);
#1484=PLANE('',#1726);
#1485=PLANE('',#1727);
#1486=PLANE('',#1728);
#1487=PLANE('',#1729);
#1488=PLANE('',#1730);
#1489=PLANE('',#1731);
#1490=PLANE('',#1732);
#1491=PLANE('',#1733);
#1492=PLANE('',#1734);
#1493=PLANE('',#1735);
#1494=PLANE('',#1736);
#1495=PLANE('',#1737);
#1496=PLANE('',#1738);
#1497=PLANE('',#1739);
#1498=PLANE('',#1740);
#1499=PLANE('',#1741);
#1500=PLANE('',#1742);
#1501=PLANE('',#1743);
#1502=PLANE('',#1744);
#1503=PLANE('',#1745);
#1504=PLANE('',#1751);
#1505=PLANE('',#1754);
#1506=PLANE('',#1756);
#1507=PLANE('',#1758);
#1508=PLANE('',#1760);
#1509=PLANE('',#1762);
#1510=PLANE('',#1764);
#1511=PLANE('',#1766);
#1512=PLANE('',#1768);
#1513=PLANE('',#1770);
#1514=PLANE('',#1772);
#1515=PLANE('',#1774);
#1516=PLANE('',#1776);
#1517=PLANE('',#1778);
#1518=PLANE('',#1780);
#1519=PLANE('',#1783);
#1520=PLANE('',#1786);
#1521=PLANE('',#1789);
#1522=ADVANCED_FACE('',(#150),#1472,.T.);
#1523=ADVANCED_FACE('',(#151),#145,.T.);
#1524=ADVANCED_FACE('',(#152),#1473,.T.);
#1525=ADVANCED_FACE('',(#153),#146,.T.);
#1526=ADVANCED_FACE('',(#154),#1474,.T.);
#1527=ADVANCED_FACE('',(#155),#147,.T.);
#1528=ADVANCED_FACE('',(#156),#1475,.T.);
#1529=ADVANCED_FACE('',(#157),#148,.T.);
#1530=ADVANCED_FACE('',(#158),#35,.T.);
#1531=ADVANCED_FACE('',(#159),#1476,.T.);
#1532=ADVANCED_FACE('',(#160),#36,.T.);
#1533=ADVANCED_FACE('',(#161,#15,#16),#1477,.T.);
#1534=ADVANCED_FACE('',(#162,#17,#18,#19,#20,#21,#22,#23),#1478,.T.);
#1535=ADVANCED_FACE('',(#163),#37,.F.);
#1536=ADVANCED_FACE('',(#164),#38,.T.);
#1537=ADVANCED_FACE('',(#165,#24,#25,#26,#27,#28,#29,#30),#1479,.F.);
#1538=ADVANCED_FACE('',(#166),#1480,.T.);
#1539=ADVANCED_FACE('',(#167),#39,.T.);
#1540=ADVANCED_FACE('',(#168,#31,#32),#1481,.T.);
#1541=ADVANCED_FACE('',(#169),#40,.F.);
#1542=ADVANCED_FACE('',(#170),#1482,.F.);
#1543=ADVANCED_FACE('',(#171),#41,.F.);
#1544=ADVANCED_FACE('',(#172),#42,.T.);
#1545=ADVANCED_FACE('',(#173),#43,.F.);
#1546=ADVANCED_FACE('',(#174),#44,.F.);
#1547=ADVANCED_FACE('',(#175),#45,.T.);
#1548=ADVANCED_FACE('',(#176),#46,.F.);
#1549=ADVANCED_FACE('',(#177),#47,.T.);
#1550=ADVANCED_FACE('',(#178),#48,.F.);
#1551=ADVANCED_FACE('',(#179,#33),#1483,.F.);
#1552=ADVANCED_FACE('',(#180),#1484,.T.);
#1553=ADVANCED_FACE('',(#181),#1485,.F.);
#1554=ADVANCED_FACE('',(#182),#1486,.F.);
#1555=ADVANCED_FACE('',(#183),#1487,.F.);
#1556=ADVANCED_FACE('',(#184),#1488,.F.);
#1557=ADVANCED_FACE('',(#185),#1489,.T.);
#1558=ADVANCED_FACE('',(#186),#1490,.F.);
#1559=ADVANCED_FACE('',(#187),#1491,.F.);
#1560=ADVANCED_FACE('',(#188),#1492,.F.);
#1561=ADVANCED_FACE('',(#189),#1493,.F.);
#1562=ADVANCED_FACE('',(#190),#1494,.T.);
#1563=ADVANCED_FACE('',(#191),#1495,.F.);
#1564=ADVANCED_FACE('',(#192),#1496,.F.);
#1565=ADVANCED_FACE('',(#193),#1497,.F.);
#1566=ADVANCED_FACE('',(#194),#1498,.F.);
#1567=ADVANCED_FACE('',(#195),#1499,.T.);
#1568=ADVANCED_FACE('',(#196),#1500,.F.);
#1569=ADVANCED_FACE('',(#197),#1501,.F.);
#1570=ADVANCED_FACE('',(#198),#1502,.F.);
#1571=ADVANCED_FACE('',(#199),#1503,.F.);
#1572=ADVANCED_FACE('',(#200),#49,.F.);
#1573=ADVANCED_FACE('',(#201),#149,.F.);
#1574=ADVANCED_FACE('',(#202),#50,.T.);
#1575=ADVANCED_FACE('',(#203),#1504,.F.);
#1576=ADVANCED_FACE('',(#204),#51,.T.);
#1577=ADVANCED_FACE('',(#205),#52,.T.);
#1578=ADVANCED_FACE('',(#206),#1505,.F.);
#1579=ADVANCED_FACE('',(#207),#53,.T.);
#1580=ADVANCED_FACE('',(#208,#34),#1506,.F.);
#1581=ADVANCED_FACE('',(#209),#54,.F.);
#1582=ADVANCED_FACE('',(#210),#1507,.T.);
#1583=ADVANCED_FACE('',(#211),#55,.F.);
#1584=ADVANCED_FACE('',(#212),#1508,.T.);
#1585=ADVANCED_FACE('',(#213),#56,.F.);
#1586=ADVANCED_FACE('',(#214),#1509,.T.);
#1587=ADVANCED_FACE('',(#215),#57,.F.);
#1588=ADVANCED_FACE('',(#216),#1510,.T.);
#1589=ADVANCED_FACE('',(#217),#58,.F.);
#1590=ADVANCED_FACE('',(#218),#1511,.T.);
#1591=ADVANCED_FACE('',(#219),#59,.F.);
#1592=ADVANCED_FACE('',(#220),#1512,.T.);
#1593=ADVANCED_FACE('',(#221),#60,.F.);
#1594=ADVANCED_FACE('',(#222),#1513,.F.);
#1595=ADVANCED_FACE('',(#223),#61,.F.);
#1596=ADVANCED_FACE('',(#224),#1514,.F.);
#1597=ADVANCED_FACE('',(#225),#62,.F.);
#1598=ADVANCED_FACE('',(#226),#1515,.F.);
#1599=ADVANCED_FACE('',(#227),#63,.F.);
#1600=ADVANCED_FACE('',(#228),#1516,.F.);
#1601=ADVANCED_FACE('',(#229),#64,.F.);
#1602=ADVANCED_FACE('',(#230),#1517,.F.);
#1603=ADVANCED_FACE('',(#231),#65,.F.);
#1604=ADVANCED_FACE('',(#232),#1518,.F.);
#1605=ADVANCED_FACE('',(#233),#66,.F.);
#1606=ADVANCED_FACE('',(#234),#1519,.T.);
#1607=ADVANCED_FACE('',(#235),#67,.F.);
#1608=ADVANCED_FACE('',(#236),#1520,.T.);
#1609=ADVANCED_FACE('',(#237),#68,.F.);
#1610=ADVANCED_FACE('',(#238),#1521,.F.);
#1611=ADVANCED_FACE('',(#239),#69,.F.);
#1612=CLOSED_SHELL('',(#1522,#1523,#1524,#1525,#1526,#1527,#1528,#1529,
#1530,#1531,#1532,#1533,#1534,#1535,#1536,#1537,#1538,#1539,#1540,#1541,
#1542,#1543,#1544,#1545,#1546,#1547,#1548,#1549,#1550,#1551,#1552,#1553,
#1554,#1555,#1556,#1557,#1558,#1559,#1560,#1561,#1562,#1563,#1564,#1565,
#1566,#1567,#1568,#1569,#1570,#1571,#1572,#1573,#1574,#1575,#1576,#1577,
#1578,#1579,#1580,#1581,#1582,#1583,#1584,#1585,#1586,#1587,#1588,#1589,
#1590,#1591,#1592,#1593,#1594,#1595,#1596,#1597,#1598,#1599,#1600,#1601,
#1602,#1603,#1604,#1605,#1606,#1607,#1608,#1609,#1610,#1611));
#1613=DERIVED_UNIT_ELEMENT(#1615,1.);
#1614=DERIVED_UNIT_ELEMENT(#2741,-3.);
#1615=(
MASS_UNIT()
NAMED_UNIT(*)
SI_UNIT(.KILO.,.GRAM.)
);
#1616=DERIVED_UNIT((#1613,#1614));
#1617=MEASURE_REPRESENTATION_ITEM('density measure',
POSITIVE_RATIO_MEASURE(7850.),#1616);
#1618=PROPERTY_DEFINITION_REPRESENTATION(#1623,#1620);
#1619=PROPERTY_DEFINITION_REPRESENTATION(#1624,#1621);
#1620=REPRESENTATION('material name',(#1622),#2738);
#1621=REPRESENTATION('density',(#1617),#2738);
#1622=DESCRIPTIVE_REPRESENTATION_ITEM('Steel','Steel');
#1623=PROPERTY_DEFINITION('material property','material name',#2748);
#1624=PROPERTY_DEFINITION('material property','density of part',#2748);
#1625=AXIS2_PLACEMENT_3D('',#2273,#1791,#1792);
#1626=AXIS2_PLACEMENT_3D('',#2274,#1793,#1794);
#1627=AXIS2_PLACEMENT_3D('',#2283,#1799,#1800);
#1628=AXIS2_PLACEMENT_3D('',#2285,#1801,#1802);
#1629=AXIS2_PLACEMENT_3D('',#2288,#1804,#1805);
#1630=AXIS2_PLACEMENT_3D('',#2289,#1806,#1807);
#1631=AXIS2_PLACEMENT_3D('',#2295,#1811,#1812);
#1632=AXIS2_PLACEMENT_3D('',#2299,#1814,#1815);
#1633=AXIS2_PLACEMENT_3D('',#2300,#1816,#1817);
#1634=AXIS2_PLACEMENT_3D('',#2301,#1818,#1819);
#1635=AXIS2_PLACEMENT_3D('',#2307,#1823,#1824);
#1636=AXIS2_PLACEMENT_3D('',#2309,#1825,#1826);
#1637=AXIS2_PLACEMENT_3D('',#2312,#1828,#1829);
#1638=AXIS2_PLACEMENT_3D('',#2313,#1830,#1831);
#1639=AXIS2_PLACEMENT_3D('',#2319,#1835,#1836);
#1640=AXIS2_PLACEMENT_3D('',#2320,#1837,#1838);
#1641=AXIS2_PLACEMENT_3D('',#2321,#1839,#1840);
#1642=AXIS2_PLACEMENT_3D('',#2322,#1841,#1842);
#1643=AXIS2_PLACEMENT_3D('',#2326,#1844,#1845);
#1644=AXIS2_PLACEMENT_3D('',#2328,#1847,#1848);
#1645=AXIS2_PLACEMENT_3D('',#2332,#1851,#1852);
#1646=AXIS2_PLACEMENT_3D('',#2335,#1854,#1855);
#1647=AXIS2_PLACEMENT_3D('',#2336,#1856,#1857);
#1648=AXIS2_PLACEMENT_3D('',#2344,#1861,#1862);
#1649=AXIS2_PLACEMENT_3D('',#2348,#1864,#1865);
#1650=AXIS2_PLACEMENT_3D('',#2352,#1867,#1868);
#1651=AXIS2_PLACEMENT_3D('',#2356,#1870,#1871);
#1652=AXIS2_PLACEMENT_3D('',#2360,#1873,#1874);
#1653=AXIS2_PLACEMENT_3D('',#2363,#1876,#1877);
#1654=AXIS2_PLACEMENT_3D('',#2368,#1879,#1880);
#1655=AXIS2_PLACEMENT_3D('',#2372,#1882,#1883);
#1656=AXIS2_PLACEMENT_3D('',#2376,#1885,#1886);
#1657=AXIS2_PLACEMENT_3D('',#2380,#1888,#1889);
#1658=AXIS2_PLACEMENT_3D('',#2384,#1891,#1892);
#1659=AXIS2_PLACEMENT_3D('',#2387,#1894,#1895);
#1660=AXIS2_PLACEMENT_3D('',#2388,#1896,#1897);
#1661=AXIS2_PLACEMENT_3D('',#2391,#1898,#1899);
#1662=AXIS2_PLACEMENT_3D('',#2397,#1902,#1903);
#1663=AXIS2_PLACEMENT_3D('',#2399,#1904,#1905);
#1664=AXIS2_PLACEMENT_3D('',#2401,#1906,#1907);
#1665=AXIS2_PLACEMENT_3D('',#2403,#1908,#1909);
#1666=AXIS2_PLACEMENT_3D('',#2405,#1910,#1911);
#1667=AXIS2_PLACEMENT_3D('',#2407,#1912,#1913);
#1668=AXIS2_PLACEMENT_3D('',#2409,#1914,#1915);
#1669=AXIS2_PLACEMENT_3D('',#2411,#1916,#1917);
#1670=AXIS2_PLACEMENT_3D('',#2413,#1918,#1919);
#1671=AXIS2_PLACEMENT_3D('',#2414,#1920,#1921);
#1672=AXIS2_PLACEMENT_3D('',#2416,#1922,#1923);
#1673=AXIS2_PLACEMENT_3D('',#2418,#1924,#1925);
#1674=AXIS2_PLACEMENT_3D('',#2420,#1926,#1927);
#1675=AXIS2_PLACEMENT_3D('',#2422,#1928,#1929);
#1676=AXIS2_PLACEMENT_3D('',#2424,#1930,#1931);
#1677=AXIS2_PLACEMENT_3D('',#2426,#1932,#1933);
#1678=AXIS2_PLACEMENT_3D('',#2427,#1934,#1935);
#1679=AXIS2_PLACEMENT_3D('',#2430,#1937,#1938);
#1680=AXIS2_PLACEMENT_3D('',#2431,#1939,#1940);
#1681=AXIS2_PLACEMENT_3D('',#2434,#1942,#1943);
#1682=AXIS2_PLACEMENT_3D('',#2435,#1944,#1945);
#1683=AXIS2_PLACEMENT_3D('',#2439,#1947,#1948);
#1684=AXIS2_PLACEMENT_3D('',#2442,#1950,#1951);
#1685=AXIS2_PLACEMENT_3D('',#2444,#1952,#1953);
#1686=AXIS2_PLACEMENT_3D('',#2477,#1970,#1971);
#1687=AXIS2_PLACEMENT_3D('',#2479,#1973,#1974);
#1688=AXIS2_PLACEMENT_3D('',#2481,#1976,#1977);
#1689=AXIS2_PLACEMENT_3D('',#2486,#1979,#1980);
#1690=AXIS2_PLACEMENT_3D('',#2490,#1982,#1983);
#1691=AXIS2_PLACEMENT_3D('',#2494,#1985,#1986);
#1692=AXIS2_PLACEMENT_3D('',#2498,#1988,#1989);
#1693=AXIS2_PLACEMENT_3D('',#2502,#1991,#1992);
#1694=AXIS2_PLACEMENT_3D('',#2505,#1994,#1995);
#1695=AXIS2_PLACEMENT_3D('',#2510,#1997,#1998);
#1696=AXIS2_PLACEMENT_3D('',#2514,#2000,#2001);
#1697=AXIS2_PLACEMENT_3D('',#2518,#2003,#2004);
#1698=AXIS2_PLACEMENT_3D('',#2522,#2006,#2007);
#1699=AXIS2_PLACEMENT_3D('',#2526,#2009,#2010);
#1700=AXIS2_PLACEMENT_3D('',#2529,#2012,#2013);
#1701=AXIS2_PLACEMENT_3D('',#2530,#2014,#2015);
#1702=AXIS2_PLACEMENT_3D('',#2533,#2017,#2018);
#1703=AXIS2_PLACEMENT_3D('',#2534,#2019,#2020);
#1704=AXIS2_PLACEMENT_3D('',#2535,#2021,#2022);
#1705=AXIS2_PLACEMENT_3D('',#2537,#2023,#2024);
#1706=AXIS2_PLACEMENT_3D('',#2540,#2026,#2027);
#1707=AXIS2_PLACEMENT_3D('',#2541,#2028,#2029);
#1708=AXIS2_PLACEMENT_3D('',#2545,#2031,#2032);
#1709=AXIS2_PLACEMENT_3D('',#2547,#2034,#2035);
#1710=AXIS2_PLACEMENT_3D('',#2549,#2036,#2037);
#1711=AXIS2_PLACEMENT_3D('',#2551,#2039,#2040);
#1712=AXIS2_PLACEMENT_3D('',#2555,#2042,#2043);
#1713=AXIS2_PLACEMENT_3D('',#2557,#2045,#2046);
#1714=AXIS2_PLACEMENT_3D('',#2559,#2047,#2048);
#1715=AXIS2_PLACEMENT_3D('',#2561,#2050,#2051);
#1716=AXIS2_PLACEMENT_3D('',#2563,#2052,#2053);
#1717=AXIS2_PLACEMENT_3D('',#2565,#2055,#2056);
#1718=AXIS2_PLACEMENT_3D('',#2567,#2057,#2058);
#1719=AXIS2_PLACEMENT_3D('',#2569,#2060,#2061);
#1720=AXIS2_PLACEMENT_3D('',#2570,#2062,#2063);
#1721=AXIS2_PLACEMENT_3D('',#2571,#2064,#2065);
#1722=AXIS2_PLACEMENT_3D('',#2573,#2066,#2067);
#1723=AXIS2_PLACEMENT_3D('',#2575,#2068,#2069);
#1724=AXIS2_PLACEMENT_3D('',#2581,#2072,#2073);
#1725=AXIS2_PLACEMENT_3D('',#2582,#2074,#2075);
#1726=AXIS2_PLACEMENT_3D('',#2583,#2076,#2077);
#1727=AXIS2_PLACEMENT_3D('',#2592,#2082,#2083);
#1728=AXIS2_PLACEMENT_3D('',#2595,#2086,#2087);
#1729=AXIS2_PLACEMENT_3D('',#2597,#2089,#2090);
#1730=AXIS2_PLACEMENT_3D('',#2599,#2092,#2093);
#1731=AXIS2_PLACEMENT_3D('',#2600,#2094,#2095);
#1732=AXIS2_PLACEMENT_3D('',#2609,#2100,#2101);
#1733=AXIS2_PLACEMENT_3D('',#2612,#2104,#2105);
#1734=AXIS2_PLACEMENT_3D('',#2614,#2107,#2108);
#1735=AXIS2_PLACEMENT_3D('',#2616,#2110,#2111);
#1736=AXIS2_PLACEMENT_3D('',#2617,#2112,#2113);
#1737=AXIS2_PLACEMENT_3D('',#2626,#2118,#2119);
#1738=AXIS2_PLACEMENT_3D('',#2629,#2122,#2123);
#1739=AXIS2_PLACEMENT_3D('',#2631,#2125,#2126);
#1740=AXIS2_PLACEMENT_3D('',#2633,#2128,#2129);
#1741=AXIS2_PLACEMENT_3D('',#2634,#2130,#2131);
#1742=AXIS2_PLACEMENT_3D('',#2643,#2136,#2137);
#1743=AXIS2_PLACEMENT_3D('',#2646,#2140,#2141);
#1744=AXIS2_PLACEMENT_3D('',#2648,#2143,#2144);
#1745=AXIS2_PLACEMENT_3D('',#2650,#2146,#2147);
#1746=AXIS2_PLACEMENT_3D('',#2651,#2148,#2149);
#1747=AXIS2_PLACEMENT_3D('',#2653,#2150,#2151);
#1748=AXIS2_PLACEMENT_3D('',#2656,#2153,#2154);
#1749=AXIS2_PLACEMENT_3D('',#2657,#2155,#2156);
#1750=AXIS2_PLACEMENT_3D('',#2659,#2158,#2159);
#1751=AXIS2_PLACEMENT_3D('',#2661,#2161,#2162);
#1752=AXIS2_PLACEMENT_3D('',#2664,#2165,#2166);
#1753=AXIS2_PLACEMENT_3D('',#2666,#2168,#2169);
#1754=AXIS2_PLACEMENT_3D('',#2667,#2170,#2171);
#1755=AXIS2_PLACEMENT_3D('',#2669,#2173,#2174);
#1756=AXIS2_PLACEMENT_3D('',#2670,#2175,#2176);
#1757=AXIS2_PLACEMENT_3D('',#2671,#2177,#2178);
#1758=AXIS2_PLACEMENT_3D('',#2674,#2181,#2182);
#1759=AXIS2_PLACEMENT_3D('',#2676,#2184,#2185);
#1760=AXIS2_PLACEMENT_3D('',#2678,#2187,#2188);
#1761=AXIS2_PLACEMENT_3D('',#2680,#2190,#2191);
#1762=AXIS2_PLACEMENT_3D('',#2683,#2194,#2195);
#1763=AXIS2_PLACEMENT_3D('',#2685,#2197,#2198);
#1764=AXIS2_PLACEMENT_3D('',#2687,#2200,#2201);
#1765=AXIS2_PLACEMENT_3D('',#2688,#2202,#2203);
#1766=AXIS2_PLACEMENT_3D('',#2690,#2205,#2206);
#1767=AXIS2_PLACEMENT_3D('',#2692,#2208,#2209);
#1768=AXIS2_PLACEMENT_3D('',#2694,#2211,#2212);
#1769=AXIS2_PLACEMENT_3D('',#2695,#2213,#2214);
#1770=AXIS2_PLACEMENT_3D('',#2698,#2217,#2218);
#1771=AXIS2_PLACEMENT_3D('',#2700,#2220,#2221);
#1772=AXIS2_PLACEMENT_3D('',#2703,#2224,#2225);
#1773=AXIS2_PLACEMENT_3D('',#2704,#2226,#2227);
#1774=AXIS2_PLACEMENT_3D('',#2707,#2230,#2231);
#1775=AXIS2_PLACEMENT_3D('',#2709,#2233,#2234);
#1776=AXIS2_PLACEMENT_3D('',#2711,#2236,#2237);
#1777=AXIS2_PLACEMENT_3D('',#2712,#2238,#2239);
#1778=AXIS2_PLACEMENT_3D('',#2715,#2242,#2243);
#1779=AXIS2_PLACEMENT_3D('',#2716,#2244,#2245);
#1780=AXIS2_PLACEMENT_3D('',#2718,#2247,#2248);
#1781=AXIS2_PLACEMENT_3D('',#2719,#2249,#2250);
#1782=AXIS2_PLACEMENT_3D('',#2722,#2252,#2253);
#1783=AXIS2_PLACEMENT_3D('',#2723,#2254,#2255);
#1784=AXIS2_PLACEMENT_3D('',#2724,#2256,#2257);
#1785=AXIS2_PLACEMENT_3D('',#2727,#2259,#2260);
#1786=AXIS2_PLACEMENT_3D('',#2728,#2261,#2262);
#1787=AXIS2_PLACEMENT_3D('',#2729,#2263,#2264);
#1788=AXIS2_PLACEMENT_3D('',#2732,#2266,#2267);
#1789=AXIS2_PLACEMENT_3D('',#2733,#2268,#2269);
#1790=AXIS2_PLACEMENT_3D('',#2734,#2270,#2271);
#1791=DIRECTION('axis',(0.,0.,1.));
#1792=DIRECTION('refdir',(1.,0.,0.));
#1793=DIRECTION('center_axis',(-4.35788199605262E-32,-0.707106781186548,
0.707106781186548));
#1794=DIRECTION('ref_axis',(1.,0.,6.16297582203915E-32));
#1795=DIRECTION('',(0.,0.70710678118655,0.707106781186545));
#1796=DIRECTION('',(-1.,0.,-6.16297582203915E-32));
#1797=DIRECTION('',(0.,-0.707106781186545,-0.70710678118655));
#1798=DIRECTION('',(1.,0.,6.16297582203915E-32));
#1799=DIRECTION('center_axis',(0.,0.,-1.));
#1800=DIRECTION('ref_axis',(1.,-2.31769632477993E-65,2.96593211435634E-32));
#1801=DIRECTION('center_axis',(-6.16297582203915E-32,-7.81439438064453E-34,
1.));
#1802=DIRECTION('ref_axis',(1.,0.,0.));
#1803=DIRECTION('',(-0.707106781186548,0.,0.707106781186548));
#1804=DIRECTION('center_axis',(6.16297582203915E-32,7.81439438064453E-34,
-1.));
#1805=DIRECTION('ref_axis',(1.,-4.81599236317908E-65,6.16297582203915E-32));
#1806=DIRECTION('center_axis',(0.707106781186548,-1.3652977901598E-16,0.707106781186548));
#1807=DIRECTION('ref_axis',(0.707106781186548,0.,-0.707106781186548));
#1808=DIRECTION('',(-0.707106781186545,-2.61682076447297E-15,0.70710678118655));
#1809=DIRECTION('',(-1.930822651522E-16,-1.,-7.81439438064465E-34));
#1810=DIRECTION('',(1.930822651522E-16,1.,7.81439438064465E-34));
#1811=DIRECTION('center_axis',(0.,0.,-1.));
#1812=DIRECTION('ref_axis',(1.,-2.31769632477993E-65,2.96593211435634E-32));
#1813=DIRECTION('',(0.,-0.707106781186548,0.707106781186548));
#1814=DIRECTION('center_axis',(6.16297582203915E-32,7.81439438064453E-34,
-1.));
#1815=DIRECTION('ref_axis',(1.,-4.81599236317908E-65,6.16297582203915E-32));
#1816=DIRECTION('center_axis',(-6.16297582203915E-32,-7.81439438064453E-34,
1.));
#1817=DIRECTION('ref_axis',(1.,0.,0.));
#1818=DIRECTION('center_axis',(-4.35788199605262E-32,0.707106781186548,
0.707106781186548));
#1819=DIRECTION('ref_axis',(1.,0.,6.16297582203915E-32));
#1820=DIRECTION('',(0.,-0.707106781186548,0.707106781186548));
#1821=DIRECTION('',(1.,0.,6.16297582203915E-32));
#1822=DIRECTION('',(-1.,0.,-6.16297582203915E-32));
#1823=DIRECTION('center_axis',(0.,0.,-1.));
#1824=DIRECTION('ref_axis',(-1.,2.31769632477993E-65,-2.96593211435634E-32));
#1825=DIRECTION('center_axis',(-6.16297582203915E-32,-7.81439438064453E-34,
1.));
#1826=DIRECTION('ref_axis',(-1.,0.,0.));
#1827=DIRECTION('',(0.707106781186548,0.,0.707106781186548));
#1828=DIRECTION('center_axis',(6.16297582203915E-32,7.81439438064453E-34,
-1.));
#1829=DIRECTION('ref_axis',(-1.,4.81599236317908E-65,-6.16297582203915E-32));
#1830=DIRECTION('center_axis',(-0.70710678118655,1.3652977901598E-16,0.707106781186545));
#1831=DIRECTION('ref_axis',(0.707106781186545,0.,0.70710678118655));
#1832=DIRECTION('',(0.707106781186542,2.61682076447298E-15,0.707106781186553));
#1833=DIRECTION('',(1.930822651522E-16,1.,7.81439438064465E-34));
#1834=DIRECTION('',(-1.930822651522E-16,-1.,-7.81439438064465E-34));
#1835=DIRECTION('center_axis',(0.,0.,-1.));
#1836=DIRECTION('ref_axis',(-1.,2.31769632477993E-65,-2.96593211435634E-32));
#1837=DIRECTION('center_axis',(-6.16297582203915E-32,-7.81439438064453E-34,
1.));
#1838=DIRECTION('ref_axis',(-1.,0.,0.));
#1839=DIRECTION('center_axis',(6.16297582203915E-32,7.81439438064453E-34,
-1.));
#1840=DIRECTION('ref_axis',(-1.,4.81599236317908E-65,-6.16297582203915E-32));
#1841=DIRECTION('center_axis',(0.,0.,-1.));
#1842=DIRECTION('ref_axis',(1.,0.,0.));
#1843=DIRECTION('',(0.,0.,1.));
#1844=DIRECTION('center_axis',(0.,0.,-1.));
#1845=DIRECTION('ref_axis',(1.,0.,0.));
#1846=DIRECTION('',(0.,0.,1.));
#1847=DIRECTION('center_axis',(1.,-1.930822651522E-16,0.));
#1848=DIRECTION('ref_axis',(1.930822651522E-16,1.,0.));
#1849=DIRECTION('',(0.,0.,1.));
#1850=DIRECTION('',(1.930822651522E-16,1.,0.));
#1851=DIRECTION('center_axis',(0.,0.,1.));
#1852=DIRECTION('ref_axis',(1.,0.,0.));
#1853=DIRECTION('',(0.,0.,1.));
#1854=DIRECTION('center_axis',(0.,0.,1.));
#1855=DIRECTION('ref_axis',(1.,0.,0.));
#1856=DIRECTION('center_axis',(0.,-1.,0.));
#1857=DIRECTION('ref_axis',(1.,0.,0.));
#1858=DIRECTION('',(0.,0.,-1.));
#1859=DIRECTION('',(1.,0.,0.));
#1860=DIRECTION('',(-0.5,0.,-0.866025403784438));
#1861=DIRECTION('center_axis',(0.,1.,0.));
#1862=DIRECTION('ref_axis',(0.5,1.18639665992582E-13,-0.866025403784439));
#1863=DIRECTION('',(-1.,0.,0.));
#1864=DIRECTION('center_axis',(0.,1.,0.));
#1865=DIRECTION('ref_axis',(-0.5,-1.18639665992582E-13,-0.866025403784439));
#1866=DIRECTION('',(-0.5,0.,0.866025403784439));
#1867=DIRECTION('center_axis',(0.,1.,0.));
#1868=DIRECTION('ref_axis',(-1.,-2.37279331985165E-13,0.));
#1869=DIRECTION('',(0.5,0.,0.866025403784439));
#1870=DIRECTION('center_axis',(0.,1.,0.));
#1871=DIRECTION('ref_axis',(-0.499999999999999,-1.18639665992582E-13,0.866025403784439));
#1872=DIRECTION('',(1.,0.,0.));
#1873=DIRECTION('center_axis',(0.,1.,0.));
#1874=DIRECTION('ref_axis',(0.5,1.18639665992582E-13,0.866025403784439));
#1875=DIRECTION('',(0.5,0.,-0.866025403784439));
#1876=DIRECTION('center_axis',(0.,1.,0.));
#1877=DIRECTION('ref_axis',(1.,2.37279331985165E-13,0.));
#1878=DIRECTION('',(-0.5,0.,-0.866025403784438));
#1879=DIRECTION('center_axis',(0.,1.,0.));
#1880=DIRECTION('ref_axis',(0.5,-1.18639665992582E-13,-0.866025403784439));
#1881=DIRECTION('',(-1.,0.,0.));
#1882=DIRECTION('center_axis',(0.,1.,0.));
#1883=DIRECTION('ref_axis',(-0.5,1.18639665992582E-13,-0.866025403784439));
#1884=DIRECTION('',(-0.5,0.,0.866025403784438));
#1885=DIRECTION('center_axis',(0.,1.,0.));
#1886=DIRECTION('ref_axis',(-1.,2.37279331985165E-13,0.));
#1887=DIRECTION('',(0.5,0.,0.866025403784439));
#1888=DIRECTION('center_axis',(0.,1.,0.));
#1889=DIRECTION('ref_axis',(-0.5,1.18639665992582E-13,0.866025403784439));
#1890=DIRECTION('',(1.,0.,0.));
#1891=DIRECTION('center_axis',(0.,1.,0.));
#1892=DIRECTION('ref_axis',(0.499999999999999,-1.18639665992582E-13,0.866025403784439));
#1893=DIRECTION('',(0.5,0.,-0.866025403784439));
#1894=DIRECTION('center_axis',(0.,1.,0.));
#1895=DIRECTION('ref_axis',(1.,-2.37279331985165E-13,0.));
#1896=DIRECTION('center_axis',(-6.16297582203915E-32,-7.81439438064453E-34,
1.));
#1897=DIRECTION('ref_axis',(1.,0.,6.16297582203915E-32));
#1898=DIRECTION('center_axis',(6.16297582203915E-32,7.81439438064453E-34,
-1.));
#1899=DIRECTION('ref_axis',(-0.382011774582238,0.924157456324694,-2.28211202214926E-32));
#1900=DIRECTION('',(-0.683009196763263,-0.730409773440089,-4.26644626617376E-32));
#1901=DIRECTION('',(-0.974058017353029,0.226298428696018,-5.9854121585146E-32));
#1902=DIRECTION('center_axis',(6.16297582203915E-32,7.81439438064453E-34,
-1.));
#1903=DIRECTION('ref_axis',(-0.197369272189729,0.980329215312538,-1.13977526140556E-32));
#1904=DIRECTION('center_axis',(-6.16297582203915E-32,-7.81439438064453E-34,
1.));
#1905=DIRECTION('ref_axis',(0.122392456711618,0.992481781465078,8.31858192073403E-33));
#1906=DIRECTION('center_axis',(6.16297582203915E-32,7.81439438064453E-34,
-1.));
#1907=DIRECTION('ref_axis',(-0.654367619798612,-0.756176578689858,-4.09194243961704E-32));
#1908=DIRECTION('center_axis',(-6.16297582203915E-32,-7.81439438064453E-34,
1.));
#1909=DIRECTION('ref_axis',(0.654367589737577,0.75617660470358,4.09194225638443E-32));
#1910=DIRECTION('center_axis',(6.16297582203915E-32,7.81439438064453E-34,
-1.));
#1911=DIRECTION('ref_axis',(0.122392589927308,0.992481765036963,8.31859011794722E-33));
#1912=DIRECTION('center_axis',(-6.16297582203915E-32,-7.81439438064453E-34,
1.));
#1913=DIRECTION('ref_axis',(-0.12239245836501,-0.992481781261182,-8.31858202247285E-33));
#1914=DIRECTION('center_axis',(6.16297582203915E-32,7.81439438064453E-34,
-1.));
#1915=DIRECTION('ref_axis',(-0.196071754008025,0.980589550872441,-1.1317583445757E-32));
#1916=DIRECTION('center_axis',(-6.16297582203915E-32,-7.81439438064453E-34,
1.));
#1917=DIRECTION('ref_axis',(-0.654367586820221,-0.756176607228153,-4.09194223860211E-32));
#1918=DIRECTION('center_axis',(6.16297582203915E-32,7.81439438064453E-34,
-1.));
#1919=DIRECTION('ref_axis',(-0.122392592052955,-0.992481764774829,-8.31859024874549E-33));
#1920=DIRECTION('center_axis',(-6.16297582203915E-32,-7.81439438064453E-34,
1.));
#1921=DIRECTION('ref_axis',(0.122392456711618,0.992481781465078,8.31858192073403E-33));
#1922=DIRECTION('center_axis',(6.16297582203915E-32,7.81439438064453E-34,
-1.));
#1923=DIRECTION('ref_axis',(1.,0.,0.));
#1924=DIRECTION('center_axis',(-6.16297582203915E-32,7.81439438064453E-34,
1.));
#1925=DIRECTION('ref_axis',(1.,0.,0.));
#1926=DIRECTION('center_axis',(6.16297582203915E-32,-7.81439438064453E-34,
1.));
#1927=DIRECTION('ref_axis',(-1.,0.,0.));
#1928=DIRECTION('center_axis',(-6.16297582203915E-32,-7.81439438064453E-34,
-1.));
#1929=DIRECTION('ref_axis',(-1.,0.,0.));
#1930=DIRECTION('center_axis',(6.16297582203915E-32,7.81439438064453E-34,
-1.));
#1931=DIRECTION('ref_axis',(-1.,0.,0.));
#1932=DIRECTION('center_axis',(6.16297582203915E-32,-7.81439438064453E-34,
1.));
#1933=DIRECTION('ref_axis',(1.,0.,0.));
#1934=DIRECTION('center_axis',(0.,0.,-1.));
#1935=DIRECTION('ref_axis',(-1.,0.,0.));
#1936=DIRECTION('',(0.,0.,-1.));
#1937=DIRECTION('center_axis',(0.,0.,1.));
#1938=DIRECTION('ref_axis',(-1.,0.,0.));
#1939=DIRECTION('center_axis',(0.,0.,-1.));
#1940=DIRECTION('ref_axis',(-1.,0.,0.));
#1941=DIRECTION('',(0.,0.,-1.));
#1942=DIRECTION('center_axis',(0.,0.,1.));
#1943=DIRECTION('ref_axis',(-1.,0.,0.));
#1944=DIRECTION('center_axis',(0.,0.,1.));
#1945=DIRECTION('ref_axis',(1.,0.,0.));
#1946=DIRECTION('',(-1.930822651522E-16,-1.,0.));
#1947=DIRECTION('center_axis',(0.,0.,1.));
#1948=DIRECTION('ref_axis',(-1.,0.,0.));
#1949=DIRECTION('',(-1.,0.,0.));
#1950=DIRECTION('center_axis',(0.,0.,-1.));
#1951=DIRECTION('ref_axis',(1.,0.,0.));
#1952=DIRECTION('center_axis',(0.,0.,-1.));
#1953=DIRECTION('ref_axis',(1.,0.,0.));
#1954=DIRECTION('',(-0.707106781186548,-0.707106781186547,0.));
#1955=DIRECTION('',(0.707106781186547,-0.707106781186548,0.));
#1956=DIRECTION('',(0.707106781186514,0.707106781186581,0.));
#1957=DIRECTION('',(-0.707106781186548,0.707106781186547,0.));
#1958=DIRECTION('',(0.707106781186547,-0.707106781186548,0.));
#1959=DIRECTION('',(0.707106781186548,0.707106781186547,0.));
#1960=DIRECTION('',(-0.707106781186581,0.707106781186514,0.));
#1961=DIRECTION('',(-0.707106781186547,-0.707106781186548,0.));
#1962=DIRECTION('',(0.707106781186548,0.707106781186547,0.));
#1963=DIRECTION('',(-0.707106781186547,0.707106781186548,0.));
#1964=DIRECTION('',(-0.707106781186514,-0.707106781186581,0.));
#1965=DIRECTION('',(0.707106781186548,-0.707106781186547,0.));
#1966=DIRECTION('',(-0.707106781186547,0.707106781186548,0.));
#1967=DIRECTION('',(-0.707106781186548,-0.707106781186547,0.));
#1968=DIRECTION('',(0.707106781186581,-0.707106781186514,0.));
#1969=DIRECTION('',(0.707106781186547,0.707106781186548,0.));
#1970=DIRECTION('center_axis',(-1.,1.930822651522E-16,0.));
#1971=DIRECTION('ref_axis',(-1.930822651522E-16,-1.,0.));
#1972=DIRECTION('',(0.,0.,1.));
#1973=DIRECTION('center_axis',(0.,0.,1.));
#1974=DIRECTION('ref_axis',(-1.,0.,0.));
#1975=DIRECTION('',(0.,0.,1.));
#1976=DIRECTION('center_axis',(0.,1.,0.));
#1977=DIRECTION('ref_axis',(-1.,0.,0.));
#1978=DIRECTION('',(0.5,0.,0.866025403784438));
#1979=DIRECTION('center_axis',(0.,-1.,0.));
#1980=DIRECTION('ref_axis',(1.,-2.37279331985165E-13,0.));
#1981=DIRECTION('',(-0.5,0.,0.866025403784439));
#1982=DIRECTION('center_axis',(0.,-1.,0.));
#1983=DIRECTION('ref_axis',(0.499999999999999,-1.18639665992582E-13,0.866025403784439));
#1984=DIRECTION('',(-1.,0.,0.));
#1985=DIRECTION('center_axis',(0.,-1.,0.));
#1986=DIRECTION('ref_axis',(-0.5,1.18639665992582E-13,0.866025403784439));
#1987=DIRECTION('',(-0.5,0.,-0.866025403784439));
#1988=DIRECTION('center_axis',(0.,-1.,0.));
#1989=DIRECTION('ref_axis',(-1.,2.37279331985165E-13,0.));
#1990=DIRECTION('',(0.5,0.,-0.866025403784438));
#1991=DIRECTION('center_axis',(0.,-1.,0.));
#1992=DIRECTION('ref_axis',(-0.5,1.18639665992582E-13,-0.866025403784439));
#1993=DIRECTION('',(1.,0.,0.));
#1994=DIRECTION('center_axis',(0.,-1.,0.));
#1995=DIRECTION('ref_axis',(0.5,-1.18639665992582E-13,-0.866025403784439));
#1996=DIRECTION('',(0.5,0.,0.866025403784438));
#1997=DIRECTION('center_axis',(0.,-1.,0.));
#1998=DIRECTION('ref_axis',(1.,2.37279331985165E-13,0.));
#1999=DIRECTION('',(-0.5,0.,0.866025403784439));
#2000=DIRECTION('center_axis',(0.,-1.,0.));
#2001=DIRECTION('ref_axis',(0.5,1.18639665992582E-13,0.866025403784439));
#2002=DIRECTION('',(-1.,0.,0.));
#2003=DIRECTION('center_axis',(0.,-1.,0.));
#2004=DIRECTION('ref_axis',(-0.499999999999999,-1.18639665992582E-13,0.866025403784439));
#2005=DIRECTION('',(-0.5,0.,-0.866025403784439));
#2006=DIRECTION('center_axis',(0.,-1.,0.));
#2007=DIRECTION('ref_axis',(-1.,-2.37279331985165E-13,0.));
#2008=DIRECTION('',(0.5,0.,-0.866025403784439));
#2009=DIRECTION('center_axis',(0.,-1.,0.));
#2010=DIRECTION('ref_axis',(-0.5,-1.18639665992582E-13,-0.866025403784439));
#2011=DIRECTION('',(1.,0.,0.));
#2012=DIRECTION('center_axis',(0.,-1.,0.));
#2013=DIRECTION('ref_axis',(0.5,1.18639665992582E-13,-0.866025403784439));
#2014=DIRECTION('center_axis',(0.,0.,-1.));
#2015=DIRECTION('ref_axis',(1.,0.,0.));
#2016=DIRECTION('',(0.,0.,-1.));
#2017=DIRECTION('center_axis',(0.,0.,-1.));
#2018=DIRECTION('ref_axis',(1.,0.,0.));
#2019=DIRECTION('center_axis',(0.,0.,-1.));
#2020=DIRECTION('ref_axis',(1.,0.,0.));
#2021=DIRECTION('center_axis',(0.,0.,1.));
#2022=DIRECTION('ref_axis',(-1.,0.,0.));
#2023=DIRECTION('center_axis',(0.,0.,-1.));
#2024=DIRECTION('ref_axis',(-1.,0.,0.));
#2025=DIRECTION('',(0.,0.,1.));
#2026=DIRECTION('center_axis',(-6.16297582203915E-32,-7.81439438064453E-34,
1.));
#2027=DIRECTION('ref_axis',(-1.,4.81599236317908E-65,-6.16297582203915E-32));
#2028=DIRECTION('center_axis',(0.,0.,1.));
#2029=DIRECTION('ref_axis',(-0.654367586820221,-0.756176607228153,0.));
#2030=DIRECTION('',(0.,0.,1.));
#2031=DIRECTION('center_axis',(6.16297582203915E-32,7.81439438064453E-34,
-1.));
#2032=DIRECTION('ref_axis',(-0.654367586820221,-0.756176607228153,-4.09194223860211E-32));
#2033=DIRECTION('',(0.,0.,1.));
#2034=DIRECTION('center_axis',(0.,0.,1.));
#2035=DIRECTION('ref_axis',(1.,-4.72763372101018E-9,0.));
#2036=DIRECTION('center_axis',(-6.16297582203915E-32,-7.81439438064453E-34,
1.));
#2037=DIRECTION('ref_axis',(-0.122392592052955,-0.992481764774829,-8.31859024874549E-33));
#2038=DIRECTION('',(0.,0.,1.));
#2039=DIRECTION('center_axis',(0.,0.,1.));
#2040=DIRECTION('ref_axis',(-0.654367619798612,-0.756176578689858,0.));
#2041=DIRECTION('',(0.,0.,1.));
#2042=DIRECTION('center_axis',(-6.16297582203915E-32,-7.81439438064453E-34,
1.));
#2043=DIRECTION('ref_axis',(-0.654367619798612,-0.756176578689858,-4.09194243961704E-32));
#2044=DIRECTION('',(0.,0.,1.));
#2045=DIRECTION('center_axis',(0.,0.,1.));
#2046=DIRECTION('ref_axis',(0.654367589737577,0.75617660470358,0.));
#2047=DIRECTION('center_axis',(6.16297582203915E-32,7.81439438064453E-34,
-1.));
#2048=DIRECTION('ref_axis',(0.654367589737577,0.75617660470358,4.09194225638443E-32));
#2049=DIRECTION('',(0.,0.,1.));
#2050=DIRECTION('center_axis',(0.,0.,1.));
#2051=DIRECTION('ref_axis',(-1.,1.05440384598079E-9,0.));
#2052=DIRECTION('center_axis',(-6.16297582203915E-32,-7.81439438064453E-34,
1.));
#2053=DIRECTION('ref_axis',(0.122392589927308,0.992481765036963,8.31859011794722E-33));
#2054=DIRECTION('',(0.,0.,1.));
#2055=DIRECTION('center_axis',(0.,0.,1.));
#2056=DIRECTION('ref_axis',(-0.12239245836501,-0.992481781261182,0.));
#2057=DIRECTION('center_axis',(6.16297582203915E-32,7.81439438064453E-34,
-1.));
#2058=DIRECTION('ref_axis',(-0.12239245836501,-0.992481781261182,-8.31858202247285E-33));
#2059=DIRECTION('',(0.,0.,1.));
#2060=DIRECTION('center_axis',(0.,0.,1.));
#2061=DIRECTION('ref_axis',(0.654367621986694,0.756176576796372,0.));
#2062=DIRECTION('center_axis',(-6.16297582203915E-32,-7.81439438064453E-34,
1.));
#2063=DIRECTION('ref_axis',(-0.196071754008025,0.980589550872441,-1.1317583445757E-32));
#2064=DIRECTION('center_axis',(6.16297582203915E-32,7.81439438064453E-34,
-1.));
#2065=DIRECTION('ref_axis',(-1.,0.,-6.16297582203915E-32));
#2066=DIRECTION('center_axis',(6.16297582203915E-32,7.81439438064453E-34,
-1.));
#2067=DIRECTION('ref_axis',(0.122392456711618,0.992481781465078,8.31858192073403E-33));
#2068=DIRECTION('center_axis',(6.16297582203915E-32,7.81439438064453E-34,
-1.));
#2069=DIRECTION('ref_axis',(-0.197369272189729,0.980329215312538,-1.13977526140556E-32));
#2070=DIRECTION('',(-0.974058017353029,0.226298428696018,9.94862965749723E-48));
#2071=DIRECTION('',(-0.683009196763263,-0.730409773440089,-4.79172650836352E-48));
#2072=DIRECTION('center_axis',(6.16297582203915E-32,7.81439438064453E-34,
-1.));
#2073=DIRECTION('ref_axis',(-0.382011774582238,0.924157456324694,-2.28211202214926E-32));
#2074=DIRECTION('center_axis',(6.16297582203915E-32,7.81439438064453E-34,
-1.));
#2075=DIRECTION('ref_axis',(0.122392456711618,0.992481781465078,8.31858192073403E-33));
#2076=DIRECTION('center_axis',(0.,0.,-1.));
#2077=DIRECTION('ref_axis',(-1.,0.,0.));
#2078=DIRECTION('',(0.707106781186547,0.707106781186548,0.));
#2079=DIRECTION('',(0.707106781186581,-0.707106781186514,0.));
#2080=DIRECTION('',(-0.707106781186548,-0.707106781186547,0.));
#2081=DIRECTION('',(-0.707106781186547,0.707106781186548,0.));
#2082=DIRECTION('center_axis',(-0.707106781186547,0.707106781186548,0.));
#2083=DIRECTION('ref_axis',(-0.707106781186548,-0.707106781186547,0.));
#2084=DIRECTION('',(0.,0.,1.));
#2085=DIRECTION('',(0.,0.,1.));
#2086=DIRECTION('center_axis',(-0.707106781186514,-0.707106781186581,0.));
#2087=DIRECTION('ref_axis',(0.707106781186581,-0.707106781186514,0.));
#2088=DIRECTION('',(0.,0.,1.));
#2089=DIRECTION('center_axis',(0.707106781186548,-0.707106781186547,0.));
#2090=DIRECTION('ref_axis',(0.707106781186547,0.707106781186548,0.));
#2091=DIRECTION('',(0.,0.,1.));
#2092=DIRECTION('center_axis',(0.707106781186548,0.707106781186547,0.));
#2093=DIRECTION('ref_axis',(-0.707106781186547,0.707106781186548,0.));
#2094=DIRECTION('center_axis',(0.,0.,-1.));
#2095=DIRECTION('ref_axis',(-1.,0.,0.));
#2096=DIRECTION('',(0.707106781186548,-0.707106781186547,0.));
#2097=DIRECTION('',(-0.707106781186514,-0.707106781186581,0.));
#2098=DIRECTION('',(-0.707106781186547,0.707106781186548,0.));
#2099=DIRECTION('',(0.707106781186548,0.707106781186547,0.));
#2100=DIRECTION('center_axis',(0.707106781186548,0.707106781186547,0.));
#2101=DIRECTION('ref_axis',(-0.707106781186547,0.707106781186548,0.));
#2102=DIRECTION('',(0.,0.,1.));
#2103=DIRECTION('',(0.,0.,1.));
#2104=DIRECTION('center_axis',(-0.707106781186581,0.707106781186514,0.));
#2105=DIRECTION('ref_axis',(-0.707106781186514,-0.707106781186581,0.));
#2106=DIRECTION('',(0.,0.,1.));
#2107=DIRECTION('center_axis',(-0.707106781186547,-0.707106781186548,0.));
#2108=DIRECTION('ref_axis',(0.707106781186548,-0.707106781186547,0.));
#2109=DIRECTION('',(0.,0.,1.));
#2110=DIRECTION('center_axis',(0.707106781186547,-0.707106781186548,0.));
#2111=DIRECTION('ref_axis',(0.707106781186548,0.707106781186547,0.));
#2112=DIRECTION('center_axis',(0.,0.,-1.));
#2113=DIRECTION('ref_axis',(-1.,0.,0.));
#2114=DIRECTION('',(-0.707106781186547,-0.707106781186548,0.));
#2115=DIRECTION('',(-0.707106781186581,0.707106781186514,0.));
#2116=DIRECTION('',(0.707106781186548,0.707106781186547,0.));
#2117=DIRECTION('',(0.707106781186547,-0.707106781186548,0.));
#2118=DIRECTION('center_axis',(0.707106781186547,-0.707106781186548,0.));
#2119=DIRECTION('ref_axis',(0.707106781186548,0.707106781186547,0.));
#2120=DIRECTION('',(0.,0.,1.));
#2121=DIRECTION('',(0.,0.,1.));
#2122=DIRECTION('center_axis',(0.707106781186514,0.707106781186581,0.));
#2123=DIRECTION('ref_axis',(-0.707106781186581,0.707106781186514,0.));
#2124=DIRECTION('',(0.,0.,1.));
#2125=DIRECTION('center_axis',(-0.707106781186548,0.707106781186547,0.));
#2126=DIRECTION('ref_axis',(-0.707106781186547,-0.707106781186548,0.));
#2127=DIRECTION('',(0.,0.,1.));
#2128=DIRECTION('center_axis',(-0.707106781186548,-0.707106781186547,0.));
#2129=DIRECTION('ref_axis',(0.707106781186547,-0.707106781186548,0.));
#2130=DIRECTION('center_axis',(0.,0.,-1.));
#2131=DIRECTION('ref_axis',(-1.,0.,0.));
#2132=DIRECTION('',(-0.707106781186548,0.707106781186547,0.));
#2133=DIRECTION('',(0.707106781186514,0.707106781186581,0.));
#2134=DIRECTION('',(0.707106781186547,-0.707106781186548,0.));
#2135=DIRECTION('',(-0.707106781186548,-0.707106781186547,0.));
#2136=DIRECTION('center_axis',(-0.707106781186548,-0.707106781186547,0.));
#2137=DIRECTION('ref_axis',(0.707106781186547,-0.707106781186548,0.));
#2138=DIRECTION('',(0.,0.,1.));
#2139=DIRECTION('',(0.,0.,1.));
#2140=DIRECTION('center_axis',(0.707106781186581,-0.707106781186514,0.));
#2141=DIRECTION('ref_axis',(0.707106781186514,0.707106781186581,0.));
#2142=DIRECTION('',(0.,0.,1.));
#2143=DIRECTION('center_axis',(0.707106781186547,0.707106781186548,0.));
#2144=DIRECTION('ref_axis',(-0.707106781186548,0.707106781186547,0.));
#2145=DIRECTION('',(0.,0.,1.));
#2146=DIRECTION('center_axis',(-0.707106781186547,0.707106781186548,0.));
#2147=DIRECTION('ref_axis',(-0.707106781186548,-0.707106781186547,0.));
#2148=DIRECTION('center_axis',(0.,0.,1.));
#2149=DIRECTION('ref_axis',(1.,0.,0.));
#2150=DIRECTION('center_axis',(0.,0.,1.));
#2151=DIRECTION('ref_axis',(1.,0.,0.));
#2152=DIRECTION('',(0.,0.,1.));
#2153=DIRECTION('center_axis',(0.,0.,-1.));
#2154=DIRECTION('ref_axis',(1.,0.,0.));
#2155=DIRECTION('center_axis',(0.,0.,-1.));
#2156=DIRECTION('ref_axis',(1.,0.,0.));
#2157=DIRECTION('',(-0.422885465331124,5.178853315237E-17,-0.906183139995266));
#2158=DIRECTION('center_axis',(0.,0.,1.));
#2159=DIRECTION('ref_axis',(0.122392456711618,0.992481781465078,0.));
#2160=DIRECTION('',(0.,0.,-1.));
#2161=DIRECTION('center_axis',(-0.226298428696018,-0.974058017353029,0.));
#2162=DIRECTION('ref_axis',(-0.974058017353029,0.226298428696018,9.94862965749723E-48));
#2163=DIRECTION('',(0.,0.,-1.));
#2164=DIRECTION('',(0.,0.,-1.));
#2165=DIRECTION('center_axis',(0.,0.,1.));
#2166=DIRECTION('ref_axis',(0.122392456711618,0.992481781465078,0.));
#2167=DIRECTION('',(0.,0.,1.));
#2168=DIRECTION('center_axis',(0.,0.,-1.));
#2169=DIRECTION('ref_axis',(-0.197369272189729,0.980329215312538,0.));
#2170=DIRECTION('center_axis',(0.730409773440089,-0.683009196763263,0.));
#2171=DIRECTION('ref_axis',(-0.683009196763263,-0.730409773440089,-4.79172650836352E-48));
#2172=DIRECTION('',(0.,0.,1.));
#2173=DIRECTION('center_axis',(0.,0.,1.));
#2174=DIRECTION('ref_axis',(-0.382011774582238,0.924157456324694,0.));
#2175=DIRECTION('center_axis',(0.,0.,-1.));
#2176=DIRECTION('ref_axis',(-1.,0.,0.));
#2177=DIRECTION('center_axis',(2.37279331985165E-13,-1.,0.));
#2178=DIRECTION('ref_axis',(-0.5,-1.18639665992582E-13,-0.866025403784439));
#2179=DIRECTION('',(2.37279331985165E-13,-1.,0.));
#2180=DIRECTION('',(-2.37279331985165E-13,1.,0.));
#2181=DIRECTION('center_axis',(0.866025403784439,2.05489929292155E-13,0.5));
#2182=DIRECTION('ref_axis',(-0.5,-1.18624489907014E-13,0.866025403784439));
#2183=DIRECTION('',(-2.37279331985165E-13,1.,2.52435489670724E-29));
#2184=DIRECTION('center_axis',(2.37279331985165E-13,-1.,0.));
#2185=DIRECTION('ref_axis',(-1.,-2.37279331985165E-13,0.));
#2186=DIRECTION('',(0.,-1.,0.));
#2187=DIRECTION('center_axis',(0.866025403784439,2.05489929292155E-13,-0.5));
#2188=DIRECTION('ref_axis',(0.5,1.18624489907014E-13,0.866025403784439));
#2189=DIRECTION('',(2.65603594407984E-16,1.,0.));
#2190=DIRECTION('center_axis',(2.37279331985165E-13,-1.,0.));
#2191=DIRECTION('ref_axis',(0.5,1.18639665992582E-13,0.866025403784439));
#2192=DIRECTION('',(2.37279331985165E-13,-1.,0.));
#2193=DIRECTION('',(-2.37279331985165E-13,1.,0.));
#2194=DIRECTION('center_axis',(-0.866025403784439,-2.05489929292155E-13,
-0.5));
#2195=DIRECTION('ref_axis',(0.5,1.18624489907014E-13,-0.866025403784439));
#2196=DIRECTION('',(-2.37279331985165E-13,1.,0.));
#2197=DIRECTION('center_axis',(2.37279331985165E-13,-1.,0.));
#2198=DIRECTION('ref_axis',(-0.499999999999999,-1.18639665992582E-13,0.866025403784439));
#2199=DIRECTION('',(2.37279331985165E-13,-1.,0.));
#2200=DIRECTION('center_axis',(0.,0.,-1.));
#2201=DIRECTION('ref_axis',(1.,2.37248979814029E-13,0.));
#2202=DIRECTION('center_axis',(2.37279331985165E-13,-1.,0.));
#2203=DIRECTION('ref_axis',(1.,2.37279331985165E-13,0.));
#2204=DIRECTION('',(2.37279331985165E-13,-1.,0.));
#2205=DIRECTION('center_axis',(-0.866025403784438,-2.05489929292155E-13,
0.5));
#2206=DIRECTION('ref_axis',(-0.5,-1.18624489907014E-13,-0.866025403784438));
#2207=DIRECTION('',(-2.37279331985165E-13,1.,0.));
#2208=DIRECTION('center_axis',(2.37279331985165E-13,-1.,0.));
#2209=DIRECTION('ref_axis',(0.5,1.18639665992582E-13,-0.866025403784439));
#2210=DIRECTION('',(2.37279331985165E-13,-1.,0.));
#2211=DIRECTION('center_axis',(0.,0.,1.));
#2212=DIRECTION('ref_axis',(-1.,-2.37248979814029E-13,0.));
#2213=DIRECTION('center_axis',(-2.37279331985165E-13,-1.,0.));
#2214=DIRECTION('ref_axis',(0.5,-1.18639665992582E-13,-0.866025403784439));
#2215=DIRECTION('',(-2.37279331985165E-13,-1.,0.));
#2216=DIRECTION('',(2.37279331985165E-13,1.,0.));
#2217=DIRECTION('center_axis',(0.,0.,-1.));
#2218=DIRECTION('ref_axis',(1.,-2.37248979814029E-13,0.));
#2219=DIRECTION('',(2.37279331985165E-13,1.,0.));
#2220=DIRECTION('center_axis',(-2.37279331985165E-13,-1.,0.));
#2221=DIRECTION('ref_axis',(1.,-2.37279331985165E-13,0.));
#2222=DIRECTION('',(-2.37279331985165E-13,-1.,-2.52435489670724E-29));
#2223=DIRECTION('',(2.65603594407984E-16,1.,0.));
#2224=DIRECTION('center_axis',(0.866025403784439,-2.05489929292155E-13,
-0.5));
#2225=DIRECTION('ref_axis',(0.5,-1.18624489907014E-13,0.866025403784439));
#2226=DIRECTION('center_axis',(-2.37279331985165E-13,-1.,0.));
#2227=DIRECTION('ref_axis',(-0.5,1.18639665992582E-13,0.866025403784439));
#2228=DIRECTION('',(-2.37279331985165E-13,-1.,0.));
#2229=DIRECTION('',(2.37279331985165E-13,1.,0.));
#2230=DIRECTION('center_axis',(0.,0.,1.));
#2231=DIRECTION('ref_axis',(-1.,2.37248979814029E-13,0.));
#2232=DIRECTION('',(2.37279331985165E-13,1.,0.));
#2233=DIRECTION('center_axis',(-2.37279331985165E-13,-1.,0.));
#2234=DIRECTION('ref_axis',(0.499999999999999,-1.18639665992582E-13,0.866025403784439));
#2235=DIRECTION('',(0.,-1.,0.));
#2236=DIRECTION('center_axis',(0.866025403784439,-2.05489929292155E-13,
0.5));
#2237=DIRECTION('ref_axis',(-0.5,1.18624489907014E-13,0.866025403784439));
#2238=DIRECTION('center_axis',(-2.37279331985165E-13,-1.,0.));
#2239=DIRECTION('ref_axis',(-1.,2.37279331985165E-13,0.));
#2240=DIRECTION('',(-2.37279331985165E-13,-1.,0.));
#2241=DIRECTION('',(2.37279331985165E-13,1.,0.));
#2242=DIRECTION('center_axis',(-0.866025403784439,2.05489929292155E-13,
0.5));
#2243=DIRECTION('ref_axis',(-0.5,1.18624489907014E-13,-0.866025403784439));
#2244=DIRECTION('center_axis',(-2.37279331985165E-13,-1.,0.));
#2245=DIRECTION('ref_axis',(-0.5,1.18639665992582E-13,-0.866025403784439));
#2246=DIRECTION('',(-2.37279331985165E-13,-1.,0.));
#2247=DIRECTION('center_axis',(-0.866025403784438,2.05489929292155E-13,
-0.5));
#2248=DIRECTION('ref_axis',(0.5,-1.18624489907014E-13,-0.866025403784438));
#2249=DIRECTION('center_axis',(0.,0.,1.));
#2250=DIRECTION('ref_axis',(1.,0.,0.));
#2251=DIRECTION('',(0.,0.,-1.));
#2252=DIRECTION('center_axis',(0.,0.,1.));
#2253=DIRECTION('ref_axis',(1.,0.,0.));
#2254=DIRECTION('center_axis',(0.,0.,1.));
#2255=DIRECTION('ref_axis',(1.,0.,0.));
#2256=DIRECTION('center_axis',(0.,0.,1.));
#2257=DIRECTION('ref_axis',(-1.,0.,0.));
#2258=DIRECTION('',(0.,0.,-1.));
#2259=DIRECTION('center_axis',(0.,0.,1.));
#2260=DIRECTION('ref_axis',(-1.,0.,0.));
#2261=DIRECTION('center_axis',(0.,0.,1.));
#2262=DIRECTION('ref_axis',(-1.,0.,0.));
#2263=DIRECTION('center_axis',(0.,0.,-1.));
#2264=DIRECTION('ref_axis',(-1.,0.,0.));
#2265=DIRECTION('',(0.,0.,-1.));
#2266=DIRECTION('center_axis',(0.,0.,-1.));
#2267=DIRECTION('ref_axis',(-1.,0.,0.));
#2268=DIRECTION('center_axis',(0.,0.,-1.));
#2269=DIRECTION('ref_axis',(-1.,0.,0.));
#2270=DIRECTION('center_axis',(0.,0.,1.));
#2271=DIRECTION('ref_axis',(1.,0.,0.));
#2272=DIRECTION('',(0.,0.,-1.));
#2273=CARTESIAN_POINT('',(0.,0.,0.));
#2274=CARTESIAN_POINT('Origin',(-6.22500000000001,-9.85000000000002,13.95));
#2275=CARTESIAN_POINT('',(12.55,-10.,13.8));
#2276=CARTESIAN_POINT('',(12.55,-9.70000000000002,14.1));
#2277=CARTESIAN_POINT('',(12.55,-10.,13.8));
#2278=CARTESIAN_POINT('',(-12.55,-9.70000000000002,14.1));
#2279=CARTESIAN_POINT('',(-6.22500000000001,-9.70000000000002,14.1));
#2280=CARTESIAN_POINT('',(-12.55,-10.,13.8));
#2281=CARTESIAN_POINT('',(-12.55,-9.70000000000002,14.1));
#2282=CARTESIAN_POINT('',(-6.22500000000001,-10.,13.8));
#2283=CARTESIAN_POINT('Origin',(12.55,-5.849994624681,13.95));
#2284=CARTESIAN_POINT('',(16.7,-5.849994624681,13.8));
#2285=CARTESIAN_POINT('Origin',(12.55,-5.849994624681,13.8));
#2286=CARTESIAN_POINT('',(16.4,-5.849994624681,14.1));
#2287=CARTESIAN_POINT('',(16.7,-5.849994624681,13.8));
#2288=CARTESIAN_POINT('Origin',(12.55,-5.849994624681,14.1));
#2289=CARTESIAN_POINT('Origin',(16.55,-2.8750348796327,13.95));
#2290=CARTESIAN_POINT('',(16.7,5.849994624681,13.8));
#2291=CARTESIAN_POINT('',(16.4,5.84999462468099,14.1));
#2292=CARTESIAN_POINT('',(16.7,5.849994624681,13.8));
#2293=CARTESIAN_POINT('',(16.4,-2.8750348796327,14.1));
#2294=CARTESIAN_POINT('',(16.7,-2.8750348796327,13.8));
#2295=CARTESIAN_POINT('Origin',(12.55,5.849994624681,13.95));
#2296=CARTESIAN_POINT('',(12.55,9.999994624681,13.8));
#2297=CARTESIAN_POINT('',(12.55,9.699994624681,14.1));
#2298=CARTESIAN_POINT('',(12.55,9.999994624681,13.8));
#2299=CARTESIAN_POINT('Origin',(12.55,5.849994624681,14.1));
#2300=CARTESIAN_POINT('Origin',(12.55,5.849994624681,13.8));
#2301=CARTESIAN_POINT('Origin',(6.22499912546654,9.849994624681,13.95));
#2302=CARTESIAN_POINT('',(-12.55,9.999994624681,13.8));
#2303=CARTESIAN_POINT('',(-12.55,9.699994624681,14.1));
#2304=CARTESIAN_POINT('',(-12.55,9.999994624681,13.8));
#2305=CARTESIAN_POINT('',(6.22499912546654,9.699994624681,14.1));
#2306=CARTESIAN_POINT('',(6.22499912546654,9.999994624681,13.8));
#2307=CARTESIAN_POINT('Origin',(-12.55,5.849994624681,13.95));
#2308=CARTESIAN_POINT('',(-16.7,5.849994624681,13.8));
#2309=CARTESIAN_POINT('Origin',(-12.55,5.849994624681,13.8));
#2310=CARTESIAN_POINT('',(-16.4,5.849994624681,14.1));
#2311=CARTESIAN_POINT('',(-16.7,5.849994624681,13.8));
#2312=CARTESIAN_POINT('Origin',(-12.55,5.849994624681,14.1));
#2313=CARTESIAN_POINT('Origin',(-16.55,2.87496512036734,13.95));
#2314=CARTESIAN_POINT('',(-16.7,-5.849994624681,13.8));
#2315=CARTESIAN_POINT('',(-16.4,-5.84999462468099,14.1));
#2316=CARTESIAN_POINT('',(-16.7,-5.849994624681,13.8));
#2317=CARTESIAN_POINT('',(-16.4,2.87496512036734,14.1));
#2318=CARTESIAN_POINT('',(-16.7,2.87496512036734,13.8));
#2319=CARTESIAN_POINT('Origin',(-12.55,-5.849994624681,13.95));
#2320=CARTESIAN_POINT('Origin',(-12.55,-5.849994624681,13.8));
#2321=CARTESIAN_POINT('Origin',(-12.55,-5.849994624681,14.1));
#2322=CARTESIAN_POINT('Origin',(12.55,5.849994624681,14.1));
#2323=CARTESIAN_POINT('',(16.7,5.849994624681,0.));
#2324=CARTESIAN_POINT('',(16.7,5.849994624681,14.1));
#2325=CARTESIAN_POINT('',(12.55,9.999994624681,0.));
#2326=CARTESIAN_POINT('Origin',(12.55,5.849994624681,0.));
#2327=CARTESIAN_POINT('',(12.55,9.999994624681,14.1));
#2328=CARTESIAN_POINT('Origin',(16.7,-5.75000000000004,1.11022302462516E-15));
#2329=CARTESIAN_POINT('',(16.7,-5.849994624681,0.));
#2330=CARTESIAN_POINT('',(16.7,-5.849994624681,14.1));
#2331=CARTESIAN_POINT('',(16.7,-5.75000000000004,1.11022302462516E-15));
#2332=CARTESIAN_POINT('Origin',(12.55,-5.849994624681,14.1));
#2333=CARTESIAN_POINT('',(12.55,-9.999994624681,0.));
#2334=CARTESIAN_POINT('',(12.55,-10.,14.1));
#2335=CARTESIAN_POINT('Origin',(12.55,-5.849994624681,0.));
#2336=CARTESIAN_POINT('Origin',(-12.45,-10.,1.11022302462516E-15));
#2337=CARTESIAN_POINT('',(-12.55,-9.999994624681,0.));
#2338=CARTESIAN_POINT('',(-12.55,-10.,14.1));
#2339=CARTESIAN_POINT('',(-12.45,-10.,1.11022302462516E-15));
#2340=CARTESIAN_POINT('',(-6.41328675972442,-10.,4.54979197275435));
#2341=CARTESIAN_POINT('',(-6.99063702891404,-10.,3.54979197275435));
#2342=CARTESIAN_POINT('',(-8.15293477234382,-10.,1.53663322761134));
#2343=CARTESIAN_POINT('',(-7.42364973080626,-10.,3.29979197275435));
#2344=CARTESIAN_POINT('Origin',(-7.42364973080602,-9.99999999999883,3.79979197275435));
#2345=CARTESIAN_POINT('',(-8.57835026918551,-10.,3.29979197275435));
#2346=CARTESIAN_POINT('',(-9.93682486540314,-10.,3.29979197275435));
#2347=CARTESIAN_POINT('',(-9.01136297107774,-10.,3.54979197275435));
#2348=CARTESIAN_POINT('Origin',(-8.57835026918528,-9.9999999999991,3.79979197275435));
#2349=CARTESIAN_POINT('',(-9.58871324026736,-10.,4.54979197275435));
#2350=CARTESIAN_POINT('',(-8.67264009305419,-10.,2.9631067383316));
#2351=CARTESIAN_POINT('',(-9.58871324026736,-10.,5.04979197275436));
#2352=CARTESIAN_POINT('Origin',(-9.1557005383749,-9.99999999999924,4.79979197275436));
#2353=CARTESIAN_POINT('',(-9.01136297107774,-10.,6.04979197275435));
#2354=CARTESIAN_POINT('',(-11.0396861182919,-10.,2.53663322761134));
#2355=CARTESIAN_POINT('',(-8.57835026918552,-10.,6.29979197275436));
#2356=CARTESIAN_POINT('Origin',(-8.57835026918528,-9.9999999999991,5.79979197275436));
#2357=CARTESIAN_POINT('',(-7.42364973080626,-10.,6.29979197275436));
#2358=CARTESIAN_POINT('',(-10.5141751345928,-10.,6.29979197275436));
#2359=CARTESIAN_POINT('',(-6.99063702891404,-10.,6.04979197275435));
#2360=CARTESIAN_POINT('Origin',(-7.42364973080602,-9.99999999999883,5.79979197275436));
#2361=CARTESIAN_POINT('',(-6.41328675972442,-10.,5.04979197275436));
#2362=CARTESIAN_POINT('',(-6.36323901629568,-10.,4.9631067383316));
#2363=CARTESIAN_POINT('Origin',(-6.8462994616164,-9.99999999999869,4.79979197275435));
#2364=CARTESIAN_POINT('',(9.58871324026736,-10.,4.54979197275435));
#2365=CARTESIAN_POINT('',(9.01136297107774,-10.,3.54979197275435));
#2366=CARTESIAN_POINT('',(5.84881522764898,-10.,-1.92790140022653));
#2367=CARTESIAN_POINT('',(8.57835026918552,-10.,3.29979197275435));
#2368=CARTESIAN_POINT('Origin',(8.57835026918528,-10.000000000005,3.79979197275435));
#2369=CARTESIAN_POINT('',(7.42364973080626,-10.,3.29979197275435));
#2370=CARTESIAN_POINT('',(-1.93582486540724,-10.,3.29979197275435));
#2371=CARTESIAN_POINT('',(6.99063702891404,-10.,3.54979197275435));
#2372=CARTESIAN_POINT('Origin',(7.42364973080602,-10.0000000000047,3.79979197275436));
#2373=CARTESIAN_POINT('',(6.41328675972442,-10.,4.54979197275435));
#2374=CARTESIAN_POINT('',(5.32910990693862,-10.,6.42764136616948));
#2375=CARTESIAN_POINT('',(6.41328675972442,-10.,5.04979197275436));
#2376=CARTESIAN_POINT('Origin',(6.8462994616164,-10.0000000000046,4.79979197275435));
#2377=CARTESIAN_POINT('',(6.99063702891404,-10.,6.04979197275435));
#2378=CARTESIAN_POINT('',(2.96206388170086,-10.,-0.927901400226521));
#2379=CARTESIAN_POINT('',(7.42364973080626,-10.,6.29979197275436));
#2380=CARTESIAN_POINT('Origin',(7.42364973080602,-10.0000000000047,5.79979197275436));
#2381=CARTESIAN_POINT('',(8.57835026918552,-10.,6.29979197275436));
#2382=CARTESIAN_POINT('',(-2.51317513459687,-10.,6.29979197275436));
#2383=CARTESIAN_POINT('',(9.01136297107774,-10.,6.04979197275435));
#2384=CARTESIAN_POINT('Origin',(8.57835026918528,-10.000000000005,5.79979197275436));
#2385=CARTESIAN_POINT('',(9.58871324026736,-10.,5.04979197275436));
#2386=CARTESIAN_POINT('',(7.63851098369714,-10.,8.42764136616947));
#2387=CARTESIAN_POINT('Origin',(9.1557005383749,-10.0000000000052,4.79979197275436));
#2388=CARTESIAN_POINT('Origin',(-1.11022302462516E-15,-6.97592653520207E-5,
14.1));
#2389=CARTESIAN_POINT('',(6.2628457712135,-3.75898575130798,14.1));
#2390=CARTESIAN_POINT('',(7.02822573666542,-3.44260659229024,14.1));
#2391=CARTESIAN_POINT('Origin',(6.99325554465359,-4.44199494807124,14.1));
#2392=CARTESIAN_POINT('',(5.76192546969329,-4.29466972991147,14.1));
#2393=CARTESIAN_POINT('',(5.88352509505536,-4.16463113711943,14.1));
#2394=CARTESIAN_POINT('',(5.04754938506235,-4.12870201282485,14.1));
#2395=CARTESIAN_POINT('',(2.55517504737429,-3.5496601217948,14.1));
#2396=CARTESIAN_POINT('',(4.23564840886788,-4.29216169785581,14.1));
#2397=CARTESIAN_POINT('Origin',(4.82125095636633,-5.10276003017788,14.1));
#2398=CARTESIAN_POINT('',(3.92620576417848,-4.53705943286307,14.1));
#2399=CARTESIAN_POINT('Origin',(6.87085987261211,-7.9398541933068,14.1));
#2400=CARTESIAN_POINT('',(-3.92620571879168,-4.53705947213915,14.1));
#2401=CARTESIAN_POINT('Origin',(7.28485439410624E-17,6.93889390390723E-17,
14.1));
#2402=CARTESIAN_POINT('',(-7.42162594257974,-3.47368617853274,14.1));
#2403=CARTESIAN_POINT('Origin',(-6.87085987261211,-7.93985419330681,14.1));
#2404=CARTESIAN_POINT('',(-7.42162593525441,3.47368617762938,14.1));
#2405=CARTESIAN_POINT('Origin',(-7.84999999999998,-9.63370230598266E-16,
14.1));
#2406=CARTESIAN_POINT('',(-3.9262060643046,4.53705917314493,14.1));
#2407=CARTESIAN_POINT('Origin',(-6.87085987261175,7.9398541933056,14.1));
#2408=CARTESIAN_POINT('',(3.92620573192016,4.53705946077824,14.1));
#2409=CARTESIAN_POINT('Origin',(7.28485439410624E-17,6.93889390390723E-17,
14.1));
#2410=CARTESIAN_POINT('',(7.42162596065927,3.4736861807623,14.1));
#2411=CARTESIAN_POINT('Origin',(6.87085987261175,7.93985419330562,14.1));
#2412=CARTESIAN_POINT('',(7.42162592781464,-3.47368617671191,14.1));
#2413=CARTESIAN_POINT('Origin',(7.84999999999999,1.10190423602861E-15,14.1));
#2414=CARTESIAN_POINT('Origin',(6.87085987261211,-7.9398541933068,14.1));
#2415=CARTESIAN_POINT('',(11.4,5.849994624681,14.1));
#2416=CARTESIAN_POINT('Origin',(12.55,5.849994624681,14.1));
#2417=CARTESIAN_POINT('',(11.4,-5.849994624681,14.1));
#2418=CARTESIAN_POINT('Origin',(12.55,-5.849994624681,14.1));
#2419=CARTESIAN_POINT('',(-11.4,5.849994624681,14.1));
#2420=CARTESIAN_POINT('Origin',(-12.55,5.849994624681,14.1));
#2421=CARTESIAN_POINT('',(-11.4,-5.849994624681,14.1));
#2422=CARTESIAN_POINT('Origin',(-12.55,-5.849994624681,14.1));
#2423=CARTESIAN_POINT('',(-12.2,1.04795664807143E-15,14.1));
#2424=CARTESIAN_POINT('Origin',(-13.7,1.23165366794353E-15,14.1));
#2425=CARTESIAN_POINT('',(12.2,1.04795664807143E-15,14.1));
#2426=CARTESIAN_POINT('Origin',(13.7,1.23165366794353E-15,14.1));
#2427=CARTESIAN_POINT('Origin',(-13.7,1.23165366794353E-15,20.9));
#2428=CARTESIAN_POINT('',(-12.2,1.41535068781564E-15,0.));
#2429=CARTESIAN_POINT('',(-12.2,1.04795664807143E-15,20.9));
#2430=CARTESIAN_POINT('Origin',(-13.7,1.23165366794353E-15,0.));
#2431=CARTESIAN_POINT('Origin',(-12.55,-5.849994624681,14.1));
#2432=CARTESIAN_POINT('',(-16.7,-5.849994624681,0.));
#2433=CARTESIAN_POINT('',(-16.7,-5.849994624681,14.1));
#2434=CARTESIAN_POINT('Origin',(-12.55,-5.849994624681,0.));
#2435=CARTESIAN_POINT('Origin',(0.,0.,0.));
#2436=CARTESIAN_POINT('',(-16.7,5.849994624681,0.));
#2437=CARTESIAN_POINT('',(-16.7,5.75000000000003,1.11022302462516E-15));
#2438=CARTESIAN_POINT('',(-12.55,9.999994624681,0.));
#2439=CARTESIAN_POINT('Origin',(-12.55,5.849994624681,0.));
#2440=CARTESIAN_POINT('',(12.4499982509331,9.999994624681,1.11022302462516E-15));
#2441=CARTESIAN_POINT('',(12.2,1.41535068781564E-15,0.));
#2442=CARTESIAN_POINT('Origin',(13.7,1.23165366794353E-15,0.));
#2443=CARTESIAN_POINT('',(-3.45,4.22503145705837E-16,0.));
#2444=CARTESIAN_POINT('Origin',(1.54778323550943E-17,0.,0.));
#2445=CARTESIAN_POINT('',(5.3033008588991,5.58614357137373,0.));
#2446=CARTESIAN_POINT('',(3.39411254969543,3.67695526217005,0.));
#2447=CARTESIAN_POINT('',(2.5809397513309,2.86378246380552,0.));
#2448=CARTESIAN_POINT('',(4.24264068711938,2.8284271247461,0.));
#2449=CARTESIAN_POINT('',(3.46482322781408,3.60624458405139,0.));
#2450=CARTESIAN_POINT('',(6.15182899632296,4.73761543394987,0.));
#2451=CARTESIAN_POINT('',(2.47487373415311,1.06066017177966,0.));
#2452=CARTESIAN_POINT('',(5.79827560572969,5.09116882454314,0.));
#2453=CARTESIAN_POINT('',(-5.58614357137373,5.3033008588991,0.));
#2454=CARTESIAN_POINT('',(-3.67695526217005,3.39411254969543,0.));
#2455=CARTESIAN_POINT('',(-2.86378246380552,2.5809397513309,0.));
#2456=CARTESIAN_POINT('',(-2.8284271247461,4.24264068711938,0.));
#2457=CARTESIAN_POINT('',(-3.60624458405139,3.46482322781408,0.));
#2458=CARTESIAN_POINT('',(-4.73761543394987,6.15182899632296,0.));
#2459=CARTESIAN_POINT('',(-1.06066017177966,2.47487373415311,0.));
#2460=CARTESIAN_POINT('',(-5.09116882454314,5.79827560572969,0.));
#2461=CARTESIAN_POINT('',(-5.30330085889911,-5.58614357137372,0.));
#2462=CARTESIAN_POINT('',(-3.39411254969543,-3.67695526217005,0.));
#2463=CARTESIAN_POINT('',(-2.5809397513309,-2.86378246380552,0.));
#2464=CARTESIAN_POINT('',(-4.24264068711938,-2.8284271247461,0.));
#2465=CARTESIAN_POINT('',(-3.46482322781408,-3.60624458405139,0.));
#2466=CARTESIAN_POINT('',(-6.15182899632297,-4.73761543394987,0.));
#2467=CARTESIAN_POINT('',(-2.47487373415311,-1.06066017177966,0.));
#2468=CARTESIAN_POINT('',(-5.79827560572969,-5.09116882454314,0.));
#2469=CARTESIAN_POINT('',(5.58614357137372,-5.30330085889911,0.));
#2470=CARTESIAN_POINT('',(3.67695526217005,-3.39411254969543,0.));
#2471=CARTESIAN_POINT('',(2.86378246380552,-2.5809397513309,0.));
#2472=CARTESIAN_POINT('',(2.8284271247461,-4.24264068711938,0.));
#2473=CARTESIAN_POINT('',(3.60624458405139,-3.46482322781408,0.));
#2474=CARTESIAN_POINT('',(4.73761543394987,-6.15182899632297,0.));
#2475=CARTESIAN_POINT('',(1.06066017177966,-2.47487373415311,0.));
#2476=CARTESIAN_POINT('',(5.09116882454314,-5.79827560572969,0.));
#2477=CARTESIAN_POINT('Origin',(-16.7,5.75000000000003,1.11022302462516E-15));
#2478=CARTESIAN_POINT('',(-16.7,5.849994624681,14.1));
#2479=CARTESIAN_POINT('Origin',(-12.55,5.849994624681,14.1));
#2480=CARTESIAN_POINT('',(-12.55,9.999994624681,14.1));
#2481=CARTESIAN_POINT('Origin',(12.4499982509331,9.999994624681,1.11022302462516E-15));
#2482=CARTESIAN_POINT('',(9.01136297107774,9.999994624681,3.54979197275435));
#2483=CARTESIAN_POINT('',(9.58871324026737,9.999994624681,4.54979197275435));
#2484=CARTESIAN_POINT('',(8.96131500901562,9.999994624681,3.46310635964751));
#2485=CARTESIAN_POINT('',(9.58871324026737,9.999994624681,5.04979197275436));
#2486=CARTESIAN_POINT('Origin',(9.15570053837965,9.99999462468178,4.79979197275436));
#2487=CARTESIAN_POINT('',(9.01136297107774,9.999994624681,6.04979197275435));
#2488=CARTESIAN_POINT('',(10.7510107650638,9.999994624681,3.03663360629544));
#2489=CARTESIAN_POINT('',(8.57835026918553,9.999994624681,6.29979197275436));
#2490=CARTESIAN_POINT('Origin',(8.57835026919003,9.99999462468192,5.79979197275436));
#2491=CARTESIAN_POINT('',(7.42364973080627,9.999994624681,6.29979197275436));
#2492=CARTESIAN_POINT('',(9.93682399086967,9.999994624681,6.29979197275436));
#2493=CARTESIAN_POINT('',(6.99063702891404,9.999994624681,6.04979197275435));
#2494=CARTESIAN_POINT('Origin',(7.42364973081077,9.99999462468219,5.79979197275436));
#2495=CARTESIAN_POINT('',(6.41328675972443,9.999994624681,5.04979197275436));
#2496=CARTESIAN_POINT('',(6.07456366306749,9.999994624681,4.46310635964751));
#2497=CARTESIAN_POINT('',(6.41328675972443,9.999994624681,4.54979197275435));
#2498=CARTESIAN_POINT('Origin',(6.84629946162115,9.99999462468233,4.79979197275435));
#2499=CARTESIAN_POINT('',(6.99063702891404,9.999994624681,3.54979197275435));
#2500=CARTESIAN_POINT('',(8.44160968830527,9.999994624681,1.03663360629544));
#2501=CARTESIAN_POINT('',(7.42364973080627,9.999994624681,3.29979197275435));
#2502=CARTESIAN_POINT('Origin',(7.42364973081077,9.99999462468219,3.79979197275436));
#2503=CARTESIAN_POINT('',(8.57835026918553,9.999994624681,3.29979197275435));
#2504=CARTESIAN_POINT('',(10.5141742600593,9.999994624681,3.29979197275435));
#2505=CARTESIAN_POINT('Origin',(8.57835026919003,9.99999462468192,3.79979197275435));
#2506=CARTESIAN_POINT('',(-6.99063702891403,9.999994624681,3.54979197275435));
#2507=CARTESIAN_POINT('',(-6.41328675972441,9.999994624681,4.54979197275435));
#2508=CARTESIAN_POINT('',(-5.04043499097717,9.999994624681,6.92764098748537));
#2509=CARTESIAN_POINT('',(-6.41328675972441,9.999994624681,5.04979197275436));
#2510=CARTESIAN_POINT('Origin',(-6.84629946162115,9.99999462467642,4.79979197275435));
#2511=CARTESIAN_POINT('',(-6.99063702891403,9.999994624681,6.04979197275435));
#2512=CARTESIAN_POINT('',(-3.25073923492904,9.999994624681,-0.427901021542429));
#2513=CARTESIAN_POINT('',(-7.42364973080626,9.999994624681,6.29979197275436));
#2514=CARTESIAN_POINT('Origin',(-7.42364973081077,9.99999462467628,5.79979197275436));
#2515=CARTESIAN_POINT('',(-8.57835026918552,9.999994624681,6.29979197275436));
#2516=CARTESIAN_POINT('',(1.93582399087378,9.999994624681,6.29979197275436));
#2517=CARTESIAN_POINT('',(-9.01136297107773,9.999994624681,6.04979197275435));
#2518=CARTESIAN_POINT('Origin',(-8.57835026919003,9.99999462467601,5.79979197275436));
#2519=CARTESIAN_POINT('',(-9.58871324026735,9.999994624681,5.04979197275436));
#2520=CARTESIAN_POINT('',(-7.9271863369253,9.999994624681,7.92764098748537));
#2521=CARTESIAN_POINT('',(-9.58871324026735,9.999994624681,4.54979197275435));
#2522=CARTESIAN_POINT('Origin',(-9.15570053837965,9.99999462467587,4.79979197275436));
#2523=CARTESIAN_POINT('',(-9.01136297107773,9.999994624681,3.54979197275435));
#2524=CARTESIAN_POINT('',(-5.56014031168755,9.999994624681,-2.42790102154243));
#2525=CARTESIAN_POINT('',(-8.5783502691855,9.999994624681,3.29979197275435));
#2526=CARTESIAN_POINT('Origin',(-8.57835026919003,9.99999462467601,3.79979197275435));
#2527=CARTESIAN_POINT('',(-7.42364973080626,9.999994624681,3.29979197275435));
#2528=CARTESIAN_POINT('',(2.51317426006341,9.999994624681,3.29979197275435));
#2529=CARTESIAN_POINT('Origin',(-7.42364973081077,9.99999462467628,3.79979197275435));
#2530=CARTESIAN_POINT('Origin',(12.55,5.849994624681,14.1));
#2531=CARTESIAN_POINT('',(11.4,5.849994624681,5.1));
#2532=CARTESIAN_POINT('',(11.4,5.849994624681,14.1));
#2533=CARTESIAN_POINT('Origin',(12.55,5.849994624681,5.1));
#2534=CARTESIAN_POINT('Origin',(12.55,5.849994624681,5.1));
#2535=CARTESIAN_POINT('Origin',(0.,0.,4.));
#2536=CARTESIAN_POINT('',(5.,6.12323399573677E-16,4.7));
#2537=CARTESIAN_POINT('Origin',(0.,0.,4.7));
#2538=CARTESIAN_POINT('',(5.,6.12323399573677E-16,7.99999999999999));
#2539=CARTESIAN_POINT('',(5.,6.12323399573677E-16,4.));
#2540=CARTESIAN_POINT('Origin',(0.,0.,7.99999999999999));
#2541=CARTESIAN_POINT('Origin',(6.87085987261175,7.93985419330562,8.));
#2542=CARTESIAN_POINT('',(3.92620573192016,4.53705946077824,8.));
#2543=CARTESIAN_POINT('',(3.92620573192016,4.53705946077824,8.));
#2544=CARTESIAN_POINT('',(7.42162596065927,3.4736861807623,8.));
#2545=CARTESIAN_POINT('Origin',(6.87085987261175,7.93985419330562,7.99999999999999));
#2546=CARTESIAN_POINT('',(7.42162596065927,3.4736861807623,8.));
#2547=CARTESIAN_POINT('Origin',(7.84999999999999,1.10190423602861E-15,8.));
#2548=CARTESIAN_POINT('',(7.42162592781464,-3.47368617671191,8.));
#2549=CARTESIAN_POINT('Origin',(7.84999999999999,1.10190423602861E-15,7.99999999999999));
#2550=CARTESIAN_POINT('',(7.42162592781464,-3.47368617671191,8.));
#2551=CARTESIAN_POINT('Origin',(7.28485439410624E-17,6.93889390390723E-17,
8.));
#2552=CARTESIAN_POINT('',(3.92620576417848,-4.53705943286307,8.));
#2553=CARTESIAN_POINT('',(3.92620576417848,-4.53705943286307,8.));
#2554=CARTESIAN_POINT('',(-3.92620571879168,-4.53705947213915,8.));
#2555=CARTESIAN_POINT('Origin',(7.28485439410624E-17,6.93889390390723E-17,
7.99999999999999));
#2556=CARTESIAN_POINT('',(-3.92620571879168,-4.53705947213915,8.));
#2557=CARTESIAN_POINT('Origin',(-6.87085987261211,-7.93985419330681,8.));
#2558=CARTESIAN_POINT('',(-7.42162594257974,-3.47368617853274,8.));
#2559=CARTESIAN_POINT('Origin',(-6.87085987261211,-7.93985419330681,7.99999999999999));
#2560=CARTESIAN_POINT('',(-7.42162594257974,-3.47368617853274,8.));
#2561=CARTESIAN_POINT('Origin',(-7.84999999999998,-9.63370230598266E-16,
8.));
#2562=CARTESIAN_POINT('',(-7.42162593525441,3.47368617762938,8.));
#2563=CARTESIAN_POINT('Origin',(-7.84999999999998,-9.63370230598266E-16,
7.99999999999999));
#2564=CARTESIAN_POINT('',(-7.42162593525441,3.47368617762938,8.));
#2565=CARTESIAN_POINT('Origin',(-6.87085987261175,7.9398541933056,8.));
#2566=CARTESIAN_POINT('',(-3.9262060643046,4.53705917314493,8.));
#2567=CARTESIAN_POINT('Origin',(-6.87085987261175,7.9398541933056,7.99999999999999));
#2568=CARTESIAN_POINT('',(-3.9262060643046,4.53705917314493,8.));
#2569=CARTESIAN_POINT('Origin',(7.28485439410624E-17,6.93889390390723E-17,
8.));
#2570=CARTESIAN_POINT('Origin',(7.28485439410624E-17,6.93889390390723E-17,
7.99999999999999));
#2571=CARTESIAN_POINT('Origin',(7.39557098644699E-32,9.37727325677343E-34,
7.99999999999999));
#2572=CARTESIAN_POINT('',(4.23564840886788,-4.29216169785581,7.99999999999999));
#2573=CARTESIAN_POINT('Origin',(6.87085987261211,-7.9398541933068,7.99999999999999));
#2574=CARTESIAN_POINT('',(5.04754938506235,-4.12870201282485,8.));
#2575=CARTESIAN_POINT('Origin',(4.82125095636633,-5.10276003017788,7.99999999999999));
#2576=CARTESIAN_POINT('',(5.76192546969329,-4.29466972991147,8.));
#2577=CARTESIAN_POINT('',(5.76192546969329,-4.29466972991147,8.));
#2578=CARTESIAN_POINT('',(6.2628457712135,-3.75898575130797,8.));
#2579=CARTESIAN_POINT('',(6.55059655691396,-3.45126517128256,8.));
#2580=CARTESIAN_POINT('',(7.02822573666542,-3.44260659229024,7.99999999999999));
#2581=CARTESIAN_POINT('Origin',(6.99325554465359,-4.44199494807124,7.99999999999999));
#2582=CARTESIAN_POINT('Origin',(6.87085987261211,-7.9398541933068,7.99999999999999));
#2583=CARTESIAN_POINT('Origin',(4.20728534805991,-4.7729707730092,3.3));
#2584=CARTESIAN_POINT('',(4.73761543394987,-6.15182899632297,3.3));
#2585=CARTESIAN_POINT('',(5.58614357137372,-5.30330085889911,3.3));
#2586=CARTESIAN_POINT('',(4.94974746830582,-5.93969696196701,3.3));
#2587=CARTESIAN_POINT('',(2.8284271247461,-4.24264068711938,3.3));
#2588=CARTESIAN_POINT('',(3.30572420204704,-4.71993776442027,3.3));
#2589=CARTESIAN_POINT('',(3.67695526217005,-3.39411254969543,3.3));
#2590=CARTESIAN_POINT('',(3.46482322781407,-3.6062445840514,3.3));
#2591=CARTESIAN_POINT('',(5.10884649407279,-4.82600378159817,3.3));
#2592=CARTESIAN_POINT('Origin',(3.67695526217005,-3.39411254969543,0.));
#2593=CARTESIAN_POINT('',(2.8284271247461,-4.24264068711938,0.));
#2594=CARTESIAN_POINT('',(3.67695526217005,-3.39411254969543,0.));
#2595=CARTESIAN_POINT('Origin',(2.8284271247461,-4.24264068711938,0.));
#2596=CARTESIAN_POINT('',(4.73761543394987,-6.15182899632297,0.));
#2597=CARTESIAN_POINT('Origin',(4.73761543394987,-6.15182899632297,0.));
#2598=CARTESIAN_POINT('',(5.58614357137372,-5.30330085889911,0.));
#2599=CARTESIAN_POINT('Origin',(5.58614357137372,-5.30330085889911,0.));
#2600=CARTESIAN_POINT('Origin',(-4.7729707730092,-4.20728534805991,3.3));
#2601=CARTESIAN_POINT('',(-6.15182899632297,-4.73761543394987,3.3));
#2602=CARTESIAN_POINT('',(-5.30330085889911,-5.58614357137372,3.3));
#2603=CARTESIAN_POINT('',(-5.93969696196701,-4.94974746830582,3.3));
#2604=CARTESIAN_POINT('',(-4.24264068711938,-2.8284271247461,3.3));
#2605=CARTESIAN_POINT('',(-4.71993776442027,-3.30572420204704,3.3));
#2606=CARTESIAN_POINT('',(-3.39411254969543,-3.67695526217005,3.3));
#2607=CARTESIAN_POINT('',(-3.6062445840514,-3.46482322781407,3.3));
#2608=CARTESIAN_POINT('',(-4.82600378159817,-5.10884649407279,3.3));
#2609=CARTESIAN_POINT('Origin',(-3.39411254969543,-3.67695526217005,0.));
#2610=CARTESIAN_POINT('',(-4.24264068711938,-2.8284271247461,0.));
#2611=CARTESIAN_POINT('',(-3.39411254969543,-3.67695526217005,0.));
#2612=CARTESIAN_POINT('Origin',(-4.24264068711938,-2.8284271247461,0.));
#2613=CARTESIAN_POINT('',(-6.15182899632297,-4.73761543394987,0.));
#2614=CARTESIAN_POINT('Origin',(-6.15182899632297,-4.73761543394987,0.));
#2615=CARTESIAN_POINT('',(-5.30330085889911,-5.58614357137372,0.));
#2616=CARTESIAN_POINT('Origin',(-5.30330085889911,-5.58614357137372,0.));
#2617=CARTESIAN_POINT('Origin',(-4.20728534805991,4.7729707730092,3.3));
#2618=CARTESIAN_POINT('',(-4.73761543394987,6.15182899632296,3.3));
#2619=CARTESIAN_POINT('',(-5.58614357137373,5.3033008588991,3.3));
#2620=CARTESIAN_POINT('',(-4.94974746830582,5.93969696196701,3.3));
#2621=CARTESIAN_POINT('',(-2.8284271247461,4.24264068711938,3.3));
#2622=CARTESIAN_POINT('',(-3.30572420204704,4.71993776442027,3.3));
#2623=CARTESIAN_POINT('',(-3.67695526217005,3.39411254969543,3.3));
#2624=CARTESIAN_POINT('',(-3.46482322781407,3.6062445840514,3.3));
#2625=CARTESIAN_POINT('',(-5.10884649407279,4.82600378159817,3.3));
#2626=CARTESIAN_POINT('Origin',(-3.67695526217005,3.39411254969543,0.));
#2627=CARTESIAN_POINT('',(-2.8284271247461,4.24264068711938,0.));
#2628=CARTESIAN_POINT('',(-3.67695526217005,3.39411254969543,0.));
#2629=CARTESIAN_POINT('Origin',(-2.8284271247461,4.24264068711938,0.));
#2630=CARTESIAN_POINT('',(-4.73761543394987,6.15182899632296,0.));
#2631=CARTESIAN_POINT('Origin',(-4.73761543394987,6.15182899632296,0.));
#2632=CARTESIAN_POINT('',(-5.58614357137373,5.3033008588991,0.));
#2633=CARTESIAN_POINT('Origin',(-5.58614357137373,5.3033008588991,0.));
#2634=CARTESIAN_POINT('Origin',(4.7729707730092,4.20728534805991,3.3));
#2635=CARTESIAN_POINT('',(6.15182899632296,4.73761543394987,3.3));
#2636=CARTESIAN_POINT('',(5.3033008588991,5.58614357137373,3.3));
#2637=CARTESIAN_POINT('',(5.93969696196701,4.94974746830582,3.3));
#2638=CARTESIAN_POINT('',(4.24264068711938,2.8284271247461,3.3));
#2639=CARTESIAN_POINT('',(4.71993776442027,3.30572420204704,3.3));
#2640=CARTESIAN_POINT('',(3.39411254969543,3.67695526217005,3.3));
#2641=CARTESIAN_POINT('',(3.6062445840514,3.46482322781407,3.3));
#2642=CARTESIAN_POINT('',(4.82600378159817,5.10884649407279,3.3));
#2643=CARTESIAN_POINT('Origin',(3.39411254969543,3.67695526217005,0.));
#2644=CARTESIAN_POINT('',(4.24264068711938,2.8284271247461,0.));
#2645=CARTESIAN_POINT('',(3.39411254969543,3.67695526217005,0.));
#2646=CARTESIAN_POINT('Origin',(4.24264068711938,2.8284271247461,0.));
#2647=CARTESIAN_POINT('',(6.15182899632296,4.73761543394987,0.));
#2648=CARTESIAN_POINT('Origin',(6.15182899632296,4.73761543394987,0.));
#2649=CARTESIAN_POINT('',(5.3033008588991,5.58614357137373,0.));
#2650=CARTESIAN_POINT('Origin',(5.3033008588991,5.58614357137373,0.));
#2651=CARTESIAN_POINT('Origin',(1.54778323550943E-17,0.,0.));
#2652=CARTESIAN_POINT('',(-2.75,-3.36777869765522E-16,1.5));
#2653=CARTESIAN_POINT('Origin',(1.54778323550943E-17,0.,1.5));
#2654=CARTESIAN_POINT('',(-2.75,-3.36777869765522E-16,4.7));
#2655=CARTESIAN_POINT('',(-2.75,-3.36777869765522E-16,0.));
#2656=CARTESIAN_POINT('Origin',(1.54778323550943E-17,0.,4.7));
#2657=CARTESIAN_POINT('Origin',(1.54778323550943E-17,0.,0.75));
#2658=CARTESIAN_POINT('',(-3.1,3.7964050773568E-16,0.75));
#2659=CARTESIAN_POINT('Origin',(6.87085987261211,-7.9398541933068,8.));
#2660=CARTESIAN_POINT('',(7.02822573666542,-3.44260659229024,8.));
#2661=CARTESIAN_POINT('Origin',(5.76192546969329,-4.29466972991147,14.1));
#2662=CARTESIAN_POINT('',(5.04754938506235,-4.12870201282485,8.));
#2663=CARTESIAN_POINT('',(5.76192546969329,-4.29466972991147,14.1));
#2664=CARTESIAN_POINT('Origin',(6.87085987261211,-7.9398541933068,8.));
#2665=CARTESIAN_POINT('',(4.23564840886788,-4.29216169785581,8.));
#2666=CARTESIAN_POINT('Origin',(4.82125095636633,-5.10276003017788,8.));
#2667=CARTESIAN_POINT('Origin',(6.55059655691396,-3.45126517128256,14.1));
#2668=CARTESIAN_POINT('',(6.2628457712135,-3.75898575130797,8.));
#2669=CARTESIAN_POINT('Origin',(6.99325554465359,-4.44199494807124,8.));
#2670=CARTESIAN_POINT('Origin',(0.,0.,4.7));
#2671=CARTESIAN_POINT('Origin',(-8.57835026918979,9.00000000003677,3.79979197275435));
#2672=CARTESIAN_POINT('',(-9.01136297108201,9.00000000003666,3.54979197275435));
#2673=CARTESIAN_POINT('',(-8.57835026918979,9.00000000003677,3.29979197275435));
#2674=CARTESIAN_POINT('Origin',(-8.8670254037846,9.0000000000367,3.29979197275435));
#2675=CARTESIAN_POINT('',(-9.58871324027163,9.00000000003652,4.54979197275436));
#2676=CARTESIAN_POINT('Origin',(-9.15570053837941,9.00000000003663,4.79979197275436));
#2677=CARTESIAN_POINT('',(-9.58871324026736,-9.00000000000009,5.04979197275436));
#2678=CARTESIAN_POINT('Origin',(-9.73305080756904,9.00000000003649,4.79979197275436));
#2679=CARTESIAN_POINT('',(-9.01136297107774,-9.00000000000009,6.04979197275435));
#2680=CARTESIAN_POINT('Origin',(-7.42364973081053,9.00000000003704,5.79979197275436));
#2681=CARTESIAN_POINT('',(-6.99063702891831,9.00000000003714,6.04979197275435));
#2682=CARTESIAN_POINT('',(-7.42364973081053,9.00000000003704,6.29979197275436));
#2683=CARTESIAN_POINT('Origin',(-7.13497459621572,9.00000000003711,6.29979197275436));
#2684=CARTESIAN_POINT('',(-6.41328675972869,9.00000000003728,5.04979197275436));
#2685=CARTESIAN_POINT('Origin',(-8.57835026918979,9.00000000003677,5.79979197275436));
#2686=CARTESIAN_POINT('',(-8.57835026918979,9.00000000003677,6.29979197275436));
#2687=CARTESIAN_POINT('Origin',(-8.8670254037846,9.0000000000367,6.29979197275436));
#2688=CARTESIAN_POINT('Origin',(-6.84629946162091,9.00000000003718,4.79979197275435));
#2689=CARTESIAN_POINT('',(-6.41328675972869,9.00000000003728,4.54979197275435));
#2690=CARTESIAN_POINT('Origin',(-6.26894919243128,9.00000000003731,4.79979197275435));
#2691=CARTESIAN_POINT('',(-6.99063702891831,9.00000000003714,3.54979197275435));
#2692=CARTESIAN_POINT('Origin',(-7.42364973081053,9.00000000003704,3.79979197275435));
#2693=CARTESIAN_POINT('',(-7.42364973081053,9.00000000003704,3.29979197275435));
#2694=CARTESIAN_POINT('Origin',(-7.13497459621572,9.00000000003711,3.29979197275435));
#2695=CARTESIAN_POINT('Origin',(8.57835026918979,9.00000000003677,3.79979197275435));
#2696=CARTESIAN_POINT('',(8.57835026918979,9.00000000003677,3.29979197275435));
#2697=CARTESIAN_POINT('',(9.01136297108201,9.00000000003666,3.54979197275435));
#2698=CARTESIAN_POINT('Origin',(7.13497459621572,9.00000000003711,3.29979197275435));
#2699=CARTESIAN_POINT('',(7.42364973081053,9.00000000003704,3.29979197275435));
#2700=CARTESIAN_POINT('Origin',(9.15570053837941,9.00000000003663,4.79979197275436));
#2701=CARTESIAN_POINT('',(9.58871324027163,9.00000000003652,4.54979197275436));
#2702=CARTESIAN_POINT('',(9.58871324026736,-8.9999999999999,5.04979197275436));
#2703=CARTESIAN_POINT('Origin',(8.8670254037846,9.0000000000367,3.29979197275435));
#2704=CARTESIAN_POINT('Origin',(7.42364973081053,9.00000000003704,5.79979197275436));
#2705=CARTESIAN_POINT('',(7.42364973081053,9.00000000003704,6.29979197275436));
#2706=CARTESIAN_POINT('',(6.99063702891831,9.00000000003714,6.04979197275435));
#2707=CARTESIAN_POINT('Origin',(8.8670254037846,9.0000000000367,6.29979197275436));
#2708=CARTESIAN_POINT('',(8.57835026918979,9.00000000003677,6.29979197275436));
#2709=CARTESIAN_POINT('Origin',(8.57835026918979,9.00000000003677,5.79979197275436));
#2710=CARTESIAN_POINT('',(9.01136297107774,-8.99999999999991,6.04979197275435));
#2711=CARTESIAN_POINT('Origin',(9.73305080756904,9.00000000003649,4.79979197275436));
#2712=CARTESIAN_POINT('Origin',(6.84629946162091,9.00000000003718,4.79979197275435));
#2713=CARTESIAN_POINT('',(6.41328675972869,9.00000000003728,5.04979197275436));
#2714=CARTESIAN_POINT('',(6.41328675972869,9.00000000003728,4.54979197275435));
#2715=CARTESIAN_POINT('Origin',(7.13497459621572,9.00000000003711,6.29979197275436));
#2716=CARTESIAN_POINT('Origin',(7.42364973081053,9.00000000003704,3.79979197275436));
#2717=CARTESIAN_POINT('',(6.99063702891831,9.00000000003714,3.54979197275435));
#2718=CARTESIAN_POINT('Origin',(6.26894919243128,9.00000000003731,4.79979197275435));
#2719=CARTESIAN_POINT('Origin',(12.55,-5.849994624681,14.1));
#2720=CARTESIAN_POINT('',(11.4,-5.849994624681,5.1));
#2721=CARTESIAN_POINT('',(11.4,-5.849994624681,14.1));
#2722=CARTESIAN_POINT('Origin',(12.55,-5.849994624681,5.1));
#2723=CARTESIAN_POINT('Origin',(12.55,-5.849994624681,5.1));
#2724=CARTESIAN_POINT('Origin',(-12.55,5.849994624681,14.1));
#2725=CARTESIAN_POINT('',(-11.4,5.849994624681,5.1));
#2726=CARTESIAN_POINT('',(-11.4,5.849994624681,14.1));
#2727=CARTESIAN_POINT('Origin',(-12.55,5.849994624681,5.1));
#2728=CARTESIAN_POINT('Origin',(-12.55,5.849994624681,5.1));
#2729=CARTESIAN_POINT('Origin',(-12.55,-5.849994624681,14.1));
#2730=CARTESIAN_POINT('',(-11.4,-5.849994624681,5.1));
#2731=CARTESIAN_POINT('',(-11.4,-5.849994624681,14.1));
#2732=CARTESIAN_POINT('Origin',(-12.55,-5.849994624681,5.1));
#2733=CARTESIAN_POINT('Origin',(-12.55,-5.849994624681,5.1));
#2734=CARTESIAN_POINT('Origin',(13.7,1.23165366794353E-15,20.9));
#2735=CARTESIAN_POINT('',(12.2,1.04795664807143E-15,20.9));
#2736=UNCERTAINTY_MEASURE_WITH_UNIT(LENGTH_MEASURE(0.01),#2740,
'DISTANCE_ACCURACY_VALUE',
'Maximum model space distance between geometric entities at asserted c
onnectivities');
#2737=UNCERTAINTY_MEASURE_WITH_UNIT(LENGTH_MEASURE(0.01),#2740,
'DISTANCE_ACCURACY_VALUE',
'Maximum model space distance between geometric entities at asserted c
onnectivities');
#2738=(
GEOMETRIC_REPRESENTATION_CONTEXT(3)
GLOBAL_UNCERTAINTY_ASSIGNED_CONTEXT((#2736))
GLOBAL_UNIT_ASSIGNED_CONTEXT((#2740,#2742,#2743))
REPRESENTATION_CONTEXT('','3D')
);
#2739=(
GEOMETRIC_REPRESENTATION_CONTEXT(3)
GLOBAL_UNCERTAINTY_ASSIGNED_CONTEXT((#2737))
GLOBAL_UNIT_ASSIGNED_CONTEXT((#2740,#2742,#2743))
REPRESENTATION_CONTEXT('','3D')
);
#2740=(
LENGTH_UNIT()
NAMED_UNIT(*)
SI_UNIT(.MILLI.,.METRE.)
);
#2741=(
LENGTH_UNIT()
NAMED_UNIT(*)
SI_UNIT($,.METRE.)
);
#2742=(
NAMED_UNIT(*)
PLANE_ANGLE_UNIT()
SI_UNIT($,.RADIAN.)
);
#2743=(
NAMED_UNIT(*)
SI_UNIT($,.STERADIAN.)
SOLID_ANGLE_UNIT()
);
#2744=SHAPE_DEFINITION_REPRESENTATION(#2745,#2746);
#2745=PRODUCT_DEFINITION_SHAPE('',$,#2748);
#2746=SHAPE_REPRESENTATION('',(#1625),#2738);
#2747=PRODUCT_DEFINITION_CONTEXT('part definition',#2752,'design');
#2748=PRODUCT_DEFINITION('FusionComponent',
'1.1 KakeSwitch - Body - relA v1',#2749,#2747);
#2749=PRODUCT_DEFINITION_FORMATION('',$,#2754);
#2750=PRODUCT_RELATED_PRODUCT_CATEGORY(
'1.1 KakeSwitch - Body - relA v1','1.1 KakeSwitch - Body - relA v1',(#2754));
#2751=APPLICATION_PROTOCOL_DEFINITION('international standard',
'automotive_design',2009,#2752);
#2752=APPLICATION_CONTEXT(
'Core Data for Automotive Mechanical Design Process');
#2753=PRODUCT_CONTEXT('part definition',#2752,'mechanical');
#2754=PRODUCT('FusionComponent','1.1 KakeSwitch - Body - relA v1',$,(#2753));
#2755=PRESENTATION_STYLE_ASSIGNMENT((#2757));
#2756=PRESENTATION_STYLE_ASSIGNMENT((#2758));
#2757=SURFACE_STYLE_USAGE(.BOTH.,#2759);
#2758=SURFACE_STYLE_USAGE(.BOTH.,#2760);
#2759=SURFACE_SIDE_STYLE('',(#2761));
#2760=SURFACE_SIDE_STYLE('',(#2762));
#2761=SURFACE_STYLE_FILL_AREA(#2763);
#2762=SURFACE_STYLE_FILL_AREA(#2764);
#2763=FILL_AREA_STYLE('Plate',(#2765));
#2764=FILL_AREA_STYLE('Opaque(246,246,243)',(#2766));
#2765=FILL_AREA_STYLE_COLOUR('Plate',#2767);
#2766=FILL_AREA_STYLE_COLOUR('Opaque(246,246,243)',#2768);
#2767=COLOUR_RGB('Plate',0.6,0.6,0.6);
#2768=COLOUR_RGB('Opaque(246,246,243)',0.964705882352941,0.964705882352941,
0.952941176470588);
ENDSEC;
END-ISO-10303-21;
