ISO-10303-21;
HEADER;
/* Generated by software containing ST-Developer
 * from STEP Tools, Inc. (www.steptools.com) 
 */

FILE_DESCRIPTION(
/* description */ (''),
/* implementation_level */ '2;1');

FILE_NAME(
/* name */ '1.2 Kake - TOP.step',
/* time_stamp */ '2025-07-04T14:36:59-04:00',
/* author */ (''),
/* organization */ (''),
/* preprocessor_version */ 'ST-DEVELOPER v20.1',
/* originating_system */ 'Autodesk Translation Framework v14.10.0.0',
/* authorisation */ '');

FILE_SCHEMA (('AUTOMOTIVE_DESIGN { 1 0 10303 214 3 1 1 }'));
ENDSEC;

DATA;
#10=MECHANICAL_DESIGN_GEOMETRIC_PRESENTATION_REPRESENTATION('',(#13),#2520);
#11=SHAPE_REPRESENTATION_RELATIONSHIP('SRR','None',#2527,#12);
#12=ADVANCED_BREP_SHAPE_REPRESENTATION('',(#14),#2519);
#13=STYLED_ITEM('',(#2537),#14);
#14=MANIFOLD_SOLID_BREP('Body1',#1475);
#15=TOROIDAL_SURFACE('',#1615,2.45,1.45);
#16=CYLINDRICAL_SURFACE('',#1524,4.15);
#17=CYLINDRICAL_SURFACE('',#1527,4.15);
#18=CYLINDRICAL_SURFACE('',#1530,4.15);
#19=CYLINDRICAL_SURFACE('',#1533,4.15);
#20=CYLINDRICAL_SURFACE('',#1536,1.7);
#21=CYLINDRICAL_SURFACE('',#1546,1.5);
#22=CYLINDRICAL_SURFACE('',#1551,2.85);
#23=CYLINDRICAL_SURFACE('',#1552,1.);
#24=CYLINDRICAL_SURFACE('',#1560,1.);
#25=CYLINDRICAL_SURFACE('',#1562,1.);
#26=CYLINDRICAL_SURFACE('',#1570,1.);
#27=CYLINDRICAL_SURFACE('',#1584,1.);
#28=CYLINDRICAL_SURFACE('',#1586,1.);
#29=CYLINDRICAL_SURFACE('',#1588,1.);
#30=CYLINDRICAL_SURFACE('',#1590,1.);
#31=CYLINDRICAL_SURFACE('',#1594,1.10001);
#32=CYLINDRICAL_SURFACE('',#1596,0.900000000000001);
#33=CYLINDRICAL_SURFACE('',#1599,0.900000000000004);
#34=CYLINDRICAL_SURFACE('',#1602,1.10001);
#35=CYLINDRICAL_SURFACE('',#1604,1.10001);
#36=CYLINDRICAL_SURFACE('',#1606,0.900000000000004);
#37=CYLINDRICAL_SURFACE('',#1608,0.900000000000044);
#38=CYLINDRICAL_SURFACE('',#1610,1.10001);
#39=CYLINDRICAL_SURFACE('',#1613,1.75);
#40=CYLINDRICAL_SURFACE('',#1620,3.9);
#41=CYLINDRICAL_SURFACE('',#1625,1.5);
#42=CYLINDRICAL_SURFACE('',#1630,2.85);
#43=CYLINDRICAL_SURFACE('',#1631,1.5);
#44=CYLINDRICAL_SURFACE('',#1636,2.85);
#45=CYLINDRICAL_SURFACE('',#1637,1.5);
#46=CYLINDRICAL_SURFACE('',#1642,2.85);
#47=CYLINDRICAL_SURFACE('',#1643,1.7);
#48=CONICAL_SURFACE('',#1512,4.,0.785398163397448);
#49=CONICAL_SURFACE('',#1515,4.,0.785398163397448);
#50=CONICAL_SURFACE('',#1518,4.,0.785398163397448);
#51=CONICAL_SURFACE('',#1521,4.,0.785398163397448);
#52=CONICAL_SURFACE('',#1611,2.25,0.785398163397448);
#53=FACE_BOUND('',#226,.T.);
#54=FACE_BOUND('',#227,.T.);
#55=FACE_BOUND('',#228,.T.);
#56=FACE_BOUND('',#229,.T.);
#57=FACE_BOUND('',#230,.T.);
#58=FACE_BOUND('',#231,.T.);
#59=FACE_BOUND('',#232,.T.);
#60=FACE_BOUND('',#253,.T.);
#61=FACE_BOUND('',#254,.T.);
#62=FACE_BOUND('',#255,.T.);
#63=FACE_BOUND('',#256,.T.);
#64=FACE_BOUND('',#257,.T.);
#65=FACE_BOUND('',#258,.T.);
#66=FACE_BOUND('',#259,.T.);
#67=FACE_BOUND('',#304,.T.);
#68=CIRCLE('',#1492,0.900000000000004);
#69=CIRCLE('',#1493,1.10001);
#70=CIRCLE('',#1494,1.10001);
#71=CIRCLE('',#1495,0.900000000000044);
#72=CIRCLE('',#1496,3.85);
#73=CIRCLE('',#1497,3.85);
#74=CIRCLE('',#1498,3.85);
#75=CIRCLE('',#1499,3.85);
#76=CIRCLE('',#1500,0.900000000000001);
#77=CIRCLE('',#1501,1.10001);
#78=CIRCLE('',#1502,1.10001);
#79=CIRCLE('',#1503,0.900000000000004);
#80=CIRCLE('',#1504,1.5);
#81=CIRCLE('',#1505,3.9);
#82=CIRCLE('',#1506,1.5);
#83=CIRCLE('',#1507,1.5);
#84=CIRCLE('',#1508,1.5);
#85=CIRCLE('',#1509,1.7);
#86=CIRCLE('',#1510,1.7);
#87=CIRCLE('',#1513,4.15);
#88=CIRCLE('',#1516,4.15);
#89=CIRCLE('',#1519,4.15);
#90=CIRCLE('',#1522,4.15);
#91=CIRCLE('',#1525,4.15);
#92=CIRCLE('',#1528,4.15);
#93=CIRCLE('',#1531,4.15);
#94=CIRCLE('',#1534,4.15);
#95=CIRCLE('',#1537,1.7);
#96=CIRCLE('',#1540,1.7);
#97=CIRCLE('',#1541,2.85);
#98=CIRCLE('',#1542,2.85);
#99=CIRCLE('',#1543,2.85);
#100=CIRCLE('',#1544,2.75);
#101=CIRCLE('',#1545,2.85);
#102=CIRCLE('',#1547,1.5);
#103=CIRCLE('',#1550,2.85);
#104=CIRCLE('',#1553,1.);
#105=CIRCLE('',#1554,1.);
#106=CIRCLE('',#1556,1.);
#107=CIRCLE('',#1557,1.);
#108=CIRCLE('',#1558,1.);
#109=CIRCLE('',#1561,1.);
#110=CIRCLE('',#1563,1.);
#111=CIRCLE('',#1564,1.);
#112=CIRCLE('',#1566,1.);
#113=CIRCLE('',#1567,1.);
#114=CIRCLE('',#1568,1.);
#115=CIRCLE('',#1571,1.);
#116=CIRCLE('',#1573,1.10001);
#117=CIRCLE('',#1574,1.10001);
#118=CIRCLE('',#1575,1.);
#119=CIRCLE('',#1577,1.10001);
#120=CIRCLE('',#1578,1.10001);
#121=CIRCLE('',#1579,1.);
#122=CIRCLE('',#1581,1.);
#123=CIRCLE('',#1582,0.900000000000004);
#124=CIRCLE('',#1583,0.900000000000044);
#125=CIRCLE('',#1591,1.);
#126=CIRCLE('',#1597,0.900000000000001);
#127=CIRCLE('',#1600,0.900000000000004);
#128=CIRCLE('',#1612,1.75);
#129=CIRCLE('',#1614,1.75);
#130=CIRCLE('',#1616,2.45);
#131=CIRCLE('',#1617,1.45);
#132=CIRCLE('',#1618,3.9);
#133=CIRCLE('',#1619,3.9);
#134=CIRCLE('',#1626,1.5);
#135=CIRCLE('',#1629,2.85);
#136=CIRCLE('',#1632,1.5);
#137=CIRCLE('',#1635,2.85);
#138=CIRCLE('',#1638,1.5);
#139=CIRCLE('',#1641,2.85);
#140=FACE_OUTER_BOUND('',#223,.T.);
#141=FACE_OUTER_BOUND('',#224,.T.);
#142=FACE_OUTER_BOUND('',#225,.T.);
#143=FACE_OUTER_BOUND('',#233,.T.);
#144=FACE_OUTER_BOUND('',#234,.T.);
#145=FACE_OUTER_BOUND('',#235,.T.);
#146=FACE_OUTER_BOUND('',#236,.T.);
#147=FACE_OUTER_BOUND('',#237,.T.);
#148=FACE_OUTER_BOUND('',#238,.T.);
#149=FACE_OUTER_BOUND('',#239,.T.);
#150=FACE_OUTER_BOUND('',#240,.T.);
#151=FACE_OUTER_BOUND('',#241,.T.);
#152=FACE_OUTER_BOUND('',#242,.T.);
#153=FACE_OUTER_BOUND('',#243,.T.);
#154=FACE_OUTER_BOUND('',#244,.T.);
#155=FACE_OUTER_BOUND('',#245,.T.);
#156=FACE_OUTER_BOUND('',#246,.T.);
#157=FACE_OUTER_BOUND('',#247,.T.);
#158=FACE_OUTER_BOUND('',#248,.T.);
#159=FACE_OUTER_BOUND('',#249,.T.);
#160=FACE_OUTER_BOUND('',#250,.T.);
#161=FACE_OUTER_BOUND('',#251,.T.);
#162=FACE_OUTER_BOUND('',#252,.T.);
#163=FACE_OUTER_BOUND('',#260,.T.);
#164=FACE_OUTER_BOUND('',#261,.T.);
#165=FACE_OUTER_BOUND('',#262,.T.);
#166=FACE_OUTER_BOUND('',#263,.T.);
#167=FACE_OUTER_BOUND('',#264,.T.);
#168=FACE_OUTER_BOUND('',#265,.T.);
#169=FACE_OUTER_BOUND('',#266,.T.);
#170=FACE_OUTER_BOUND('',#267,.T.);
#171=FACE_OUTER_BOUND('',#268,.T.);
#172=FACE_OUTER_BOUND('',#269,.T.);
#173=FACE_OUTER_BOUND('',#270,.T.);
#174=FACE_OUTER_BOUND('',#271,.T.);
#175=FACE_OUTER_BOUND('',#272,.T.);
#176=FACE_OUTER_BOUND('',#273,.T.);
#177=FACE_OUTER_BOUND('',#274,.T.);
#178=FACE_OUTER_BOUND('',#275,.T.);
#179=FACE_OUTER_BOUND('',#276,.T.);
#180=FACE_OUTER_BOUND('',#277,.T.);
#181=FACE_OUTER_BOUND('',#278,.T.);
#182=FACE_OUTER_BOUND('',#279,.T.);
#183=FACE_OUTER_BOUND('',#280,.T.);
#184=FACE_OUTER_BOUND('',#281,.T.);
#185=FACE_OUTER_BOUND('',#282,.T.);
#186=FACE_OUTER_BOUND('',#283,.T.);
#187=FACE_OUTER_BOUND('',#284,.T.);
#188=FACE_OUTER_BOUND('',#285,.T.);
#189=FACE_OUTER_BOUND('',#286,.T.);
#190=FACE_OUTER_BOUND('',#287,.T.);
#191=FACE_OUTER_BOUND('',#288,.T.);
#192=FACE_OUTER_BOUND('',#289,.T.);
#193=FACE_OUTER_BOUND('',#290,.T.);
#194=FACE_OUTER_BOUND('',#291,.T.);
#195=FACE_OUTER_BOUND('',#292,.T.);
#196=FACE_OUTER_BOUND('',#293,.T.);
#197=FACE_OUTER_BOUND('',#294,.T.);
#198=FACE_OUTER_BOUND('',#295,.T.);
#199=FACE_OUTER_BOUND('',#296,.T.);
#200=FACE_OUTER_BOUND('',#297,.T.);
#201=FACE_OUTER_BOUND('',#298,.T.);
#202=FACE_OUTER_BOUND('',#299,.T.);
#203=FACE_OUTER_BOUND('',#300,.T.);
#204=FACE_OUTER_BOUND('',#301,.T.);
#205=FACE_OUTER_BOUND('',#302,.T.);
#206=FACE_OUTER_BOUND('',#303,.T.);
#207=FACE_OUTER_BOUND('',#305,.T.);
#208=FACE_OUTER_BOUND('',#306,.T.);
#209=FACE_OUTER_BOUND('',#307,.T.);
#210=FACE_OUTER_BOUND('',#308,.T.);
#211=FACE_OUTER_BOUND('',#309,.T.);
#212=FACE_OUTER_BOUND('',#310,.T.);
#213=FACE_OUTER_BOUND('',#311,.T.);
#214=FACE_OUTER_BOUND('',#312,.T.);
#215=FACE_OUTER_BOUND('',#313,.T.);
#216=FACE_OUTER_BOUND('',#314,.T.);
#217=FACE_OUTER_BOUND('',#315,.T.);
#218=FACE_OUTER_BOUND('',#316,.T.);
#219=FACE_OUTER_BOUND('',#317,.T.);
#220=FACE_OUTER_BOUND('',#318,.T.);
#221=FACE_OUTER_BOUND('',#319,.T.);
#222=FACE_OUTER_BOUND('',#320,.T.);
#223=EDGE_LOOP('',(#933,#934,#935,#936));
#224=EDGE_LOOP('',(#937,#938,#939,#940,#941));
#225=EDGE_LOOP('',(#942,#943,#944,#945,#946,#947,#948,#949,#950,#951,#952,
#953,#954,#955,#956,#957,#958,#959,#960,#961,#962,#963,#964,#965,#966,#967,
#968,#969,#970,#971,#972,#973));
#226=EDGE_LOOP('',(#974));
#227=EDGE_LOOP('',(#975));
#228=EDGE_LOOP('',(#976));
#229=EDGE_LOOP('',(#977));
#230=EDGE_LOOP('',(#978));
#231=EDGE_LOOP('',(#979));
#232=EDGE_LOOP('',(#980));
#233=EDGE_LOOP('',(#981,#982,#983,#984));
#234=EDGE_LOOP('',(#985,#986,#987,#988));
#235=EDGE_LOOP('',(#989,#990,#991,#992));
#236=EDGE_LOOP('',(#993,#994,#995,#996));
#237=EDGE_LOOP('',(#997,#998,#999,#1000));
#238=EDGE_LOOP('',(#1001,#1002,#1003,#1004));
#239=EDGE_LOOP('',(#1005,#1006,#1007,#1008));
#240=EDGE_LOOP('',(#1009,#1010,#1011,#1012));
#241=EDGE_LOOP('',(#1013,#1014,#1015,#1016));
#242=EDGE_LOOP('',(#1017,#1018,#1019,#1020));
#243=EDGE_LOOP('',(#1021,#1022,#1023,#1024));
#244=EDGE_LOOP('',(#1025,#1026,#1027,#1028));
#245=EDGE_LOOP('',(#1029,#1030,#1031,#1032));
#246=EDGE_LOOP('',(#1033,#1034,#1035,#1036));
#247=EDGE_LOOP('',(#1037,#1038,#1039,#1040));
#248=EDGE_LOOP('',(#1041,#1042,#1043,#1044));
#249=EDGE_LOOP('',(#1045,#1046,#1047,#1048,#1049));
#250=EDGE_LOOP('',(#1050,#1051,#1052,#1053));
#251=EDGE_LOOP('',(#1054,#1055,#1056,#1057,#1058,#1059,#1060,#1061,#1062,
#1063,#1064,#1065));
#252=EDGE_LOOP('',(#1066,#1067,#1068,#1069,#1070,#1071,#1072,#1073));
#253=EDGE_LOOP('',(#1074));
#254=EDGE_LOOP('',(#1075));
#255=EDGE_LOOP('',(#1076));
#256=EDGE_LOOP('',(#1077));
#257=EDGE_LOOP('',(#1078));
#258=EDGE_LOOP('',(#1079));
#259=EDGE_LOOP('',(#1080));
#260=EDGE_LOOP('',(#1081,#1082,#1083,#1084));
#261=EDGE_LOOP('',(#1085));
#262=EDGE_LOOP('',(#1086));
#263=EDGE_LOOP('',(#1087,#1088,#1089,#1090));
#264=EDGE_LOOP('',(#1091,#1092,#1093,#1094));
#265=EDGE_LOOP('',(#1095,#1096,#1097,#1098,#1099,#1100,#1101,#1102));
#266=EDGE_LOOP('',(#1103,#1104,#1105,#1106,#1107,#1108,#1109,#1110));
#267=EDGE_LOOP('',(#1111,#1112,#1113,#1114));
#268=EDGE_LOOP('',(#1115,#1116,#1117,#1118));
#269=EDGE_LOOP('',(#1119,#1120,#1121,#1122,#1123,#1124,#1125,#1126));
#270=EDGE_LOOP('',(#1127,#1128,#1129,#1130,#1131,#1132,#1133,#1134));
#271=EDGE_LOOP('',(#1135,#1136,#1137,#1138));
#272=EDGE_LOOP('',(#1139,#1140,#1141,#1142,#1143,#1144,#1145,#1146));
#273=EDGE_LOOP('',(#1147,#1148,#1149,#1150,#1151,#1152,#1153,#1154));
#274=EDGE_LOOP('',(#1155,#1156,#1157,#1158,#1159,#1160,#1161,#1162,#1163,
#1164,#1165,#1166));
#275=EDGE_LOOP('',(#1167,#1168,#1169,#1170));
#276=EDGE_LOOP('',(#1171,#1172,#1173,#1174));
#277=EDGE_LOOP('',(#1175,#1176,#1177,#1178));
#278=EDGE_LOOP('',(#1179,#1180,#1181,#1182));
#279=EDGE_LOOP('',(#1183,#1184,#1185,#1186));
#280=EDGE_LOOP('',(#1187,#1188,#1189,#1190,#1191,#1192,#1193,#1194));
#281=EDGE_LOOP('',(#1195,#1196,#1197,#1198));
#282=EDGE_LOOP('',(#1199,#1200,#1201,#1202));
#283=EDGE_LOOP('',(#1203,#1204,#1205,#1206));
#284=EDGE_LOOP('',(#1207,#1208,#1209,#1210));
#285=EDGE_LOOP('',(#1211,#1212,#1213,#1214));
#286=EDGE_LOOP('',(#1215,#1216,#1217,#1218));
#287=EDGE_LOOP('',(#1219,#1220,#1221,#1222,#1223));
#288=EDGE_LOOP('',(#1224,#1225,#1226,#1227));
#289=EDGE_LOOP('',(#1228,#1229,#1230,#1231));
#290=EDGE_LOOP('',(#1232,#1233,#1234,#1235));
#291=EDGE_LOOP('',(#1236,#1237,#1238,#1239));
#292=EDGE_LOOP('',(#1240,#1241,#1242,#1243));
#293=EDGE_LOOP('',(#1244,#1245,#1246,#1247));
#294=EDGE_LOOP('',(#1248,#1249,#1250,#1251));
#295=EDGE_LOOP('',(#1252,#1253,#1254,#1255,#1256));
#296=EDGE_LOOP('',(#1257,#1258,#1259,#1260));
#297=EDGE_LOOP('',(#1261,#1262,#1263,#1264));
#298=EDGE_LOOP('',(#1265,#1266,#1267,#1268));
#299=EDGE_LOOP('',(#1269,#1270,#1271,#1272));
#300=EDGE_LOOP('',(#1273,#1274,#1275,#1276));
#301=EDGE_LOOP('',(#1277,#1278,#1279,#1280,#1281));
#302=EDGE_LOOP('',(#1282,#1283,#1284,#1285,#1286));
#303=EDGE_LOOP('',(#1287));
#304=EDGE_LOOP('',(#1288));
#305=EDGE_LOOP('',(#1289,#1290,#1291,#1292,#1293,#1294,#1295,#1296));
#306=EDGE_LOOP('',(#1297,#1298,#1299,#1300));
#307=EDGE_LOOP('',(#1301,#1302,#1303,#1304,#1305,#1306,#1307,#1308,#1309,
#1310,#1311,#1312));
#308=EDGE_LOOP('',(#1313,#1314,#1315,#1316));
#309=EDGE_LOOP('',(#1317));
#310=EDGE_LOOP('',(#1318));
#311=EDGE_LOOP('',(#1319,#1320,#1321,#1322));
#312=EDGE_LOOP('',(#1323,#1324,#1325,#1326));
#313=EDGE_LOOP('',(#1327));
#314=EDGE_LOOP('',(#1328));
#315=EDGE_LOOP('',(#1329,#1330,#1331,#1332));
#316=EDGE_LOOP('',(#1333,#1334,#1335,#1336));
#317=EDGE_LOOP('',(#1337));
#318=EDGE_LOOP('',(#1338));
#319=EDGE_LOOP('',(#1339,#1340,#1341,#1342));
#320=EDGE_LOOP('',(#1343,#1344,#1345,#1346));
#321=LINE('',#2095,#456);
#322=LINE('',#2097,#457);
#323=LINE('',#2099,#458);
#324=LINE('',#2100,#459);
#325=LINE('',#2103,#460);
#326=LINE('',#2105,#461);
#327=LINE('',#2107,#462);
#328=LINE('',#2108,#463);
#329=LINE('',#2111,#464);
#330=LINE('',#2115,#465);
#331=LINE('',#2117,#466);
#332=LINE('',#2121,#467);
#333=LINE('',#2125,#468);
#334=LINE('',#2127,#469);
#335=LINE('',#2131,#470);
#336=LINE('',#2133,#471);
#337=LINE('',#2137,#472);
#338=LINE('',#2141,#473);
#339=LINE('',#2145,#474);
#340=LINE('',#2149,#475);
#341=LINE('',#2151,#476);
#342=LINE('',#2155,#477);
#343=LINE('',#2157,#478);
#344=LINE('',#2161,#479);
#345=LINE('',#2165,#480);
#346=LINE('',#2167,#481);
#347=LINE('',#2185,#482);
#348=LINE('',#2187,#483);
#349=LINE('',#2188,#484);
#350=LINE('',#2192,#485);
#351=LINE('',#2195,#486);
#352=LINE('',#2196,#487);
#353=LINE('',#2200,#488);
#354=LINE('',#2203,#489);
#355=LINE('',#2204,#490);
#356=LINE('',#2207,#491);
#357=LINE('',#2211,#492);
#358=LINE('',#2212,#493);
#359=LINE('',#2216,#494);
#360=LINE('',#2219,#495);
#361=LINE('',#2220,#496);
#362=LINE('',#2223,#497);
#363=LINE('',#2226,#498);
#364=LINE('',#2229,#499);
#365=LINE('',#2230,#500);
#366=LINE('',#2233,#501);
#367=LINE('',#2237,#502);
#368=LINE('',#2238,#503);
#369=LINE('',#2241,#504);
#370=LINE('',#2245,#505);
#371=LINE('',#2246,#506);
#372=LINE('',#2249,#507);
#373=LINE('',#2253,#508);
#374=LINE('',#2255,#509);
#375=LINE('',#2256,#510);
#376=LINE('',#2260,#511);
#377=LINE('',#2263,#512);
#378=LINE('',#2264,#513);
#379=LINE('',#2265,#514);
#380=LINE('',#2267,#515);
#381=LINE('',#2268,#516);
#382=LINE('',#2284,#517);
#383=LINE('',#2291,#518);
#384=LINE('',#2297,#519);
#385=LINE('',#2300,#520);
#386=LINE('',#2303,#521);
#387=LINE('',#2307,#522);
#388=LINE('',#2311,#523);
#389=LINE('',#2314,#524);
#390=LINE('',#2317,#525);
#391=LINE('',#2318,#526);
#392=LINE('',#2320,#527);
#393=LINE('',#2322,#528);
#394=LINE('',#2323,#529);
#395=LINE('',#2327,#530);
#396=LINE('',#2333,#531);
#397=LINE('',#2336,#532);
#398=LINE('',#2339,#533);
#399=LINE('',#2343,#534);
#400=LINE('',#2347,#535);
#401=LINE('',#2350,#536);
#402=LINE('',#2353,#537);
#403=LINE('',#2354,#538);
#404=LINE('',#2356,#539);
#405=LINE('',#2358,#540);
#406=LINE('',#2359,#541);
#407=LINE('',#2363,#542);
#408=LINE('',#2366,#543);
#409=LINE('',#2370,#544);
#410=LINE('',#2374,#545);
#411=LINE('',#2378,#546);
#412=LINE('',#2382,#547);
#413=LINE('',#2386,#548);
#414=LINE('',#2390,#549);
#415=LINE('',#2394,#550);
#416=LINE('',#2396,#551);
#417=LINE('',#2399,#552);
#418=LINE('',#2402,#553);
#419=LINE('',#2404,#554);
#420=LINE('',#2405,#555);
#421=LINE('',#2408,#556);
#422=LINE('',#2409,#557);
#423=LINE('',#2412,#558);
#424=LINE('',#2413,#559);
#425=LINE('',#2415,#560);
#426=LINE('',#2417,#561);
#427=LINE('',#2419,#562);
#428=LINE('',#2420,#563);
#429=LINE('',#2424,#564);
#430=LINE('',#2426,#565);
#431=LINE('',#2428,#566);
#432=LINE('',#2429,#567);
#433=LINE('',#2433,#568);
#434=LINE('',#2434,#569);
#435=LINE('',#2437,#570);
#436=LINE('',#2440,#571);
#437=LINE('',#2443,#572);
#438=LINE('',#2446,#573);
#439=LINE('',#2449,#574);
#440=LINE('',#2450,#575);
#441=LINE('',#2452,#576);
#442=LINE('',#2454,#577);
#443=LINE('',#2455,#578);
#444=LINE('',#2457,#579);
#445=LINE('',#2460,#580);
#446=LINE('',#2466,#581);
#447=LINE('',#2470,#582);
#448=LINE('',#2480,#583);
#449=LINE('',#2487,#584);
#450=LINE('',#2494,#585);
#451=LINE('',#2497,#586);
#452=LINE('',#2504,#587);
#453=LINE('',#2507,#588);
#454=LINE('',#2514,#589);
#455=LINE('',#2516,#590);
#456=VECTOR('',#1648,10.);
#457=VECTOR('',#1649,10.);
#458=VECTOR('',#1650,10.);
#459=VECTOR('',#1651,10.);
#460=VECTOR('',#1654,10.);
#461=VECTOR('',#1655,10.);
#462=VECTOR('',#1656,10.);
#463=VECTOR('',#1657,10.);
#464=VECTOR('',#1660,10.);
#465=VECTOR('',#1663,10.);
#466=VECTOR('',#1664,10.);
#467=VECTOR('',#1667,10.);
#468=VECTOR('',#1670,10.);
#469=VECTOR('',#1671,10.);
#470=VECTOR('',#1674,10.);
#471=VECTOR('',#1675,10.);
#472=VECTOR('',#1678,10.);
#473=VECTOR('',#1681,10.);
#474=VECTOR('',#1684,10.);
#475=VECTOR('',#1687,10.);
#476=VECTOR('',#1688,10.);
#477=VECTOR('',#1691,10.);
#478=VECTOR('',#1692,10.);
#479=VECTOR('',#1695,10.);
#480=VECTOR('',#1698,10.);
#481=VECTOR('',#1699,10.);
#482=VECTOR('',#1718,10.);
#483=VECTOR('',#1719,10.);
#484=VECTOR('',#1720,10.);
#485=VECTOR('',#1725,10.);
#486=VECTOR('',#1728,10.);
#487=VECTOR('',#1729,10.);
#488=VECTOR('',#1734,10.);
#489=VECTOR('',#1737,10.);
#490=VECTOR('',#1738,10.);
#491=VECTOR('',#1741,10.);
#492=VECTOR('',#1746,10.);
#493=VECTOR('',#1747,10.);
#494=VECTOR('',#1752,10.);
#495=VECTOR('',#1755,10.);
#496=VECTOR('',#1756,10.);
#497=VECTOR('',#1759,10.);
#498=VECTOR('',#1762,10.);
#499=VECTOR('',#1765,10.);
#500=VECTOR('',#1766,10.);
#501=VECTOR('',#1769,10.);
#502=VECTOR('',#1774,10.);
#503=VECTOR('',#1775,10.);
#504=VECTOR('',#1778,10.);
#505=VECTOR('',#1783,10.);
#506=VECTOR('',#1784,10.);
#507=VECTOR('',#1787,10.);
#508=VECTOR('',#1792,10.);
#509=VECTOR('',#1793,10.);
#510=VECTOR('',#1794,10.);
#511=VECTOR('',#1799,1.7);
#512=VECTOR('',#1802,10.);
#513=VECTOR('',#1803,10.);
#514=VECTOR('',#1804,10.);
#515=VECTOR('',#1805,10.);
#516=VECTOR('',#1806,10.);
#517=VECTOR('',#1823,1.5);
#518=VECTOR('',#1834,2.85);
#519=VECTOR('',#1839,10.);
#520=VECTOR('',#1842,10.);
#521=VECTOR('',#1845,10.);
#522=VECTOR('',#1848,10.);
#523=VECTOR('',#1851,10.);
#524=VECTOR('',#1854,10.);
#525=VECTOR('',#1857,10.);
#526=VECTOR('',#1858,10.);
#527=VECTOR('',#1859,10.);
#528=VECTOR('',#1860,10.);
#529=VECTOR('',#1861,10.);
#530=VECTOR('',#1866,10.);
#531=VECTOR('',#1871,10.);
#532=VECTOR('',#1874,10.);
#533=VECTOR('',#1877,10.);
#534=VECTOR('',#1880,10.);
#535=VECTOR('',#1883,10.);
#536=VECTOR('',#1886,10.);
#537=VECTOR('',#1889,10.);
#538=VECTOR('',#1890,10.);
#539=VECTOR('',#1891,10.);
#540=VECTOR('',#1892,10.);
#541=VECTOR('',#1893,10.);
#542=VECTOR('',#1898,10.);
#543=VECTOR('',#1901,10.);
#544=VECTOR('',#1904,10.);
#545=VECTOR('',#1907,10.);
#546=VECTOR('',#1912,10.);
#547=VECTOR('',#1915,10.);
#548=VECTOR('',#1918,10.);
#549=VECTOR('',#1923,10.);
#550=VECTOR('',#1926,10.);
#551=VECTOR('',#1927,10.);
#552=VECTOR('',#1930,10.);
#553=VECTOR('',#1933,10.);
#554=VECTOR('',#1936,10.);
#555=VECTOR('',#1937,10.);
#556=VECTOR('',#1942,10.);
#557=VECTOR('',#1943,10.);
#558=VECTOR('',#1948,10.);
#559=VECTOR('',#1949,10.);
#560=VECTOR('',#1952,10.);
#561=VECTOR('',#1953,10.);
#562=VECTOR('',#1954,10.);
#563=VECTOR('',#1955,10.);
#564=VECTOR('',#1960,10.);
#565=VECTOR('',#1963,10.);
#566=VECTOR('',#1966,10.);
#567=VECTOR('',#1967,10.);
#568=VECTOR('',#1972,10.);
#569=VECTOR('',#1973,10.);
#570=VECTOR('',#1976,10.);
#571=VECTOR('',#1981,10.);
#572=VECTOR('',#1984,10.);
#573=VECTOR('',#1989,10.);
#574=VECTOR('',#1994,10.);
#575=VECTOR('',#1995,10.);
#576=VECTOR('',#1998,10.);
#577=VECTOR('',#2001,10.);
#578=VECTOR('',#2002,10.);
#579=VECTOR('',#2005,10.);
#580=VECTOR('',#2010,10.);
#581=VECTOR('',#2019,2.25);
#582=VECTOR('',#2024,1.75);
#583=VECTOR('',#2037,3.9);
#584=VECTOR('',#2048,1.5);
#585=VECTOR('',#2059,2.85);
#586=VECTOR('',#2062,1.5);
#587=VECTOR('',#2073,2.85);
#588=VECTOR('',#2076,1.5);
#589=VECTOR('',#2087,2.85);
#590=VECTOR('',#2090,1.7);
#591=VERTEX_POINT('',#2093);
#592=VERTEX_POINT('',#2094);
#593=VERTEX_POINT('',#2096);
#594=VERTEX_POINT('',#2098);
#595=VERTEX_POINT('',#2102);
#596=VERTEX_POINT('',#2104);
#597=VERTEX_POINT('',#2106);
#598=VERTEX_POINT('',#2110);
#599=VERTEX_POINT('',#2112);
#600=VERTEX_POINT('',#2114);
#601=VERTEX_POINT('',#2116);
#602=VERTEX_POINT('',#2118);
#603=VERTEX_POINT('',#2120);
#604=VERTEX_POINT('',#2122);
#605=VERTEX_POINT('',#2124);
#606=VERTEX_POINT('',#2126);
#607=VERTEX_POINT('',#2128);
#608=VERTEX_POINT('',#2130);
#609=VERTEX_POINT('',#2132);
#610=VERTEX_POINT('',#2134);
#611=VERTEX_POINT('',#2136);
#612=VERTEX_POINT('',#2138);
#613=VERTEX_POINT('',#2140);
#614=VERTEX_POINT('',#2142);
#615=VERTEX_POINT('',#2144);
#616=VERTEX_POINT('',#2146);
#617=VERTEX_POINT('',#2148);
#618=VERTEX_POINT('',#2150);
#619=VERTEX_POINT('',#2152);
#620=VERTEX_POINT('',#2154);
#621=VERTEX_POINT('',#2156);
#622=VERTEX_POINT('',#2158);
#623=VERTEX_POINT('',#2160);
#624=VERTEX_POINT('',#2162);
#625=VERTEX_POINT('',#2164);
#626=VERTEX_POINT('',#2166);
#627=VERTEX_POINT('',#2169);
#628=VERTEX_POINT('',#2171);
#629=VERTEX_POINT('',#2173);
#630=VERTEX_POINT('',#2175);
#631=VERTEX_POINT('',#2177);
#632=VERTEX_POINT('',#2179);
#633=VERTEX_POINT('',#2181);
#634=VERTEX_POINT('',#2184);
#635=VERTEX_POINT('',#2186);
#636=VERTEX_POINT('',#2190);
#637=VERTEX_POINT('',#2194);
#638=VERTEX_POINT('',#2198);
#639=VERTEX_POINT('',#2202);
#640=VERTEX_POINT('',#2206);
#641=VERTEX_POINT('',#2210);
#642=VERTEX_POINT('',#2214);
#643=VERTEX_POINT('',#2218);
#644=VERTEX_POINT('',#2222);
#645=VERTEX_POINT('',#2224);
#646=VERTEX_POINT('',#2228);
#647=VERTEX_POINT('',#2232);
#648=VERTEX_POINT('',#2236);
#649=VERTEX_POINT('',#2240);
#650=VERTEX_POINT('',#2244);
#651=VERTEX_POINT('',#2248);
#652=VERTEX_POINT('',#2252);
#653=VERTEX_POINT('',#2254);
#654=VERTEX_POINT('',#2258);
#655=VERTEX_POINT('',#2262);
#656=VERTEX_POINT('',#2266);
#657=VERTEX_POINT('',#2270);
#658=VERTEX_POINT('',#2272);
#659=VERTEX_POINT('',#2274);
#660=VERTEX_POINT('',#2276);
#661=VERTEX_POINT('',#2278);
#662=VERTEX_POINT('',#2280);
#663=VERTEX_POINT('',#2283);
#664=VERTEX_POINT('',#2288);
#665=VERTEX_POINT('',#2293);
#666=VERTEX_POINT('',#2294);
#667=VERTEX_POINT('',#2296);
#668=VERTEX_POINT('',#2298);
#669=VERTEX_POINT('',#2302);
#670=VERTEX_POINT('',#2304);
#671=VERTEX_POINT('',#2306);
#672=VERTEX_POINT('',#2308);
#673=VERTEX_POINT('',#2310);
#674=VERTEX_POINT('',#2312);
#675=VERTEX_POINT('',#2316);
#676=VERTEX_POINT('',#2319);
#677=VERTEX_POINT('',#2321);
#678=VERTEX_POINT('',#2325);
#679=VERTEX_POINT('',#2329);
#680=VERTEX_POINT('',#2330);
#681=VERTEX_POINT('',#2332);
#682=VERTEX_POINT('',#2334);
#683=VERTEX_POINT('',#2338);
#684=VERTEX_POINT('',#2340);
#685=VERTEX_POINT('',#2342);
#686=VERTEX_POINT('',#2344);
#687=VERTEX_POINT('',#2346);
#688=VERTEX_POINT('',#2348);
#689=VERTEX_POINT('',#2352);
#690=VERTEX_POINT('',#2355);
#691=VERTEX_POINT('',#2357);
#692=VERTEX_POINT('',#2361);
#693=VERTEX_POINT('',#2365);
#694=VERTEX_POINT('',#2367);
#695=VERTEX_POINT('',#2369);
#696=VERTEX_POINT('',#2371);
#697=VERTEX_POINT('',#2373);
#698=VERTEX_POINT('',#2377);
#699=VERTEX_POINT('',#2379);
#700=VERTEX_POINT('',#2381);
#701=VERTEX_POINT('',#2383);
#702=VERTEX_POINT('',#2385);
#703=VERTEX_POINT('',#2389);
#704=VERTEX_POINT('',#2391);
#705=VERTEX_POINT('',#2393);
#706=VERTEX_POINT('',#2395);
#707=VERTEX_POINT('',#2397);
#708=VERTEX_POINT('',#2400);
#709=VERTEX_POINT('',#2416);
#710=VERTEX_POINT('',#2418);
#711=VERTEX_POINT('',#2422);
#712=VERTEX_POINT('',#2432);
#713=VERTEX_POINT('',#2436);
#714=VERTEX_POINT('',#2442);
#715=VERTEX_POINT('',#2464);
#716=VERTEX_POINT('',#2468);
#717=VERTEX_POINT('',#2472);
#718=VERTEX_POINT('',#2474);
#719=VERTEX_POINT('',#2476);
#720=VERTEX_POINT('',#2486);
#721=VERTEX_POINT('',#2491);
#722=VERTEX_POINT('',#2496);
#723=VERTEX_POINT('',#2501);
#724=VERTEX_POINT('',#2506);
#725=VERTEX_POINT('',#2511);
#726=EDGE_CURVE('',#591,#592,#321,.T.);
#727=EDGE_CURVE('',#592,#593,#322,.T.);
#728=EDGE_CURVE('',#593,#594,#323,.T.);
#729=EDGE_CURVE('',#594,#591,#324,.T.);
#730=EDGE_CURVE('',#595,#593,#325,.T.);
#731=EDGE_CURVE('',#595,#596,#326,.T.);
#732=EDGE_CURVE('',#596,#597,#327,.T.);
#733=EDGE_CURVE('',#594,#597,#328,.T.);
#734=EDGE_CURVE('',#592,#598,#329,.T.);
#735=EDGE_CURVE('',#598,#599,#68,.T.);
#736=EDGE_CURVE('',#599,#600,#330,.T.);
#737=EDGE_CURVE('',#600,#601,#331,.T.);
#738=EDGE_CURVE('',#601,#602,#69,.T.);
#739=EDGE_CURVE('',#602,#603,#332,.T.);
#740=EDGE_CURVE('',#603,#604,#70,.T.);
#741=EDGE_CURVE('',#604,#605,#333,.T.);
#742=EDGE_CURVE('',#605,#606,#334,.T.);
#743=EDGE_CURVE('',#606,#607,#71,.T.);
#744=EDGE_CURVE('',#607,#608,#335,.T.);
#745=EDGE_CURVE('',#609,#608,#336,.T.);
#746=EDGE_CURVE('',#610,#609,#72,.T.);
#747=EDGE_CURVE('',#611,#610,#337,.T.);
#748=EDGE_CURVE('',#612,#611,#73,.T.);
#749=EDGE_CURVE('',#613,#612,#338,.T.);
#750=EDGE_CURVE('',#614,#613,#74,.T.);
#751=EDGE_CURVE('',#615,#614,#339,.T.);
#752=EDGE_CURVE('',#616,#615,#75,.T.);
#753=EDGE_CURVE('',#617,#616,#340,.T.);
#754=EDGE_CURVE('',#617,#618,#341,.T.);
#755=EDGE_CURVE('',#618,#619,#76,.T.);
#756=EDGE_CURVE('',#619,#620,#342,.T.);
#757=EDGE_CURVE('',#620,#621,#343,.T.);
#758=EDGE_CURVE('',#621,#622,#77,.T.);
#759=EDGE_CURVE('',#622,#623,#344,.T.);
#760=EDGE_CURVE('',#623,#624,#78,.T.);
#761=EDGE_CURVE('',#624,#625,#345,.T.);
#762=EDGE_CURVE('',#625,#626,#346,.T.);
#763=EDGE_CURVE('',#626,#595,#79,.T.);
#764=EDGE_CURVE('',#627,#627,#80,.T.);
#765=EDGE_CURVE('',#628,#628,#81,.T.);
#766=EDGE_CURVE('',#629,#629,#82,.T.);
#767=EDGE_CURVE('',#630,#630,#83,.T.);
#768=EDGE_CURVE('',#631,#631,#84,.T.);
#769=EDGE_CURVE('',#632,#632,#85,.T.);
#770=EDGE_CURVE('',#633,#633,#86,.T.);
#771=EDGE_CURVE('',#608,#634,#347,.T.);
#772=EDGE_CURVE('',#634,#635,#348,.T.);
#773=EDGE_CURVE('',#635,#609,#349,.T.);
#774=EDGE_CURVE('',#635,#636,#87,.T.);
#775=EDGE_CURVE('',#636,#610,#350,.T.);
#776=EDGE_CURVE('',#637,#611,#351,.T.);
#777=EDGE_CURVE('',#636,#637,#352,.T.);
#778=EDGE_CURVE('',#637,#638,#88,.T.);
#779=EDGE_CURVE('',#638,#612,#353,.T.);
#780=EDGE_CURVE('',#639,#613,#354,.T.);
#781=EDGE_CURVE('',#638,#639,#355,.T.);
#782=EDGE_CURVE('',#640,#614,#356,.T.);
#783=EDGE_CURVE('',#639,#640,#89,.T.);
#784=EDGE_CURVE('',#641,#615,#357,.T.);
#785=EDGE_CURVE('',#640,#641,#358,.T.);
#786=EDGE_CURVE('',#641,#642,#90,.T.);
#787=EDGE_CURVE('',#642,#616,#359,.T.);
#788=EDGE_CURVE('',#643,#617,#360,.T.);
#789=EDGE_CURVE('',#642,#643,#361,.T.);
#790=EDGE_CURVE('',#641,#644,#362,.T.);
#791=EDGE_CURVE('',#644,#645,#91,.T.);
#792=EDGE_CURVE('',#642,#645,#363,.T.);
#793=EDGE_CURVE('',#640,#646,#364,.T.);
#794=EDGE_CURVE('',#644,#646,#365,.T.);
#795=EDGE_CURVE('',#639,#647,#366,.T.);
#796=EDGE_CURVE('',#646,#647,#92,.T.);
#797=EDGE_CURVE('',#638,#648,#367,.T.);
#798=EDGE_CURVE('',#647,#648,#368,.T.);
#799=EDGE_CURVE('',#637,#649,#369,.T.);
#800=EDGE_CURVE('',#649,#648,#93,.T.);
#801=EDGE_CURVE('',#650,#636,#370,.T.);
#802=EDGE_CURVE('',#649,#650,#371,.T.);
#803=EDGE_CURVE('',#651,#635,#372,.T.);
#804=EDGE_CURVE('',#651,#650,#94,.T.);
#805=EDGE_CURVE('',#607,#652,#373,.T.);
#806=EDGE_CURVE('',#652,#653,#374,.T.);
#807=EDGE_CURVE('',#634,#653,#375,.T.);
#808=EDGE_CURVE('',#654,#654,#95,.T.);
#809=EDGE_CURVE('',#654,#632,#376,.T.);
#810=EDGE_CURVE('',#597,#655,#377,.T.);
#811=EDGE_CURVE('',#655,#643,#378,.T.);
#812=EDGE_CURVE('',#651,#645,#379,.T.);
#813=EDGE_CURVE('',#653,#656,#380,.T.);
#814=EDGE_CURVE('',#656,#591,#381,.T.);
#815=EDGE_CURVE('',#657,#657,#96,.T.);
#816=EDGE_CURVE('',#658,#658,#97,.T.);
#817=EDGE_CURVE('',#659,#659,#98,.T.);
#818=EDGE_CURVE('',#660,#660,#99,.T.);
#819=EDGE_CURVE('',#661,#661,#100,.T.);
#820=EDGE_CURVE('',#662,#662,#101,.T.);
#821=EDGE_CURVE('',#629,#663,#382,.T.);
#822=EDGE_CURVE('',#663,#663,#102,.T.);
#823=EDGE_CURVE('',#664,#664,#103,.T.);
#824=EDGE_CURVE('',#664,#660,#383,.T.);
#825=EDGE_CURVE('',#665,#666,#104,.T.);
#826=EDGE_CURVE('',#665,#667,#384,.T.);
#827=EDGE_CURVE('',#667,#668,#105,.T.);
#828=EDGE_CURVE('',#668,#666,#385,.T.);
#829=EDGE_CURVE('',#666,#669,#386,.T.);
#830=EDGE_CURVE('',#669,#670,#106,.T.);
#831=EDGE_CURVE('',#671,#670,#387,.T.);
#832=EDGE_CURVE('',#671,#672,#107,.T.);
#833=EDGE_CURVE('',#673,#672,#388,.T.);
#834=EDGE_CURVE('',#673,#674,#108,.T.);
#835=EDGE_CURVE('',#674,#665,#389,.T.);
#836=EDGE_CURVE('',#668,#675,#390,.T.);
#837=EDGE_CURVE('',#605,#675,#391,.T.);
#838=EDGE_CURVE('',#604,#676,#392,.T.);
#839=EDGE_CURVE('',#676,#677,#393,.T.);
#840=EDGE_CURVE('',#669,#677,#394,.T.);
#841=EDGE_CURVE('',#677,#678,#109,.T.);
#842=EDGE_CURVE('',#678,#670,#395,.T.);
#843=EDGE_CURVE('',#679,#680,#110,.T.);
#844=EDGE_CURVE('',#679,#681,#396,.T.);
#845=EDGE_CURVE('',#681,#682,#111,.T.);
#846=EDGE_CURVE('',#682,#680,#397,.T.);
#847=EDGE_CURVE('',#683,#680,#398,.T.);
#848=EDGE_CURVE('',#683,#684,#112,.T.);
#849=EDGE_CURVE('',#685,#684,#399,.T.);
#850=EDGE_CURVE('',#685,#686,#113,.T.);
#851=EDGE_CURVE('',#687,#686,#400,.T.);
#852=EDGE_CURVE('',#687,#688,#114,.T.);
#853=EDGE_CURVE('',#679,#688,#401,.T.);
#854=EDGE_CURVE('',#682,#689,#402,.T.);
#855=EDGE_CURVE('',#625,#689,#403,.T.);
#856=EDGE_CURVE('',#624,#690,#404,.T.);
#857=EDGE_CURVE('',#690,#691,#405,.T.);
#858=EDGE_CURVE('',#683,#691,#406,.T.);
#859=EDGE_CURVE('',#691,#692,#115,.T.);
#860=EDGE_CURVE('',#692,#684,#407,.T.);
#861=EDGE_CURVE('',#693,#678,#408,.T.);
#862=EDGE_CURVE('',#694,#676,#116,.T.);
#863=EDGE_CURVE('',#695,#694,#409,.T.);
#864=EDGE_CURVE('',#696,#695,#117,.T.);
#865=EDGE_CURVE('',#697,#696,#410,.T.);
#866=EDGE_CURVE('',#693,#697,#118,.T.);
#867=EDGE_CURVE('',#698,#692,#411,.T.);
#868=EDGE_CURVE('',#699,#690,#119,.T.);
#869=EDGE_CURVE('',#700,#699,#412,.T.);
#870=EDGE_CURVE('',#701,#700,#120,.T.);
#871=EDGE_CURVE('',#702,#701,#413,.T.);
#872=EDGE_CURVE('',#698,#702,#121,.T.);
#873=EDGE_CURVE('',#703,#667,#414,.T.);
#874=EDGE_CURVE('',#704,#703,#122,.T.);
#875=EDGE_CURVE('',#705,#704,#415,.T.);
#876=EDGE_CURVE('',#706,#705,#416,.T.);
#877=EDGE_CURVE('',#707,#706,#123,.T.);
#878=EDGE_CURVE('',#656,#707,#417,.T.);
#879=EDGE_CURVE('',#708,#652,#124,.T.);
#880=EDGE_CURVE('',#675,#708,#418,.T.);
#881=EDGE_CURVE('',#673,#704,#419,.T.);
#882=EDGE_CURVE('',#703,#674,#420,.T.);
#883=EDGE_CURVE('',#671,#693,#421,.T.);
#884=EDGE_CURVE('',#697,#672,#422,.T.);
#885=EDGE_CURVE('',#685,#698,#423,.T.);
#886=EDGE_CURVE('',#702,#686,#424,.T.);
#887=EDGE_CURVE('',#621,#701,#425,.T.);
#888=EDGE_CURVE('',#620,#709,#426,.T.);
#889=EDGE_CURVE('',#709,#710,#427,.T.);
#890=EDGE_CURVE('',#687,#710,#428,.T.);
#891=EDGE_CURVE('',#710,#711,#125,.T.);
#892=EDGE_CURVE('',#711,#688,#429,.T.);
#893=EDGE_CURVE('',#681,#711,#430,.T.);
#894=EDGE_CURVE('',#622,#700,#431,.T.);
#895=EDGE_CURVE('',#623,#699,#432,.T.);
#896=EDGE_CURVE('',#619,#712,#433,.T.);
#897=EDGE_CURVE('',#712,#709,#434,.T.);
#898=EDGE_CURVE('',#618,#713,#435,.T.);
#899=EDGE_CURVE('',#713,#712,#126,.T.);
#900=EDGE_CURVE('',#655,#713,#436,.T.);
#901=EDGE_CURVE('',#626,#714,#437,.T.);
#902=EDGE_CURVE('',#714,#596,#127,.T.);
#903=EDGE_CURVE('',#689,#714,#438,.T.);
#904=EDGE_CURVE('',#602,#695,#439,.T.);
#905=EDGE_CURVE('',#603,#694,#440,.T.);
#906=EDGE_CURVE('',#601,#696,#441,.T.);
#907=EDGE_CURVE('',#599,#706,#442,.T.);
#908=EDGE_CURVE('',#600,#705,#443,.T.);
#909=EDGE_CURVE('',#598,#707,#444,.T.);
#910=EDGE_CURVE('',#606,#708,#445,.T.);
#911=EDGE_CURVE('',#715,#715,#128,.T.);
#912=EDGE_CURVE('',#715,#661,#446,.T.);
#913=EDGE_CURVE('',#716,#716,#129,.T.);
#914=EDGE_CURVE('',#716,#715,#447,.T.);
#915=EDGE_CURVE('',#717,#717,#130,.T.);
#916=EDGE_CURVE('',#717,#718,#131,.T.);
#917=EDGE_CURVE('',#718,#719,#132,.T.);
#918=EDGE_CURVE('',#719,#718,#133,.T.);
#919=EDGE_CURVE('',#628,#719,#448,.T.);
#920=EDGE_CURVE('',#630,#720,#449,.T.);
#921=EDGE_CURVE('',#720,#720,#134,.T.);
#922=EDGE_CURVE('',#721,#721,#135,.T.);
#923=EDGE_CURVE('',#721,#662,#450,.T.);
#924=EDGE_CURVE('',#627,#722,#451,.T.);
#925=EDGE_CURVE('',#722,#722,#136,.T.);
#926=EDGE_CURVE('',#723,#723,#137,.T.);
#927=EDGE_CURVE('',#723,#659,#452,.T.);
#928=EDGE_CURVE('',#631,#724,#453,.T.);
#929=EDGE_CURVE('',#724,#724,#138,.T.);
#930=EDGE_CURVE('',#725,#725,#139,.T.);
#931=EDGE_CURVE('',#725,#658,#454,.T.);
#932=EDGE_CURVE('',#657,#633,#455,.T.);
#933=ORIENTED_EDGE('',*,*,#726,.T.);
#934=ORIENTED_EDGE('',*,*,#727,.T.);
#935=ORIENTED_EDGE('',*,*,#728,.T.);
#936=ORIENTED_EDGE('',*,*,#729,.T.);
#937=ORIENTED_EDGE('',*,*,#728,.F.);
#938=ORIENTED_EDGE('',*,*,#730,.F.);
#939=ORIENTED_EDGE('',*,*,#731,.T.);
#940=ORIENTED_EDGE('',*,*,#732,.T.);
#941=ORIENTED_EDGE('',*,*,#733,.F.);
#942=ORIENTED_EDGE('',*,*,#727,.F.);
#943=ORIENTED_EDGE('',*,*,#734,.T.);
#944=ORIENTED_EDGE('',*,*,#735,.T.);
#945=ORIENTED_EDGE('',*,*,#736,.T.);
#946=ORIENTED_EDGE('',*,*,#737,.T.);
#947=ORIENTED_EDGE('',*,*,#738,.T.);
#948=ORIENTED_EDGE('',*,*,#739,.T.);
#949=ORIENTED_EDGE('',*,*,#740,.T.);
#950=ORIENTED_EDGE('',*,*,#741,.T.);
#951=ORIENTED_EDGE('',*,*,#742,.T.);
#952=ORIENTED_EDGE('',*,*,#743,.T.);
#953=ORIENTED_EDGE('',*,*,#744,.T.);
#954=ORIENTED_EDGE('',*,*,#745,.F.);
#955=ORIENTED_EDGE('',*,*,#746,.F.);
#956=ORIENTED_EDGE('',*,*,#747,.F.);
#957=ORIENTED_EDGE('',*,*,#748,.F.);
#958=ORIENTED_EDGE('',*,*,#749,.F.);
#959=ORIENTED_EDGE('',*,*,#750,.F.);
#960=ORIENTED_EDGE('',*,*,#751,.F.);
#961=ORIENTED_EDGE('',*,*,#752,.F.);
#962=ORIENTED_EDGE('',*,*,#753,.F.);
#963=ORIENTED_EDGE('',*,*,#754,.T.);
#964=ORIENTED_EDGE('',*,*,#755,.T.);
#965=ORIENTED_EDGE('',*,*,#756,.T.);
#966=ORIENTED_EDGE('',*,*,#757,.T.);
#967=ORIENTED_EDGE('',*,*,#758,.T.);
#968=ORIENTED_EDGE('',*,*,#759,.T.);
#969=ORIENTED_EDGE('',*,*,#760,.T.);
#970=ORIENTED_EDGE('',*,*,#761,.T.);
#971=ORIENTED_EDGE('',*,*,#762,.T.);
#972=ORIENTED_EDGE('',*,*,#763,.T.);
#973=ORIENTED_EDGE('',*,*,#730,.T.);
#974=ORIENTED_EDGE('',*,*,#764,.F.);
#975=ORIENTED_EDGE('',*,*,#765,.T.);
#976=ORIENTED_EDGE('',*,*,#766,.T.);
#977=ORIENTED_EDGE('',*,*,#767,.F.);
#978=ORIENTED_EDGE('',*,*,#768,.T.);
#979=ORIENTED_EDGE('',*,*,#769,.T.);
#980=ORIENTED_EDGE('',*,*,#770,.F.);
#981=ORIENTED_EDGE('',*,*,#771,.T.);
#982=ORIENTED_EDGE('',*,*,#772,.T.);
#983=ORIENTED_EDGE('',*,*,#773,.T.);
#984=ORIENTED_EDGE('',*,*,#745,.T.);
#985=ORIENTED_EDGE('',*,*,#773,.F.);
#986=ORIENTED_EDGE('',*,*,#774,.T.);
#987=ORIENTED_EDGE('',*,*,#775,.T.);
#988=ORIENTED_EDGE('',*,*,#746,.T.);
#989=ORIENTED_EDGE('',*,*,#776,.T.);
#990=ORIENTED_EDGE('',*,*,#747,.T.);
#991=ORIENTED_EDGE('',*,*,#775,.F.);
#992=ORIENTED_EDGE('',*,*,#777,.T.);
#993=ORIENTED_EDGE('',*,*,#776,.F.);
#994=ORIENTED_EDGE('',*,*,#778,.T.);
#995=ORIENTED_EDGE('',*,*,#779,.T.);
#996=ORIENTED_EDGE('',*,*,#748,.T.);
#997=ORIENTED_EDGE('',*,*,#780,.T.);
#998=ORIENTED_EDGE('',*,*,#749,.T.);
#999=ORIENTED_EDGE('',*,*,#779,.F.);
#1000=ORIENTED_EDGE('',*,*,#781,.T.);
#1001=ORIENTED_EDGE('',*,*,#782,.T.);
#1002=ORIENTED_EDGE('',*,*,#750,.T.);
#1003=ORIENTED_EDGE('',*,*,#780,.F.);
#1004=ORIENTED_EDGE('',*,*,#783,.T.);
#1005=ORIENTED_EDGE('',*,*,#784,.T.);
#1006=ORIENTED_EDGE('',*,*,#751,.T.);
#1007=ORIENTED_EDGE('',*,*,#782,.F.);
#1008=ORIENTED_EDGE('',*,*,#785,.T.);
#1009=ORIENTED_EDGE('',*,*,#784,.F.);
#1010=ORIENTED_EDGE('',*,*,#786,.T.);
#1011=ORIENTED_EDGE('',*,*,#787,.T.);
#1012=ORIENTED_EDGE('',*,*,#752,.T.);
#1013=ORIENTED_EDGE('',*,*,#788,.T.);
#1014=ORIENTED_EDGE('',*,*,#753,.T.);
#1015=ORIENTED_EDGE('',*,*,#787,.F.);
#1016=ORIENTED_EDGE('',*,*,#789,.T.);
#1017=ORIENTED_EDGE('',*,*,#786,.F.);
#1018=ORIENTED_EDGE('',*,*,#790,.T.);
#1019=ORIENTED_EDGE('',*,*,#791,.T.);
#1020=ORIENTED_EDGE('',*,*,#792,.F.);
#1021=ORIENTED_EDGE('',*,*,#785,.F.);
#1022=ORIENTED_EDGE('',*,*,#793,.T.);
#1023=ORIENTED_EDGE('',*,*,#794,.F.);
#1024=ORIENTED_EDGE('',*,*,#790,.F.);
#1025=ORIENTED_EDGE('',*,*,#783,.F.);
#1026=ORIENTED_EDGE('',*,*,#795,.T.);
#1027=ORIENTED_EDGE('',*,*,#796,.F.);
#1028=ORIENTED_EDGE('',*,*,#793,.F.);
#1029=ORIENTED_EDGE('',*,*,#781,.F.);
#1030=ORIENTED_EDGE('',*,*,#797,.T.);
#1031=ORIENTED_EDGE('',*,*,#798,.F.);
#1032=ORIENTED_EDGE('',*,*,#795,.F.);
#1033=ORIENTED_EDGE('',*,*,#778,.F.);
#1034=ORIENTED_EDGE('',*,*,#799,.T.);
#1035=ORIENTED_EDGE('',*,*,#800,.T.);
#1036=ORIENTED_EDGE('',*,*,#797,.F.);
#1037=ORIENTED_EDGE('',*,*,#777,.F.);
#1038=ORIENTED_EDGE('',*,*,#801,.F.);
#1039=ORIENTED_EDGE('',*,*,#802,.F.);
#1040=ORIENTED_EDGE('',*,*,#799,.F.);
#1041=ORIENTED_EDGE('',*,*,#774,.F.);
#1042=ORIENTED_EDGE('',*,*,#803,.F.);
#1043=ORIENTED_EDGE('',*,*,#804,.T.);
#1044=ORIENTED_EDGE('',*,*,#801,.T.);
#1045=ORIENTED_EDGE('',*,*,#771,.F.);
#1046=ORIENTED_EDGE('',*,*,#744,.F.);
#1047=ORIENTED_EDGE('',*,*,#805,.T.);
#1048=ORIENTED_EDGE('',*,*,#806,.T.);
#1049=ORIENTED_EDGE('',*,*,#807,.F.);
#1050=ORIENTED_EDGE('',*,*,#808,.F.);
#1051=ORIENTED_EDGE('',*,*,#809,.T.);
#1052=ORIENTED_EDGE('',*,*,#769,.F.);
#1053=ORIENTED_EDGE('',*,*,#809,.F.);
#1054=ORIENTED_EDGE('',*,*,#729,.F.);
#1055=ORIENTED_EDGE('',*,*,#733,.T.);
#1056=ORIENTED_EDGE('',*,*,#810,.T.);
#1057=ORIENTED_EDGE('',*,*,#811,.T.);
#1058=ORIENTED_EDGE('',*,*,#789,.F.);
#1059=ORIENTED_EDGE('',*,*,#792,.T.);
#1060=ORIENTED_EDGE('',*,*,#812,.F.);
#1061=ORIENTED_EDGE('',*,*,#803,.T.);
#1062=ORIENTED_EDGE('',*,*,#772,.F.);
#1063=ORIENTED_EDGE('',*,*,#807,.T.);
#1064=ORIENTED_EDGE('',*,*,#813,.T.);
#1065=ORIENTED_EDGE('',*,*,#814,.T.);
#1066=ORIENTED_EDGE('',*,*,#804,.F.);
#1067=ORIENTED_EDGE('',*,*,#812,.T.);
#1068=ORIENTED_EDGE('',*,*,#791,.F.);
#1069=ORIENTED_EDGE('',*,*,#794,.T.);
#1070=ORIENTED_EDGE('',*,*,#796,.T.);
#1071=ORIENTED_EDGE('',*,*,#798,.T.);
#1072=ORIENTED_EDGE('',*,*,#800,.F.);
#1073=ORIENTED_EDGE('',*,*,#802,.T.);
#1074=ORIENTED_EDGE('',*,*,#815,.F.);
#1075=ORIENTED_EDGE('',*,*,#808,.T.);
#1076=ORIENTED_EDGE('',*,*,#816,.T.);
#1077=ORIENTED_EDGE('',*,*,#817,.F.);
#1078=ORIENTED_EDGE('',*,*,#818,.T.);
#1079=ORIENTED_EDGE('',*,*,#819,.F.);
#1080=ORIENTED_EDGE('',*,*,#820,.F.);
#1081=ORIENTED_EDGE('',*,*,#766,.F.);
#1082=ORIENTED_EDGE('',*,*,#821,.T.);
#1083=ORIENTED_EDGE('',*,*,#822,.T.);
#1084=ORIENTED_EDGE('',*,*,#821,.F.);
#1085=ORIENTED_EDGE('',*,*,#822,.F.);
#1086=ORIENTED_EDGE('',*,*,#823,.T.);
#1087=ORIENTED_EDGE('',*,*,#823,.F.);
#1088=ORIENTED_EDGE('',*,*,#824,.T.);
#1089=ORIENTED_EDGE('',*,*,#818,.F.);
#1090=ORIENTED_EDGE('',*,*,#824,.F.);
#1091=ORIENTED_EDGE('',*,*,#825,.F.);
#1092=ORIENTED_EDGE('',*,*,#826,.T.);
#1093=ORIENTED_EDGE('',*,*,#827,.T.);
#1094=ORIENTED_EDGE('',*,*,#828,.T.);
#1095=ORIENTED_EDGE('',*,*,#825,.T.);
#1096=ORIENTED_EDGE('',*,*,#829,.T.);
#1097=ORIENTED_EDGE('',*,*,#830,.T.);
#1098=ORIENTED_EDGE('',*,*,#831,.F.);
#1099=ORIENTED_EDGE('',*,*,#832,.T.);
#1100=ORIENTED_EDGE('',*,*,#833,.F.);
#1101=ORIENTED_EDGE('',*,*,#834,.T.);
#1102=ORIENTED_EDGE('',*,*,#835,.T.);
#1103=ORIENTED_EDGE('',*,*,#828,.F.);
#1104=ORIENTED_EDGE('',*,*,#836,.T.);
#1105=ORIENTED_EDGE('',*,*,#837,.F.);
#1106=ORIENTED_EDGE('',*,*,#741,.F.);
#1107=ORIENTED_EDGE('',*,*,#838,.T.);
#1108=ORIENTED_EDGE('',*,*,#839,.T.);
#1109=ORIENTED_EDGE('',*,*,#840,.F.);
#1110=ORIENTED_EDGE('',*,*,#829,.F.);
#1111=ORIENTED_EDGE('',*,*,#830,.F.);
#1112=ORIENTED_EDGE('',*,*,#840,.T.);
#1113=ORIENTED_EDGE('',*,*,#841,.T.);
#1114=ORIENTED_EDGE('',*,*,#842,.T.);
#1115=ORIENTED_EDGE('',*,*,#843,.F.);
#1116=ORIENTED_EDGE('',*,*,#844,.T.);
#1117=ORIENTED_EDGE('',*,*,#845,.T.);
#1118=ORIENTED_EDGE('',*,*,#846,.T.);
#1119=ORIENTED_EDGE('',*,*,#843,.T.);
#1120=ORIENTED_EDGE('',*,*,#847,.F.);
#1121=ORIENTED_EDGE('',*,*,#848,.T.);
#1122=ORIENTED_EDGE('',*,*,#849,.F.);
#1123=ORIENTED_EDGE('',*,*,#850,.T.);
#1124=ORIENTED_EDGE('',*,*,#851,.F.);
#1125=ORIENTED_EDGE('',*,*,#852,.T.);
#1126=ORIENTED_EDGE('',*,*,#853,.F.);
#1127=ORIENTED_EDGE('',*,*,#846,.F.);
#1128=ORIENTED_EDGE('',*,*,#854,.T.);
#1129=ORIENTED_EDGE('',*,*,#855,.F.);
#1130=ORIENTED_EDGE('',*,*,#761,.F.);
#1131=ORIENTED_EDGE('',*,*,#856,.T.);
#1132=ORIENTED_EDGE('',*,*,#857,.T.);
#1133=ORIENTED_EDGE('',*,*,#858,.F.);
#1134=ORIENTED_EDGE('',*,*,#847,.T.);
#1135=ORIENTED_EDGE('',*,*,#848,.F.);
#1136=ORIENTED_EDGE('',*,*,#858,.T.);
#1137=ORIENTED_EDGE('',*,*,#859,.T.);
#1138=ORIENTED_EDGE('',*,*,#860,.T.);
#1139=ORIENTED_EDGE('',*,*,#861,.T.);
#1140=ORIENTED_EDGE('',*,*,#841,.F.);
#1141=ORIENTED_EDGE('',*,*,#839,.F.);
#1142=ORIENTED_EDGE('',*,*,#862,.F.);
#1143=ORIENTED_EDGE('',*,*,#863,.F.);
#1144=ORIENTED_EDGE('',*,*,#864,.F.);
#1145=ORIENTED_EDGE('',*,*,#865,.F.);
#1146=ORIENTED_EDGE('',*,*,#866,.F.);
#1147=ORIENTED_EDGE('',*,*,#867,.T.);
#1148=ORIENTED_EDGE('',*,*,#859,.F.);
#1149=ORIENTED_EDGE('',*,*,#857,.F.);
#1150=ORIENTED_EDGE('',*,*,#868,.F.);
#1151=ORIENTED_EDGE('',*,*,#869,.F.);
#1152=ORIENTED_EDGE('',*,*,#870,.F.);
#1153=ORIENTED_EDGE('',*,*,#871,.F.);
#1154=ORIENTED_EDGE('',*,*,#872,.F.);
#1155=ORIENTED_EDGE('',*,*,#836,.F.);
#1156=ORIENTED_EDGE('',*,*,#827,.F.);
#1157=ORIENTED_EDGE('',*,*,#873,.F.);
#1158=ORIENTED_EDGE('',*,*,#874,.F.);
#1159=ORIENTED_EDGE('',*,*,#875,.F.);
#1160=ORIENTED_EDGE('',*,*,#876,.F.);
#1161=ORIENTED_EDGE('',*,*,#877,.F.);
#1162=ORIENTED_EDGE('',*,*,#878,.F.);
#1163=ORIENTED_EDGE('',*,*,#813,.F.);
#1164=ORIENTED_EDGE('',*,*,#806,.F.);
#1165=ORIENTED_EDGE('',*,*,#879,.F.);
#1166=ORIENTED_EDGE('',*,*,#880,.F.);
#1167=ORIENTED_EDGE('',*,*,#834,.F.);
#1168=ORIENTED_EDGE('',*,*,#881,.T.);
#1169=ORIENTED_EDGE('',*,*,#874,.T.);
#1170=ORIENTED_EDGE('',*,*,#882,.T.);
#1171=ORIENTED_EDGE('',*,*,#826,.F.);
#1172=ORIENTED_EDGE('',*,*,#835,.F.);
#1173=ORIENTED_EDGE('',*,*,#882,.F.);
#1174=ORIENTED_EDGE('',*,*,#873,.T.);
#1175=ORIENTED_EDGE('',*,*,#832,.F.);
#1176=ORIENTED_EDGE('',*,*,#883,.T.);
#1177=ORIENTED_EDGE('',*,*,#866,.T.);
#1178=ORIENTED_EDGE('',*,*,#884,.T.);
#1179=ORIENTED_EDGE('',*,*,#842,.F.);
#1180=ORIENTED_EDGE('',*,*,#861,.F.);
#1181=ORIENTED_EDGE('',*,*,#883,.F.);
#1182=ORIENTED_EDGE('',*,*,#831,.T.);
#1183=ORIENTED_EDGE('',*,*,#850,.F.);
#1184=ORIENTED_EDGE('',*,*,#885,.T.);
#1185=ORIENTED_EDGE('',*,*,#872,.T.);
#1186=ORIENTED_EDGE('',*,*,#886,.T.);
#1187=ORIENTED_EDGE('',*,*,#886,.F.);
#1188=ORIENTED_EDGE('',*,*,#871,.T.);
#1189=ORIENTED_EDGE('',*,*,#887,.F.);
#1190=ORIENTED_EDGE('',*,*,#757,.F.);
#1191=ORIENTED_EDGE('',*,*,#888,.T.);
#1192=ORIENTED_EDGE('',*,*,#889,.T.);
#1193=ORIENTED_EDGE('',*,*,#890,.F.);
#1194=ORIENTED_EDGE('',*,*,#851,.T.);
#1195=ORIENTED_EDGE('',*,*,#852,.F.);
#1196=ORIENTED_EDGE('',*,*,#890,.T.);
#1197=ORIENTED_EDGE('',*,*,#891,.T.);
#1198=ORIENTED_EDGE('',*,*,#892,.T.);
#1199=ORIENTED_EDGE('',*,*,#844,.F.);
#1200=ORIENTED_EDGE('',*,*,#853,.T.);
#1201=ORIENTED_EDGE('',*,*,#892,.F.);
#1202=ORIENTED_EDGE('',*,*,#893,.F.);
#1203=ORIENTED_EDGE('',*,*,#759,.F.);
#1204=ORIENTED_EDGE('',*,*,#894,.T.);
#1205=ORIENTED_EDGE('',*,*,#869,.T.);
#1206=ORIENTED_EDGE('',*,*,#895,.F.);
#1207=ORIENTED_EDGE('',*,*,#758,.F.);
#1208=ORIENTED_EDGE('',*,*,#887,.T.);
#1209=ORIENTED_EDGE('',*,*,#870,.T.);
#1210=ORIENTED_EDGE('',*,*,#894,.F.);
#1211=ORIENTED_EDGE('',*,*,#756,.F.);
#1212=ORIENTED_EDGE('',*,*,#896,.T.);
#1213=ORIENTED_EDGE('',*,*,#897,.T.);
#1214=ORIENTED_EDGE('',*,*,#888,.F.);
#1215=ORIENTED_EDGE('',*,*,#755,.F.);
#1216=ORIENTED_EDGE('',*,*,#898,.T.);
#1217=ORIENTED_EDGE('',*,*,#899,.T.);
#1218=ORIENTED_EDGE('',*,*,#896,.F.);
#1219=ORIENTED_EDGE('',*,*,#788,.F.);
#1220=ORIENTED_EDGE('',*,*,#811,.F.);
#1221=ORIENTED_EDGE('',*,*,#900,.T.);
#1222=ORIENTED_EDGE('',*,*,#898,.F.);
#1223=ORIENTED_EDGE('',*,*,#754,.F.);
#1224=ORIENTED_EDGE('',*,*,#763,.F.);
#1225=ORIENTED_EDGE('',*,*,#901,.T.);
#1226=ORIENTED_EDGE('',*,*,#902,.T.);
#1227=ORIENTED_EDGE('',*,*,#731,.F.);
#1228=ORIENTED_EDGE('',*,*,#762,.F.);
#1229=ORIENTED_EDGE('',*,*,#855,.T.);
#1230=ORIENTED_EDGE('',*,*,#903,.T.);
#1231=ORIENTED_EDGE('',*,*,#901,.F.);
#1232=ORIENTED_EDGE('',*,*,#760,.F.);
#1233=ORIENTED_EDGE('',*,*,#895,.T.);
#1234=ORIENTED_EDGE('',*,*,#868,.T.);
#1235=ORIENTED_EDGE('',*,*,#856,.F.);
#1236=ORIENTED_EDGE('',*,*,#739,.F.);
#1237=ORIENTED_EDGE('',*,*,#904,.T.);
#1238=ORIENTED_EDGE('',*,*,#863,.T.);
#1239=ORIENTED_EDGE('',*,*,#905,.F.);
#1240=ORIENTED_EDGE('',*,*,#738,.F.);
#1241=ORIENTED_EDGE('',*,*,#906,.T.);
#1242=ORIENTED_EDGE('',*,*,#864,.T.);
#1243=ORIENTED_EDGE('',*,*,#904,.F.);
#1244=ORIENTED_EDGE('',*,*,#736,.F.);
#1245=ORIENTED_EDGE('',*,*,#907,.T.);
#1246=ORIENTED_EDGE('',*,*,#876,.T.);
#1247=ORIENTED_EDGE('',*,*,#908,.F.);
#1248=ORIENTED_EDGE('',*,*,#735,.F.);
#1249=ORIENTED_EDGE('',*,*,#909,.T.);
#1250=ORIENTED_EDGE('',*,*,#877,.T.);
#1251=ORIENTED_EDGE('',*,*,#907,.F.);
#1252=ORIENTED_EDGE('',*,*,#726,.F.);
#1253=ORIENTED_EDGE('',*,*,#814,.F.);
#1254=ORIENTED_EDGE('',*,*,#878,.T.);
#1255=ORIENTED_EDGE('',*,*,#909,.F.);
#1256=ORIENTED_EDGE('',*,*,#734,.F.);
#1257=ORIENTED_EDGE('',*,*,#743,.F.);
#1258=ORIENTED_EDGE('',*,*,#910,.T.);
#1259=ORIENTED_EDGE('',*,*,#879,.T.);
#1260=ORIENTED_EDGE('',*,*,#805,.F.);
#1261=ORIENTED_EDGE('',*,*,#742,.F.);
#1262=ORIENTED_EDGE('',*,*,#837,.T.);
#1263=ORIENTED_EDGE('',*,*,#880,.T.);
#1264=ORIENTED_EDGE('',*,*,#910,.F.);
#1265=ORIENTED_EDGE('',*,*,#740,.F.);
#1266=ORIENTED_EDGE('',*,*,#905,.T.);
#1267=ORIENTED_EDGE('',*,*,#862,.T.);
#1268=ORIENTED_EDGE('',*,*,#838,.F.);
#1269=ORIENTED_EDGE('',*,*,#911,.T.);
#1270=ORIENTED_EDGE('',*,*,#912,.T.);
#1271=ORIENTED_EDGE('',*,*,#819,.T.);
#1272=ORIENTED_EDGE('',*,*,#912,.F.);
#1273=ORIENTED_EDGE('',*,*,#913,.T.);
#1274=ORIENTED_EDGE('',*,*,#914,.T.);
#1275=ORIENTED_EDGE('',*,*,#911,.F.);
#1276=ORIENTED_EDGE('',*,*,#914,.F.);
#1277=ORIENTED_EDGE('',*,*,#915,.T.);
#1278=ORIENTED_EDGE('',*,*,#916,.T.);
#1279=ORIENTED_EDGE('',*,*,#917,.T.);
#1280=ORIENTED_EDGE('',*,*,#918,.T.);
#1281=ORIENTED_EDGE('',*,*,#916,.F.);
#1282=ORIENTED_EDGE('',*,*,#765,.F.);
#1283=ORIENTED_EDGE('',*,*,#919,.T.);
#1284=ORIENTED_EDGE('',*,*,#917,.F.);
#1285=ORIENTED_EDGE('',*,*,#918,.F.);
#1286=ORIENTED_EDGE('',*,*,#919,.F.);
#1287=ORIENTED_EDGE('',*,*,#915,.F.);
#1288=ORIENTED_EDGE('',*,*,#913,.F.);
#1289=ORIENTED_EDGE('',*,*,#881,.F.);
#1290=ORIENTED_EDGE('',*,*,#833,.T.);
#1291=ORIENTED_EDGE('',*,*,#884,.F.);
#1292=ORIENTED_EDGE('',*,*,#865,.T.);
#1293=ORIENTED_EDGE('',*,*,#906,.F.);
#1294=ORIENTED_EDGE('',*,*,#737,.F.);
#1295=ORIENTED_EDGE('',*,*,#908,.T.);
#1296=ORIENTED_EDGE('',*,*,#875,.T.);
#1297=ORIENTED_EDGE('',*,*,#860,.F.);
#1298=ORIENTED_EDGE('',*,*,#867,.F.);
#1299=ORIENTED_EDGE('',*,*,#885,.F.);
#1300=ORIENTED_EDGE('',*,*,#849,.T.);
#1301=ORIENTED_EDGE('',*,*,#854,.F.);
#1302=ORIENTED_EDGE('',*,*,#845,.F.);
#1303=ORIENTED_EDGE('',*,*,#893,.T.);
#1304=ORIENTED_EDGE('',*,*,#891,.F.);
#1305=ORIENTED_EDGE('',*,*,#889,.F.);
#1306=ORIENTED_EDGE('',*,*,#897,.F.);
#1307=ORIENTED_EDGE('',*,*,#899,.F.);
#1308=ORIENTED_EDGE('',*,*,#900,.F.);
#1309=ORIENTED_EDGE('',*,*,#810,.F.);
#1310=ORIENTED_EDGE('',*,*,#732,.F.);
#1311=ORIENTED_EDGE('',*,*,#902,.F.);
#1312=ORIENTED_EDGE('',*,*,#903,.F.);
#1313=ORIENTED_EDGE('',*,*,#767,.T.);
#1314=ORIENTED_EDGE('',*,*,#920,.T.);
#1315=ORIENTED_EDGE('',*,*,#921,.F.);
#1316=ORIENTED_EDGE('',*,*,#920,.F.);
#1317=ORIENTED_EDGE('',*,*,#921,.T.);
#1318=ORIENTED_EDGE('',*,*,#922,.F.);
#1319=ORIENTED_EDGE('',*,*,#922,.T.);
#1320=ORIENTED_EDGE('',*,*,#923,.T.);
#1321=ORIENTED_EDGE('',*,*,#820,.T.);
#1322=ORIENTED_EDGE('',*,*,#923,.F.);
#1323=ORIENTED_EDGE('',*,*,#764,.T.);
#1324=ORIENTED_EDGE('',*,*,#924,.T.);
#1325=ORIENTED_EDGE('',*,*,#925,.F.);
#1326=ORIENTED_EDGE('',*,*,#924,.F.);
#1327=ORIENTED_EDGE('',*,*,#925,.T.);
#1328=ORIENTED_EDGE('',*,*,#926,.F.);
#1329=ORIENTED_EDGE('',*,*,#926,.T.);
#1330=ORIENTED_EDGE('',*,*,#927,.T.);
#1331=ORIENTED_EDGE('',*,*,#817,.T.);
#1332=ORIENTED_EDGE('',*,*,#927,.F.);
#1333=ORIENTED_EDGE('',*,*,#768,.F.);
#1334=ORIENTED_EDGE('',*,*,#928,.T.);
#1335=ORIENTED_EDGE('',*,*,#929,.T.);
#1336=ORIENTED_EDGE('',*,*,#928,.F.);
#1337=ORIENTED_EDGE('',*,*,#929,.F.);
#1338=ORIENTED_EDGE('',*,*,#930,.T.);
#1339=ORIENTED_EDGE('',*,*,#930,.F.);
#1340=ORIENTED_EDGE('',*,*,#931,.T.);
#1341=ORIENTED_EDGE('',*,*,#816,.F.);
#1342=ORIENTED_EDGE('',*,*,#931,.F.);
#1343=ORIENTED_EDGE('',*,*,#815,.T.);
#1344=ORIENTED_EDGE('',*,*,#932,.T.);
#1345=ORIENTED_EDGE('',*,*,#770,.T.);
#1346=ORIENTED_EDGE('',*,*,#932,.F.);
#1347=PLANE('',#1489);
#1348=PLANE('',#1490);
#1349=PLANE('',#1491);
#1350=PLANE('',#1511);
#1351=PLANE('',#1514);
#1352=PLANE('',#1517);
#1353=PLANE('',#1520);
#1354=PLANE('',#1523);
#1355=PLANE('',#1526);
#1356=PLANE('',#1529);
#1357=PLANE('',#1532);
#1358=PLANE('',#1535);
#1359=PLANE('',#1538);
#1360=PLANE('',#1539);
#1361=PLANE('',#1548);
#1362=PLANE('',#1549);
#1363=PLANE('',#1555);
#1364=PLANE('',#1559);
#1365=PLANE('',#1565);
#1366=PLANE('',#1569);
#1367=PLANE('',#1572);
#1368=PLANE('',#1576);
#1369=PLANE('',#1580);
#1370=PLANE('',#1585);
#1371=PLANE('',#1587);
#1372=PLANE('',#1589);
#1373=PLANE('',#1592);
#1374=PLANE('',#1593);
#1375=PLANE('',#1595);
#1376=PLANE('',#1598);
#1377=PLANE('',#1601);
#1378=PLANE('',#1603);
#1379=PLANE('',#1605);
#1380=PLANE('',#1607);
#1381=PLANE('',#1609);
#1382=PLANE('',#1621);
#1383=PLANE('',#1622);
#1384=PLANE('',#1623);
#1385=PLANE('',#1624);
#1386=PLANE('',#1627);
#1387=PLANE('',#1628);
#1388=PLANE('',#1633);
#1389=PLANE('',#1634);
#1390=PLANE('',#1639);
#1391=PLANE('',#1640);
#1392=ADVANCED_FACE('',(#140),#1347,.T.);
#1393=ADVANCED_FACE('',(#141),#1348,.F.);
#1394=ADVANCED_FACE('',(#142,#53,#54,#55,#56,#57,#58,#59),#1349,.F.);
#1395=ADVANCED_FACE('',(#143),#1350,.T.);
#1396=ADVANCED_FACE('',(#144),#48,.T.);
#1397=ADVANCED_FACE('',(#145),#1351,.T.);
#1398=ADVANCED_FACE('',(#146),#49,.T.);
#1399=ADVANCED_FACE('',(#147),#1352,.T.);
#1400=ADVANCED_FACE('',(#148),#50,.T.);
#1401=ADVANCED_FACE('',(#149),#1353,.T.);
#1402=ADVANCED_FACE('',(#150),#51,.T.);
#1403=ADVANCED_FACE('',(#151),#1354,.T.);
#1404=ADVANCED_FACE('',(#152),#16,.T.);
#1405=ADVANCED_FACE('',(#153),#1355,.T.);
#1406=ADVANCED_FACE('',(#154),#17,.T.);
#1407=ADVANCED_FACE('',(#155),#1356,.T.);
#1408=ADVANCED_FACE('',(#156),#18,.T.);
#1409=ADVANCED_FACE('',(#157),#1357,.T.);
#1410=ADVANCED_FACE('',(#158),#19,.T.);
#1411=ADVANCED_FACE('',(#159),#1358,.F.);
#1412=ADVANCED_FACE('',(#160),#20,.F.);
#1413=ADVANCED_FACE('',(#161),#1359,.T.);
#1414=ADVANCED_FACE('',(#162,#60,#61,#62,#63,#64,#65,#66),#1360,.T.);
#1415=ADVANCED_FACE('',(#163),#21,.F.);
#1416=ADVANCED_FACE('',(#164),#1361,.T.);
#1417=ADVANCED_FACE('',(#165),#1362,.F.);
#1418=ADVANCED_FACE('',(#166),#22,.F.);
#1419=ADVANCED_FACE('',(#167),#23,.F.);
#1420=ADVANCED_FACE('',(#168),#1363,.F.);
#1421=ADVANCED_FACE('',(#169),#1364,.F.);
#1422=ADVANCED_FACE('',(#170),#24,.F.);
#1423=ADVANCED_FACE('',(#171),#25,.F.);
#1424=ADVANCED_FACE('',(#172),#1365,.F.);
#1425=ADVANCED_FACE('',(#173),#1366,.F.);
#1426=ADVANCED_FACE('',(#174),#26,.F.);
#1427=ADVANCED_FACE('',(#175),#1367,.F.);
#1428=ADVANCED_FACE('',(#176),#1368,.F.);
#1429=ADVANCED_FACE('',(#177),#1369,.F.);
#1430=ADVANCED_FACE('',(#178),#27,.F.);
#1431=ADVANCED_FACE('',(#179),#1370,.F.);
#1432=ADVANCED_FACE('',(#180),#28,.F.);
#1433=ADVANCED_FACE('',(#181),#1371,.F.);
#1434=ADVANCED_FACE('',(#182),#29,.F.);
#1435=ADVANCED_FACE('',(#183),#1372,.F.);
#1436=ADVANCED_FACE('',(#184),#30,.F.);
#1437=ADVANCED_FACE('',(#185),#1373,.F.);
#1438=ADVANCED_FACE('',(#186),#1374,.F.);
#1439=ADVANCED_FACE('',(#187),#31,.F.);
#1440=ADVANCED_FACE('',(#188),#1375,.F.);
#1441=ADVANCED_FACE('',(#189),#32,.T.);
#1442=ADVANCED_FACE('',(#190),#1376,.F.);
#1443=ADVANCED_FACE('',(#191),#33,.T.);
#1444=ADVANCED_FACE('',(#192),#1377,.F.);
#1445=ADVANCED_FACE('',(#193),#34,.F.);
#1446=ADVANCED_FACE('',(#194),#1378,.F.);
#1447=ADVANCED_FACE('',(#195),#35,.F.);
#1448=ADVANCED_FACE('',(#196),#1379,.F.);
#1449=ADVANCED_FACE('',(#197),#36,.T.);
#1450=ADVANCED_FACE('',(#198),#1380,.F.);
#1451=ADVANCED_FACE('',(#199),#37,.T.);
#1452=ADVANCED_FACE('',(#200),#1381,.F.);
#1453=ADVANCED_FACE('',(#201),#38,.F.);
#1454=ADVANCED_FACE('',(#202),#52,.F.);
#1455=ADVANCED_FACE('',(#203),#39,.F.);
#1456=ADVANCED_FACE('',(#204),#15,.F.);
#1457=ADVANCED_FACE('',(#205),#40,.F.);
#1458=ADVANCED_FACE('',(#206,#67),#1382,.F.);
#1459=ADVANCED_FACE('',(#207),#1383,.F.);
#1460=ADVANCED_FACE('',(#208),#1384,.F.);
#1461=ADVANCED_FACE('',(#209),#1385,.F.);
#1462=ADVANCED_FACE('',(#210),#41,.F.);
#1463=ADVANCED_FACE('',(#211),#1386,.F.);
#1464=ADVANCED_FACE('',(#212),#1387,.T.);
#1465=ADVANCED_FACE('',(#213),#42,.F.);
#1466=ADVANCED_FACE('',(#214),#43,.F.);
#1467=ADVANCED_FACE('',(#215),#1388,.F.);
#1468=ADVANCED_FACE('',(#216),#1389,.T.);
#1469=ADVANCED_FACE('',(#217),#44,.F.);
#1470=ADVANCED_FACE('',(#218),#45,.F.);
#1471=ADVANCED_FACE('',(#219),#1390,.T.);
#1472=ADVANCED_FACE('',(#220),#1391,.F.);
#1473=ADVANCED_FACE('',(#221),#46,.F.);
#1474=ADVANCED_FACE('',(#222),#47,.F.);
#1475=CLOSED_SHELL('',(#1392,#1393,#1394,#1395,#1396,#1397,#1398,#1399,
#1400,#1401,#1402,#1403,#1404,#1405,#1406,#1407,#1408,#1409,#1410,#1411,
#1412,#1413,#1414,#1415,#1416,#1417,#1418,#1419,#1420,#1421,#1422,#1423,
#1424,#1425,#1426,#1427,#1428,#1429,#1430,#1431,#1432,#1433,#1434,#1435,
#1436,#1437,#1438,#1439,#1440,#1441,#1442,#1443,#1444,#1445,#1446,#1447,
#1448,#1449,#1450,#1451,#1452,#1453,#1454,#1455,#1456,#1457,#1458,#1459,
#1460,#1461,#1462,#1463,#1464,#1465,#1466,#1467,#1468,#1469,#1470,#1471,
#1472,#1473,#1474));
#1476=DERIVED_UNIT_ELEMENT(#1478,1.);
#1477=DERIVED_UNIT_ELEMENT(#2522,-3.);
#1478=(
MASS_UNIT()
NAMED_UNIT(*)
SI_UNIT(.KILO.,.GRAM.)
);
#1479=DERIVED_UNIT((#1476,#1477));
#1480=MEASURE_REPRESENTATION_ITEM('density measure',
POSITIVE_RATIO_MEASURE(7850.),#1479);
#1481=PROPERTY_DEFINITION_REPRESENTATION(#1486,#1483);
#1482=PROPERTY_DEFINITION_REPRESENTATION(#1487,#1484);
#1483=REPRESENTATION('material name',(#1485),#2519);
#1484=REPRESENTATION('density',(#1480),#2519);
#1485=DESCRIPTIVE_REPRESENTATION_ITEM('Steel','Steel');
#1486=PROPERTY_DEFINITION('material property','material name',#2529);
#1487=PROPERTY_DEFINITION('material property','density of part',#2529);
#1488=AXIS2_PLACEMENT_3D('',#2091,#1644,#1645);
#1489=AXIS2_PLACEMENT_3D('',#2092,#1646,#1647);
#1490=AXIS2_PLACEMENT_3D('',#2101,#1652,#1653);
#1491=AXIS2_PLACEMENT_3D('',#2109,#1658,#1659);
#1492=AXIS2_PLACEMENT_3D('',#2113,#1661,#1662);
#1493=AXIS2_PLACEMENT_3D('',#2119,#1665,#1666);
#1494=AXIS2_PLACEMENT_3D('',#2123,#1668,#1669);
#1495=AXIS2_PLACEMENT_3D('',#2129,#1672,#1673);
#1496=AXIS2_PLACEMENT_3D('',#2135,#1676,#1677);
#1497=AXIS2_PLACEMENT_3D('',#2139,#1679,#1680);
#1498=AXIS2_PLACEMENT_3D('',#2143,#1682,#1683);
#1499=AXIS2_PLACEMENT_3D('',#2147,#1685,#1686);
#1500=AXIS2_PLACEMENT_3D('',#2153,#1689,#1690);
#1501=AXIS2_PLACEMENT_3D('',#2159,#1693,#1694);
#1502=AXIS2_PLACEMENT_3D('',#2163,#1696,#1697);
#1503=AXIS2_PLACEMENT_3D('',#2168,#1700,#1701);
#1504=AXIS2_PLACEMENT_3D('',#2170,#1702,#1703);
#1505=AXIS2_PLACEMENT_3D('',#2172,#1704,#1705);
#1506=AXIS2_PLACEMENT_3D('',#2174,#1706,#1707);
#1507=AXIS2_PLACEMENT_3D('',#2176,#1708,#1709);
#1508=AXIS2_PLACEMENT_3D('',#2178,#1710,#1711);
#1509=AXIS2_PLACEMENT_3D('',#2180,#1712,#1713);
#1510=AXIS2_PLACEMENT_3D('',#2182,#1714,#1715);
#1511=AXIS2_PLACEMENT_3D('',#2183,#1716,#1717);
#1512=AXIS2_PLACEMENT_3D('',#2189,#1721,#1722);
#1513=AXIS2_PLACEMENT_3D('',#2191,#1723,#1724);
#1514=AXIS2_PLACEMENT_3D('',#2193,#1726,#1727);
#1515=AXIS2_PLACEMENT_3D('',#2197,#1730,#1731);
#1516=AXIS2_PLACEMENT_3D('',#2199,#1732,#1733);
#1517=AXIS2_PLACEMENT_3D('',#2201,#1735,#1736);
#1518=AXIS2_PLACEMENT_3D('',#2205,#1739,#1740);
#1519=AXIS2_PLACEMENT_3D('',#2208,#1742,#1743);
#1520=AXIS2_PLACEMENT_3D('',#2209,#1744,#1745);
#1521=AXIS2_PLACEMENT_3D('',#2213,#1748,#1749);
#1522=AXIS2_PLACEMENT_3D('',#2215,#1750,#1751);
#1523=AXIS2_PLACEMENT_3D('',#2217,#1753,#1754);
#1524=AXIS2_PLACEMENT_3D('',#2221,#1757,#1758);
#1525=AXIS2_PLACEMENT_3D('',#2225,#1760,#1761);
#1526=AXIS2_PLACEMENT_3D('',#2227,#1763,#1764);
#1527=AXIS2_PLACEMENT_3D('',#2231,#1767,#1768);
#1528=AXIS2_PLACEMENT_3D('',#2234,#1770,#1771);
#1529=AXIS2_PLACEMENT_3D('',#2235,#1772,#1773);
#1530=AXIS2_PLACEMENT_3D('',#2239,#1776,#1777);
#1531=AXIS2_PLACEMENT_3D('',#2242,#1779,#1780);
#1532=AXIS2_PLACEMENT_3D('',#2243,#1781,#1782);
#1533=AXIS2_PLACEMENT_3D('',#2247,#1785,#1786);
#1534=AXIS2_PLACEMENT_3D('',#2250,#1788,#1789);
#1535=AXIS2_PLACEMENT_3D('',#2251,#1790,#1791);
#1536=AXIS2_PLACEMENT_3D('',#2257,#1795,#1796);
#1537=AXIS2_PLACEMENT_3D('',#2259,#1797,#1798);
#1538=AXIS2_PLACEMENT_3D('',#2261,#1800,#1801);
#1539=AXIS2_PLACEMENT_3D('',#2269,#1807,#1808);
#1540=AXIS2_PLACEMENT_3D('',#2271,#1809,#1810);
#1541=AXIS2_PLACEMENT_3D('',#2273,#1811,#1812);
#1542=AXIS2_PLACEMENT_3D('',#2275,#1813,#1814);
#1543=AXIS2_PLACEMENT_3D('',#2277,#1815,#1816);
#1544=AXIS2_PLACEMENT_3D('',#2279,#1817,#1818);
#1545=AXIS2_PLACEMENT_3D('',#2281,#1819,#1820);
#1546=AXIS2_PLACEMENT_3D('',#2282,#1821,#1822);
#1547=AXIS2_PLACEMENT_3D('',#2285,#1824,#1825);
#1548=AXIS2_PLACEMENT_3D('',#2286,#1826,#1827);
#1549=AXIS2_PLACEMENT_3D('',#2287,#1828,#1829);
#1550=AXIS2_PLACEMENT_3D('',#2289,#1830,#1831);
#1551=AXIS2_PLACEMENT_3D('',#2290,#1832,#1833);
#1552=AXIS2_PLACEMENT_3D('',#2292,#1835,#1836);
#1553=AXIS2_PLACEMENT_3D('',#2295,#1837,#1838);
#1554=AXIS2_PLACEMENT_3D('',#2299,#1840,#1841);
#1555=AXIS2_PLACEMENT_3D('',#2301,#1843,#1844);
#1556=AXIS2_PLACEMENT_3D('',#2305,#1846,#1847);
#1557=AXIS2_PLACEMENT_3D('',#2309,#1849,#1850);
#1558=AXIS2_PLACEMENT_3D('',#2313,#1852,#1853);
#1559=AXIS2_PLACEMENT_3D('',#2315,#1855,#1856);
#1560=AXIS2_PLACEMENT_3D('',#2324,#1862,#1863);
#1561=AXIS2_PLACEMENT_3D('',#2326,#1864,#1865);
#1562=AXIS2_PLACEMENT_3D('',#2328,#1867,#1868);
#1563=AXIS2_PLACEMENT_3D('',#2331,#1869,#1870);
#1564=AXIS2_PLACEMENT_3D('',#2335,#1872,#1873);
#1565=AXIS2_PLACEMENT_3D('',#2337,#1875,#1876);
#1566=AXIS2_PLACEMENT_3D('',#2341,#1878,#1879);
#1567=AXIS2_PLACEMENT_3D('',#2345,#1881,#1882);
#1568=AXIS2_PLACEMENT_3D('',#2349,#1884,#1885);
#1569=AXIS2_PLACEMENT_3D('',#2351,#1887,#1888);
#1570=AXIS2_PLACEMENT_3D('',#2360,#1894,#1895);
#1571=AXIS2_PLACEMENT_3D('',#2362,#1896,#1897);
#1572=AXIS2_PLACEMENT_3D('',#2364,#1899,#1900);
#1573=AXIS2_PLACEMENT_3D('',#2368,#1902,#1903);
#1574=AXIS2_PLACEMENT_3D('',#2372,#1905,#1906);
#1575=AXIS2_PLACEMENT_3D('',#2375,#1908,#1909);
#1576=AXIS2_PLACEMENT_3D('',#2376,#1910,#1911);
#1577=AXIS2_PLACEMENT_3D('',#2380,#1913,#1914);
#1578=AXIS2_PLACEMENT_3D('',#2384,#1916,#1917);
#1579=AXIS2_PLACEMENT_3D('',#2387,#1919,#1920);
#1580=AXIS2_PLACEMENT_3D('',#2388,#1921,#1922);
#1581=AXIS2_PLACEMENT_3D('',#2392,#1924,#1925);
#1582=AXIS2_PLACEMENT_3D('',#2398,#1928,#1929);
#1583=AXIS2_PLACEMENT_3D('',#2401,#1931,#1932);
#1584=AXIS2_PLACEMENT_3D('',#2403,#1934,#1935);
#1585=AXIS2_PLACEMENT_3D('',#2406,#1938,#1939);
#1586=AXIS2_PLACEMENT_3D('',#2407,#1940,#1941);
#1587=AXIS2_PLACEMENT_3D('',#2410,#1944,#1945);
#1588=AXIS2_PLACEMENT_3D('',#2411,#1946,#1947);
#1589=AXIS2_PLACEMENT_3D('',#2414,#1950,#1951);
#1590=AXIS2_PLACEMENT_3D('',#2421,#1956,#1957);
#1591=AXIS2_PLACEMENT_3D('',#2423,#1958,#1959);
#1592=AXIS2_PLACEMENT_3D('',#2425,#1961,#1962);
#1593=AXIS2_PLACEMENT_3D('',#2427,#1964,#1965);
#1594=AXIS2_PLACEMENT_3D('',#2430,#1968,#1969);
#1595=AXIS2_PLACEMENT_3D('',#2431,#1970,#1971);
#1596=AXIS2_PLACEMENT_3D('',#2435,#1974,#1975);
#1597=AXIS2_PLACEMENT_3D('',#2438,#1977,#1978);
#1598=AXIS2_PLACEMENT_3D('',#2439,#1979,#1980);
#1599=AXIS2_PLACEMENT_3D('',#2441,#1982,#1983);
#1600=AXIS2_PLACEMENT_3D('',#2444,#1985,#1986);
#1601=AXIS2_PLACEMENT_3D('',#2445,#1987,#1988);
#1602=AXIS2_PLACEMENT_3D('',#2447,#1990,#1991);
#1603=AXIS2_PLACEMENT_3D('',#2448,#1992,#1993);
#1604=AXIS2_PLACEMENT_3D('',#2451,#1996,#1997);
#1605=AXIS2_PLACEMENT_3D('',#2453,#1999,#2000);
#1606=AXIS2_PLACEMENT_3D('',#2456,#2003,#2004);
#1607=AXIS2_PLACEMENT_3D('',#2458,#2006,#2007);
#1608=AXIS2_PLACEMENT_3D('',#2459,#2008,#2009);
#1609=AXIS2_PLACEMENT_3D('',#2461,#2011,#2012);
#1610=AXIS2_PLACEMENT_3D('',#2462,#2013,#2014);
#1611=AXIS2_PLACEMENT_3D('',#2463,#2015,#2016);
#1612=AXIS2_PLACEMENT_3D('',#2465,#2017,#2018);
#1613=AXIS2_PLACEMENT_3D('',#2467,#2020,#2021);
#1614=AXIS2_PLACEMENT_3D('',#2469,#2022,#2023);
#1615=AXIS2_PLACEMENT_3D('',#2471,#2025,#2026);
#1616=AXIS2_PLACEMENT_3D('',#2473,#2027,#2028);
#1617=AXIS2_PLACEMENT_3D('',#2475,#2029,#2030);
#1618=AXIS2_PLACEMENT_3D('',#2477,#2031,#2032);
#1619=AXIS2_PLACEMENT_3D('',#2478,#2033,#2034);
#1620=AXIS2_PLACEMENT_3D('',#2479,#2035,#2036);
#1621=AXIS2_PLACEMENT_3D('',#2481,#2038,#2039);
#1622=AXIS2_PLACEMENT_3D('',#2482,#2040,#2041);
#1623=AXIS2_PLACEMENT_3D('',#2483,#2042,#2043);
#1624=AXIS2_PLACEMENT_3D('',#2484,#2044,#2045);
#1625=AXIS2_PLACEMENT_3D('',#2485,#2046,#2047);
#1626=AXIS2_PLACEMENT_3D('',#2488,#2049,#2050);
#1627=AXIS2_PLACEMENT_3D('',#2489,#2051,#2052);
#1628=AXIS2_PLACEMENT_3D('',#2490,#2053,#2054);
#1629=AXIS2_PLACEMENT_3D('',#2492,#2055,#2056);
#1630=AXIS2_PLACEMENT_3D('',#2493,#2057,#2058);
#1631=AXIS2_PLACEMENT_3D('',#2495,#2060,#2061);
#1632=AXIS2_PLACEMENT_3D('',#2498,#2063,#2064);
#1633=AXIS2_PLACEMENT_3D('',#2499,#2065,#2066);
#1634=AXIS2_PLACEMENT_3D('',#2500,#2067,#2068);
#1635=AXIS2_PLACEMENT_3D('',#2502,#2069,#2070);
#1636=AXIS2_PLACEMENT_3D('',#2503,#2071,#2072);
#1637=AXIS2_PLACEMENT_3D('',#2505,#2074,#2075);
#1638=AXIS2_PLACEMENT_3D('',#2508,#2077,#2078);
#1639=AXIS2_PLACEMENT_3D('',#2509,#2079,#2080);
#1640=AXIS2_PLACEMENT_3D('',#2510,#2081,#2082);
#1641=AXIS2_PLACEMENT_3D('',#2512,#2083,#2084);
#1642=AXIS2_PLACEMENT_3D('',#2513,#2085,#2086);
#1643=AXIS2_PLACEMENT_3D('',#2515,#2088,#2089);
#1644=DIRECTION('axis',(0.,0.,1.));
#1645=DIRECTION('refdir',(1.,0.,0.));
#1646=DIRECTION('center_axis',(0.,-0.707106781186548,-0.707106781186548));
#1647=DIRECTION('ref_axis',(-1.,0.,0.));
#1648=DIRECTION('',(0.,0.707106781186548,-0.707106781186548));
#1649=DIRECTION('',(1.,0.,0.));
#1650=DIRECTION('',(-5.4880863487974E-16,-0.707106781186548,0.707106781186548));
#1651=DIRECTION('',(-1.,0.,0.));
#1652=DIRECTION('center_axis',(-1.,7.76132614594392E-16,0.));
#1653=DIRECTION('ref_axis',(-7.76132614594392E-16,-1.,0.));
#1654=DIRECTION('',(-7.76132614594392E-16,-1.,0.));
#1655=DIRECTION('',(0.,0.,1.));
#1656=DIRECTION('',(-7.76132614594392E-16,-1.,0.));
#1657=DIRECTION('',(0.,0.,1.));
#1658=DIRECTION('center_axis',(0.,0.,1.));
#1659=DIRECTION('ref_axis',(-1.,0.,0.));
#1660=DIRECTION('',(0.,1.,0.));
#1661=DIRECTION('center_axis',(0.,0.,-1.));
#1662=DIRECTION('ref_axis',(-1.,1.85037170770859E-15,0.));
#1663=DIRECTION('',(0.707106781186536,0.707106781186559,0.));
#1664=DIRECTION('',(1.60776376522053E-15,1.,0.));
#1665=DIRECTION('center_axis',(0.,0.,1.));
#1666=DIRECTION('ref_axis',(0.,1.,0.));
#1667=DIRECTION('',(-1.,-2.63677968348475E-15,0.));
#1668=DIRECTION('center_axis',(0.,0.,1.));
#1669=DIRECTION('ref_axis',(-1.,0.,0.));
#1670=DIRECTION('',(-9.64658259132319E-16,-1.,0.));
#1671=DIRECTION('',(0.707106781186647,-0.707106781186448,0.));
#1672=DIRECTION('center_axis',(0.,0.,-1.));
#1673=DIRECTION('ref_axis',(0.707106781186588,0.707106781186507,0.));
#1674=DIRECTION('',(-7.76132614594392E-15,-1.,0.));
#1675=DIRECTION('',(1.,0.,0.));
#1676=DIRECTION('center_axis',(0.,0.,1.));
#1677=DIRECTION('ref_axis',(-1.,0.,0.));
#1678=DIRECTION('',(-1.930822651522E-16,-1.,0.));
#1679=DIRECTION('center_axis',(0.,0.,1.));
#1680=DIRECTION('ref_axis',(-1.,0.,0.));
#1681=DIRECTION('',(-1.,0.,0.));
#1682=DIRECTION('center_axis',(0.,0.,1.));
#1683=DIRECTION('ref_axis',(1.,0.,0.));
#1684=DIRECTION('',(0.,1.,0.));
#1685=DIRECTION('center_axis',(0.,0.,1.));
#1686=DIRECTION('ref_axis',(1.,0.,0.));
#1687=DIRECTION('',(1.,0.,0.));
#1688=DIRECTION('',(-7.76132614594392E-16,1.,0.));
#1689=DIRECTION('center_axis',(0.,0.,-1.));
#1690=DIRECTION('ref_axis',(-1.,1.2335811384724E-15,0.));
#1691=DIRECTION('',(0.70710678118655,0.707106781186545,0.));
#1692=DIRECTION('',(0.,1.,0.));
#1693=DIRECTION('center_axis',(0.,0.,1.));
#1694=DIRECTION('ref_axis',(1.00928448343665E-15,1.,0.));
#1695=DIRECTION('',(-1.,-1.38777878078145E-16,0.));
#1696=DIRECTION('center_axis',(0.,0.,1.));
#1697=DIRECTION('ref_axis',(-1.,5.04642241718328E-16,0.));
#1698=DIRECTION('',(2.4116456478308E-16,-1.,0.));
#1699=DIRECTION('',(0.707106781186547,-0.707106781186548,0.));
#1700=DIRECTION('center_axis',(0.,0.,-1.));
#1701=DIRECTION('ref_axis',(0.707106781186547,0.707106781186547,0.));
#1702=DIRECTION('center_axis',(0.,0.,-1.));
#1703=DIRECTION('ref_axis',(-1.,0.,0.));
#1704=DIRECTION('center_axis',(0.,0.,1.));
#1705=DIRECTION('ref_axis',(1.,0.,0.));
#1706=DIRECTION('center_axis',(0.,0.,1.));
#1707=DIRECTION('ref_axis',(1.,0.,0.));
#1708=DIRECTION('center_axis',(0.,0.,-1.));
#1709=DIRECTION('ref_axis',(1.,0.,0.));
#1710=DIRECTION('center_axis',(0.,0.,1.));
#1711=DIRECTION('ref_axis',(-1.,0.,0.));
#1712=DIRECTION('center_axis',(0.,0.,1.));
#1713=DIRECTION('ref_axis',(-1.,0.,0.));
#1714=DIRECTION('center_axis',(0.,0.,-1.));
#1715=DIRECTION('ref_axis',(1.,0.,0.));
#1716=DIRECTION('center_axis',(0.,-0.707106781186548,-0.707106781186548));
#1717=DIRECTION('ref_axis',(-1.,0.,0.));
#1718=DIRECTION('',(-5.4880863487974E-15,-0.707106781186548,0.707106781186548));
#1719=DIRECTION('',(-1.,0.,0.));
#1720=DIRECTION('',(0.,0.707106781186548,-0.707106781186548));
#1721=DIRECTION('center_axis',(0.,0.,1.));
#1722=DIRECTION('ref_axis',(-1.,0.,0.));
#1723=DIRECTION('center_axis',(0.,0.,-1.));
#1724=DIRECTION('ref_axis',(-1.,0.,0.));
#1725=DIRECTION('',(0.70710678118655,0.,-0.707106781186545));
#1726=DIRECTION('center_axis',(-0.707106781186548,1.3652977901598E-16,-0.707106781186548));
#1727=DIRECTION('ref_axis',(-0.707106781186548,0.,0.707106781186548));
#1728=DIRECTION('',(0.707106781186548,0.,-0.707106781186548));
#1729=DIRECTION('',(1.930822651522E-16,1.,0.));
#1730=DIRECTION('center_axis',(0.,0.,1.));
#1731=DIRECTION('ref_axis',(-1.,0.,0.));
#1732=DIRECTION('center_axis',(0.,0.,-1.));
#1733=DIRECTION('ref_axis',(-1.,0.,0.));
#1734=DIRECTION('',(0.,-0.707106781186548,-0.707106781186548));
#1735=DIRECTION('center_axis',(0.,0.707106781186548,-0.707106781186548));
#1736=DIRECTION('ref_axis',(-1.,0.,0.));
#1737=DIRECTION('',(0.,-0.707106781186548,-0.707106781186548));
#1738=DIRECTION('',(1.,0.,0.));
#1739=DIRECTION('center_axis',(0.,0.,1.));
#1740=DIRECTION('ref_axis',(1.,0.,0.));
#1741=DIRECTION('',(-0.70710678118655,0.,-0.707106781186545));
#1742=DIRECTION('center_axis',(0.,0.,-1.));
#1743=DIRECTION('ref_axis',(1.,0.,0.));
#1744=DIRECTION('center_axis',(0.707106781186548,0.,-0.707106781186548));
#1745=DIRECTION('ref_axis',(-0.707106781186548,0.,-0.707106781186548));
#1746=DIRECTION('',(-0.707106781186548,0.,-0.707106781186548));
#1747=DIRECTION('',(0.,-1.,0.));
#1748=DIRECTION('center_axis',(0.,0.,1.));
#1749=DIRECTION('ref_axis',(1.,0.,0.));
#1750=DIRECTION('center_axis',(0.,0.,-1.));
#1751=DIRECTION('ref_axis',(1.,0.,0.));
#1752=DIRECTION('',(0.,0.707106781186548,-0.707106781186548));
#1753=DIRECTION('center_axis',(0.,-0.707106781186548,-0.707106781186548));
#1754=DIRECTION('ref_axis',(-1.,0.,0.));
#1755=DIRECTION('',(-5.4880863487974E-16,0.707106781186548,-0.707106781186548));
#1756=DIRECTION('',(-1.,0.,0.));
#1757=DIRECTION('center_axis',(0.,0.,1.));
#1758=DIRECTION('ref_axis',(1.,0.,0.));
#1759=DIRECTION('',(0.,0.,1.));
#1760=DIRECTION('center_axis',(0.,0.,-1.));
#1761=DIRECTION('ref_axis',(1.,0.,0.));
#1762=DIRECTION('',(0.,0.,1.));
#1763=DIRECTION('center_axis',(1.,0.,0.));
#1764=DIRECTION('ref_axis',(0.,-1.,0.));
#1765=DIRECTION('',(0.,0.,1.));
#1766=DIRECTION('',(0.,1.,0.));
#1767=DIRECTION('center_axis',(0.,0.,-1.));
#1768=DIRECTION('ref_axis',(1.,0.,0.));
#1769=DIRECTION('',(0.,0.,1.));
#1770=DIRECTION('center_axis',(0.,0.,1.));
#1771=DIRECTION('ref_axis',(1.,0.,0.));
#1772=DIRECTION('center_axis',(0.,1.,0.));
#1773=DIRECTION('ref_axis',(1.,0.,0.));
#1774=DIRECTION('',(0.,0.,1.));
#1775=DIRECTION('',(-1.,0.,0.));
#1776=DIRECTION('center_axis',(0.,0.,1.));
#1777=DIRECTION('ref_axis',(-1.,0.,0.));
#1778=DIRECTION('',(0.,0.,1.));
#1779=DIRECTION('center_axis',(0.,0.,-1.));
#1780=DIRECTION('ref_axis',(-1.,0.,0.));
#1781=DIRECTION('center_axis',(-1.,1.930822651522E-16,0.));
#1782=DIRECTION('ref_axis',(1.930822651522E-16,1.,0.));
#1783=DIRECTION('',(0.,0.,-1.));
#1784=DIRECTION('',(-1.930822651522E-16,-1.,0.));
#1785=DIRECTION('center_axis',(0.,0.,-1.));
#1786=DIRECTION('ref_axis',(-1.,0.,0.));
#1787=DIRECTION('',(0.,0.,-1.));
#1788=DIRECTION('center_axis',(0.,0.,-1.));
#1789=DIRECTION('ref_axis',(-1.,0.,0.));
#1790=DIRECTION('center_axis',(-1.,7.76132614594392E-15,0.));
#1791=DIRECTION('ref_axis',(-7.76132614594392E-15,-1.,0.));
#1792=DIRECTION('',(0.,0.,1.));
#1793=DIRECTION('',(-7.76132614594392E-15,-1.,0.));
#1794=DIRECTION('',(0.,0.,1.));
#1795=DIRECTION('center_axis',(0.,0.,-1.));
#1796=DIRECTION('ref_axis',(-1.,0.,0.));
#1797=DIRECTION('center_axis',(0.,0.,-1.));
#1798=DIRECTION('ref_axis',(-1.,0.,0.));
#1799=DIRECTION('',(0.,0.,-1.));
#1800=DIRECTION('center_axis',(0.,-1.,0.));
#1801=DIRECTION('ref_axis',(-1.,0.,0.));
#1802=DIRECTION('',(1.,0.,0.));
#1803=DIRECTION('',(0.,0.,-1.));
#1804=DIRECTION('',(1.,0.,0.));
#1805=DIRECTION('',(1.,0.,0.));
#1806=DIRECTION('',(0.,0.,-1.));
#1807=DIRECTION('center_axis',(0.,0.,1.));
#1808=DIRECTION('ref_axis',(-1.,0.,0.));
#1809=DIRECTION('center_axis',(0.,0.,1.));
#1810=DIRECTION('ref_axis',(1.,0.,0.));
#1811=DIRECTION('center_axis',(0.,0.,-1.));
#1812=DIRECTION('ref_axis',(-1.,0.,0.));
#1813=DIRECTION('center_axis',(0.,0.,1.));
#1814=DIRECTION('ref_axis',(-1.,0.,0.));
#1815=DIRECTION('center_axis',(0.,0.,-1.));
#1816=DIRECTION('ref_axis',(1.,0.,0.));
#1817=DIRECTION('center_axis',(0.,0.,1.));
#1818=DIRECTION('ref_axis',(-1.,0.,0.));
#1819=DIRECTION('center_axis',(0.,0.,1.));
#1820=DIRECTION('ref_axis',(1.,0.,0.));
#1821=DIRECTION('center_axis',(0.,0.,1.));
#1822=DIRECTION('ref_axis',(1.,0.,0.));
#1823=DIRECTION('',(0.,0.,1.));
#1824=DIRECTION('center_axis',(0.,0.,1.));
#1825=DIRECTION('ref_axis',(1.,0.,0.));
#1826=DIRECTION('center_axis',(0.,0.,-1.));
#1827=DIRECTION('ref_axis',(1.,0.,0.));
#1828=DIRECTION('center_axis',(0.,0.,-1.));
#1829=DIRECTION('ref_axis',(1.,0.,0.));
#1830=DIRECTION('center_axis',(0.,0.,1.));
#1831=DIRECTION('ref_axis',(1.,0.,0.));
#1832=DIRECTION('center_axis',(0.,0.,1.));
#1833=DIRECTION('ref_axis',(1.,0.,0.));
#1834=DIRECTION('',(0.,0.,1.));
#1835=DIRECTION('center_axis',(0.,0.,-1.));
#1836=DIRECTION('ref_axis',(-0.707106781186548,-0.707106781186547,0.));
#1837=DIRECTION('center_axis',(0.,0.,-1.));
#1838=DIRECTION('ref_axis',(-0.707106781186548,-0.707106781186547,0.));
#1839=DIRECTION('',(0.,0.,-1.));
#1840=DIRECTION('center_axis',(0.,0.,-1.));
#1841=DIRECTION('ref_axis',(-0.707106781186548,-0.707106781186547,0.));
#1842=DIRECTION('',(0.,0.,1.));
#1843=DIRECTION('center_axis',(0.,0.,1.));
#1844=DIRECTION('ref_axis',(1.,0.,0.));
#1845=DIRECTION('',(0.,1.,0.));
#1846=DIRECTION('center_axis',(0.,0.,-1.));
#1847=DIRECTION('ref_axis',(-0.707106781186548,0.707106781186547,0.));
#1848=DIRECTION('',(-1.,1.85036553982345E-16,0.));
#1849=DIRECTION('center_axis',(0.,0.,-1.));
#1850=DIRECTION('ref_axis',(0.707106781186547,0.707106781186548,0.));
#1851=DIRECTION('',(3.2349319866083E-16,1.,0.));
#1852=DIRECTION('center_axis',(0.,0.,-1.));
#1853=DIRECTION('ref_axis',(0.707106781186548,-0.707106781186548,0.));
#1854=DIRECTION('',(-1.,-1.85036553982346E-16,0.));
#1855=DIRECTION('center_axis',(-1.,9.64658259132319E-16,0.));
#1856=DIRECTION('ref_axis',(-9.64658259132319E-16,-1.,0.));
#1857=DIRECTION('',(-9.64658259132319E-16,-1.,0.));
#1858=DIRECTION('',(0.,0.,1.));
#1859=DIRECTION('',(0.,0.,1.));
#1860=DIRECTION('',(-9.64658259132319E-16,-1.,0.));
#1861=DIRECTION('',(0.,0.,-1.));
#1862=DIRECTION('center_axis',(0.,0.,1.));
#1863=DIRECTION('ref_axis',(-0.707106781186548,0.707106781186547,0.));
#1864=DIRECTION('center_axis',(0.,0.,-1.));
#1865=DIRECTION('ref_axis',(-0.707106781186548,0.707106781186547,0.));
#1866=DIRECTION('',(0.,0.,1.));
#1867=DIRECTION('center_axis',(0.,0.,1.));
#1868=DIRECTION('ref_axis',(-0.707106781186547,-0.707106781186548,0.));
#1869=DIRECTION('center_axis',(0.,0.,-1.));
#1870=DIRECTION('ref_axis',(-0.707106781186547,-0.707106781186548,0.));
#1871=DIRECTION('',(0.,0.,-1.));
#1872=DIRECTION('center_axis',(0.,0.,-1.));
#1873=DIRECTION('ref_axis',(-0.707106781186547,-0.707106781186548,0.));
#1874=DIRECTION('',(0.,0.,1.));
#1875=DIRECTION('center_axis',(0.,0.,1.));
#1876=DIRECTION('ref_axis',(1.,0.,0.));
#1877=DIRECTION('',(3.82835525732813E-15,-1.,0.));
#1878=DIRECTION('center_axis',(0.,0.,-1.));
#1879=DIRECTION('ref_axis',(-0.707106781186547,0.707106781186548,0.));
#1880=DIRECTION('',(-1.,1.85036553982345E-16,0.));
#1881=DIRECTION('center_axis',(0.,0.,-1.));
#1882=DIRECTION('ref_axis',(0.707106781186547,0.707106781186548,0.));
#1883=DIRECTION('',(0.,1.,0.));
#1884=DIRECTION('center_axis',(0.,0.,-1.));
#1885=DIRECTION('ref_axis',(0.707106781186547,-0.707106781186548,0.));
#1886=DIRECTION('',(1.,-1.85036553982346E-16,0.));
#1887=DIRECTION('center_axis',(-1.,-2.4116456478308E-16,0.));
#1888=DIRECTION('ref_axis',(2.4116456478308E-16,-1.,0.));
#1889=DIRECTION('',(2.4116456478308E-16,-1.,0.));
#1890=DIRECTION('',(0.,0.,1.));
#1891=DIRECTION('',(0.,0.,1.));
#1892=DIRECTION('',(2.4116456478308E-16,-1.,0.));
#1893=DIRECTION('',(0.,0.,-1.));
#1894=DIRECTION('center_axis',(0.,0.,-1.));
#1895=DIRECTION('ref_axis',(-0.707106781186547,0.707106781186548,0.));
#1896=DIRECTION('center_axis',(0.,0.,-1.));
#1897=DIRECTION('ref_axis',(-0.707106781186547,0.707106781186548,0.));
#1898=DIRECTION('',(0.,0.,1.));
#1899=DIRECTION('center_axis',(0.,0.,1.));
#1900=DIRECTION('ref_axis',(-1.,0.,0.));
#1901=DIRECTION('',(-1.,1.85036553982345E-16,0.));
#1902=DIRECTION('center_axis',(0.,0.,1.));
#1903=DIRECTION('ref_axis',(-1.,0.,0.));
#1904=DIRECTION('',(-1.,-2.63677968348475E-15,0.));
#1905=DIRECTION('center_axis',(0.,0.,1.));
#1906=DIRECTION('ref_axis',(0.,1.,0.));
#1907=DIRECTION('',(1.60776376522053E-15,1.,0.));
#1908=DIRECTION('center_axis',(0.,0.,-1.));
#1909=DIRECTION('ref_axis',(0.707106781186547,0.707106781186548,0.));
#1910=DIRECTION('center_axis',(0.,0.,1.));
#1911=DIRECTION('ref_axis',(-1.,0.,0.));
#1912=DIRECTION('',(-1.,1.85036553982345E-16,0.));
#1913=DIRECTION('center_axis',(0.,0.,1.));
#1914=DIRECTION('ref_axis',(-1.,5.04642241718328E-16,0.));
#1915=DIRECTION('',(-1.,-1.38777878078145E-16,0.));
#1916=DIRECTION('center_axis',(0.,0.,1.));
#1917=DIRECTION('ref_axis',(1.00928448343665E-15,1.,0.));
#1918=DIRECTION('',(0.,1.,0.));
#1919=DIRECTION('center_axis',(0.,0.,-1.));
#1920=DIRECTION('ref_axis',(0.707106781186547,0.707106781186548,0.));
#1921=DIRECTION('center_axis',(0.,0.,1.));
#1922=DIRECTION('ref_axis',(-1.,0.,0.));
#1923=DIRECTION('',(-1.,-1.85036553982346E-16,0.));
#1924=DIRECTION('center_axis',(0.,0.,-1.));
#1925=DIRECTION('ref_axis',(0.707106781186548,-0.707106781186548,0.));
#1926=DIRECTION('',(1.60776376522053E-15,1.,0.));
#1927=DIRECTION('',(0.707106781186536,0.707106781186559,0.));
#1928=DIRECTION('center_axis',(0.,0.,-1.));
#1929=DIRECTION('ref_axis',(-1.,1.85037170770859E-15,0.));
#1930=DIRECTION('',(0.,1.,0.));
#1931=DIRECTION('center_axis',(0.,0.,-1.));
#1932=DIRECTION('ref_axis',(0.707106781186588,0.707106781186507,0.));
#1933=DIRECTION('',(0.707106781186647,-0.707106781186448,0.));
#1934=DIRECTION('center_axis',(0.,0.,1.));
#1935=DIRECTION('ref_axis',(0.707106781186548,-0.707106781186548,0.));
#1936=DIRECTION('',(0.,0.,-1.));
#1937=DIRECTION('',(0.,0.,1.));
#1938=DIRECTION('center_axis',(-1.85036553982346E-16,-1.,0.));
#1939=DIRECTION('ref_axis',(1.,-1.85036553982346E-16,0.));
#1940=DIRECTION('center_axis',(0.,0.,-1.));
#1941=DIRECTION('ref_axis',(0.707106781186547,0.707106781186548,0.));
#1942=DIRECTION('',(0.,0.,-1.));
#1943=DIRECTION('',(0.,0.,1.));
#1944=DIRECTION('center_axis',(1.85036553982345E-16,1.,0.));
#1945=DIRECTION('ref_axis',(-1.,1.85036553982345E-16,0.));
#1946=DIRECTION('center_axis',(0.,0.,1.));
#1947=DIRECTION('ref_axis',(0.707106781186547,0.707106781186548,0.));
#1948=DIRECTION('',(0.,0.,-1.));
#1949=DIRECTION('',(0.,0.,1.));
#1950=DIRECTION('center_axis',(1.,0.,0.));
#1951=DIRECTION('ref_axis',(0.,1.,0.));
#1952=DIRECTION('',(0.,0.,1.));
#1953=DIRECTION('',(0.,0.,1.));
#1954=DIRECTION('',(0.,1.,0.));
#1955=DIRECTION('',(0.,0.,-1.));
#1956=DIRECTION('center_axis',(0.,0.,-1.));
#1957=DIRECTION('ref_axis',(0.707106781186547,-0.707106781186548,0.));
#1958=DIRECTION('center_axis',(0.,0.,-1.));
#1959=DIRECTION('ref_axis',(0.707106781186547,-0.707106781186548,0.));
#1960=DIRECTION('',(0.,0.,1.));
#1961=DIRECTION('center_axis',(-1.85036553982346E-16,-1.,0.));
#1962=DIRECTION('ref_axis',(1.,-1.85036553982346E-16,0.));
#1963=DIRECTION('',(1.,-1.85036553982346E-16,0.));
#1964=DIRECTION('center_axis',(-1.38777878078145E-16,1.,0.));
#1965=DIRECTION('ref_axis',(-1.,-1.38777878078145E-16,0.));
#1966=DIRECTION('',(0.,0.,1.));
#1967=DIRECTION('',(0.,0.,1.));
#1968=DIRECTION('center_axis',(0.,0.,1.));
#1969=DIRECTION('ref_axis',(1.00928448343665E-15,1.,0.));
#1970=DIRECTION('center_axis',(0.707106781186545,-0.70710678118655,0.));
#1971=DIRECTION('ref_axis',(0.70710678118655,0.707106781186545,0.));
#1972=DIRECTION('',(0.,0.,1.));
#1973=DIRECTION('',(0.70710678118655,0.707106781186545,0.));
#1974=DIRECTION('center_axis',(0.,0.,1.));
#1975=DIRECTION('ref_axis',(-1.,1.2335811384724E-15,0.));
#1976=DIRECTION('',(0.,0.,1.));
#1977=DIRECTION('center_axis',(0.,0.,-1.));
#1978=DIRECTION('ref_axis',(-1.,1.2335811384724E-15,0.));
#1979=DIRECTION('center_axis',(1.,7.76132614594392E-16,0.));
#1980=DIRECTION('ref_axis',(-7.76132614594392E-16,1.,0.));
#1981=DIRECTION('',(-7.76132614594392E-16,1.,0.));
#1982=DIRECTION('center_axis',(0.,0.,1.));
#1983=DIRECTION('ref_axis',(0.707106781186547,0.707106781186547,0.));
#1984=DIRECTION('',(0.,0.,1.));
#1985=DIRECTION('center_axis',(0.,0.,-1.));
#1986=DIRECTION('ref_axis',(0.707106781186547,0.707106781186547,0.));
#1987=DIRECTION('center_axis',(-0.707106781186548,-0.707106781186547,0.));
#1988=DIRECTION('ref_axis',(0.707106781186547,-0.707106781186548,0.));
#1989=DIRECTION('',(0.707106781186547,-0.707106781186548,0.));
#1990=DIRECTION('center_axis',(0.,0.,1.));
#1991=DIRECTION('ref_axis',(-1.,5.04642241718328E-16,0.));
#1992=DIRECTION('center_axis',(-2.63677968348475E-15,1.,0.));
#1993=DIRECTION('ref_axis',(-1.,-2.63677968348475E-15,0.));
#1994=DIRECTION('',(0.,0.,1.));
#1995=DIRECTION('',(0.,0.,1.));
#1996=DIRECTION('center_axis',(0.,0.,1.));
#1997=DIRECTION('ref_axis',(0.,1.,0.));
#1998=DIRECTION('',(0.,0.,1.));
#1999=DIRECTION('center_axis',(0.707106781186559,-0.707106781186536,0.));
#2000=DIRECTION('ref_axis',(0.707106781186536,0.707106781186559,0.));
#2001=DIRECTION('',(0.,0.,1.));
#2002=DIRECTION('',(0.,0.,1.));
#2003=DIRECTION('center_axis',(0.,0.,1.));
#2004=DIRECTION('ref_axis',(-1.,1.85037170770859E-15,0.));
#2005=DIRECTION('',(0.,0.,1.));
#2006=DIRECTION('center_axis',(1.,0.,0.));
#2007=DIRECTION('ref_axis',(0.,1.,0.));
#2008=DIRECTION('center_axis',(0.,0.,1.));
#2009=DIRECTION('ref_axis',(0.707106781186588,0.707106781186507,0.));
#2010=DIRECTION('',(0.,0.,1.));
#2011=DIRECTION('center_axis',(-0.707106781186448,-0.707106781186647,0.));
#2012=DIRECTION('ref_axis',(0.707106781186647,-0.707106781186448,0.));
#2013=DIRECTION('center_axis',(0.,0.,1.));
#2014=DIRECTION('ref_axis',(-1.,0.,0.));
#2015=DIRECTION('center_axis',(0.,0.,1.));
#2016=DIRECTION('ref_axis',(-1.,0.,0.));
#2017=DIRECTION('center_axis',(0.,0.,-1.));
#2018=DIRECTION('ref_axis',(-1.,0.,0.));
#2019=DIRECTION('',(0.707106781186547,8.65956056235493E-17,0.707106781186548));
#2020=DIRECTION('center_axis',(0.,0.,1.));
#2021=DIRECTION('ref_axis',(-1.,0.,0.));
#2022=DIRECTION('center_axis',(2.46519032881566E-32,-5.38336219163375E-34,
-1.));
#2023=DIRECTION('ref_axis',(-1.,-1.32710124113274E-65,-2.46519032881566E-32));
#2024=DIRECTION('',(0.,0.,1.));
#2025=DIRECTION('center_axis',(2.46519032881566E-32,-5.38336219163375E-34,
-1.));
#2026=DIRECTION('ref_axis',(-1.,-1.32710124113274E-65,0.));
#2027=DIRECTION('center_axis',(-2.46519032881566E-32,5.38336219163375E-34,
1.));
#2028=DIRECTION('ref_axis',(1.,-2.00150645586383E-34,2.46519032881566E-32));
#2029=DIRECTION('center_axis',(1.22464679914735E-16,1.,-5.38336219163372E-34));
#2030=DIRECTION('ref_axis',(1.,-1.22464679914735E-16,0.));
#2031=DIRECTION('center_axis',(2.46519032881566E-32,-5.38336219163375E-34,
-1.));
#2032=DIRECTION('ref_axis',(1.,-2.00150645586383E-34,2.46519032881566E-32));
#2033=DIRECTION('center_axis',(2.46519032881566E-32,-5.38336219163375E-34,
-1.));
#2034=DIRECTION('ref_axis',(1.,-2.00150645586383E-34,2.46519032881566E-32));
#2035=DIRECTION('center_axis',(0.,0.,1.));
#2036=DIRECTION('ref_axis',(1.,0.,0.));
#2037=DIRECTION('',(0.,0.,1.));
#2038=DIRECTION('center_axis',(-2.46519032881566E-32,5.38336219163375E-34,
1.));
#2039=DIRECTION('ref_axis',(1.,0.,2.46519032881566E-32));
#2040=DIRECTION('center_axis',(1.,-3.2349319866083E-16,0.));
#2041=DIRECTION('ref_axis',(3.2349319866083E-16,1.,6.58512162756314E-50));
#2042=DIRECTION('center_axis',(1.85036553982345E-16,1.,0.));
#2043=DIRECTION('ref_axis',(-1.,1.85036553982345E-16,0.));
#2044=DIRECTION('center_axis',(0.,0.,1.));
#2045=DIRECTION('ref_axis',(-1.,0.,0.));
#2046=DIRECTION('center_axis',(0.,0.,-1.));
#2047=DIRECTION('ref_axis',(1.,0.,0.));
#2048=DIRECTION('',(0.,0.,1.));
#2049=DIRECTION('center_axis',(0.,0.,-1.));
#2050=DIRECTION('ref_axis',(1.,0.,0.));
#2051=DIRECTION('center_axis',(0.,0.,1.));
#2052=DIRECTION('ref_axis',(1.,0.,0.));
#2053=DIRECTION('center_axis',(0.,0.,1.));
#2054=DIRECTION('ref_axis',(1.,0.,0.));
#2055=DIRECTION('center_axis',(0.,0.,-1.));
#2056=DIRECTION('ref_axis',(1.,0.,0.));
#2057=DIRECTION('center_axis',(0.,0.,-1.));
#2058=DIRECTION('ref_axis',(1.,0.,0.));
#2059=DIRECTION('',(0.,0.,1.));
#2060=DIRECTION('center_axis',(0.,0.,-1.));
#2061=DIRECTION('ref_axis',(-1.,0.,0.));
#2062=DIRECTION('',(0.,0.,1.));
#2063=DIRECTION('center_axis',(0.,0.,-1.));
#2064=DIRECTION('ref_axis',(-1.,0.,0.));
#2065=DIRECTION('center_axis',(0.,0.,1.));
#2066=DIRECTION('ref_axis',(-1.,0.,0.));
#2067=DIRECTION('center_axis',(0.,0.,1.));
#2068=DIRECTION('ref_axis',(-1.,0.,0.));
#2069=DIRECTION('center_axis',(0.,0.,-1.));
#2070=DIRECTION('ref_axis',(-1.,0.,0.));
#2071=DIRECTION('center_axis',(0.,0.,-1.));
#2072=DIRECTION('ref_axis',(-1.,0.,0.));
#2073=DIRECTION('',(0.,0.,1.));
#2074=DIRECTION('center_axis',(0.,0.,1.));
#2075=DIRECTION('ref_axis',(-1.,0.,0.));
#2076=DIRECTION('',(0.,0.,1.));
#2077=DIRECTION('center_axis',(0.,0.,1.));
#2078=DIRECTION('ref_axis',(-1.,0.,0.));
#2079=DIRECTION('center_axis',(0.,0.,-1.));
#2080=DIRECTION('ref_axis',(-1.,0.,0.));
#2081=DIRECTION('center_axis',(0.,0.,-1.));
#2082=DIRECTION('ref_axis',(-1.,0.,0.));
#2083=DIRECTION('center_axis',(0.,0.,1.));
#2084=DIRECTION('ref_axis',(-1.,0.,0.));
#2085=DIRECTION('center_axis',(0.,0.,1.));
#2086=DIRECTION('ref_axis',(-1.,0.,0.));
#2087=DIRECTION('',(0.,0.,1.));
#2088=DIRECTION('center_axis',(0.,0.,1.));
#2089=DIRECTION('ref_axis',(1.,0.,0.));
#2090=DIRECTION('',(0.,0.,-1.));
#2091=CARTESIAN_POINT('',(0.,0.,0.));
#2092=CARTESIAN_POINT('Origin',(6.22500000000001,-9.85000000000002,13.25));
#2093=CARTESIAN_POINT('',(-5.24998999999998,-10.,13.4));
#2094=CARTESIAN_POINT('',(-5.24998999999998,-9.70000000000002,13.1));
#2095=CARTESIAN_POINT('',(-5.24998999999998,-9.85000000000002,13.25));
#2096=CARTESIAN_POINT('',(5.24998999999998,-9.70000000000002,13.1));
#2097=CARTESIAN_POINT('',(6.22500000000001,-9.70000000000002,13.1));
#2098=CARTESIAN_POINT('',(5.24998999999998,-10.,13.4));
#2099=CARTESIAN_POINT('',(5.24998999999998,-8.41954468379693,11.8195446837969));
#2100=CARTESIAN_POINT('',(6.22500000000001,-10.,13.4));
#2101=CARTESIAN_POINT('Origin',(5.24998999999998,-4.27817873518764,13.1));
#2102=CARTESIAN_POINT('',(5.24998999999998,-4.27817873518764,13.1));
#2103=CARTESIAN_POINT('',(5.24998999999999,-2.13908936759384,13.1));
#2104=CARTESIAN_POINT('',(5.24998999999998,-4.27817873518764,14.9));
#2105=CARTESIAN_POINT('',(5.24998999999998,-4.27817873518764,13.1));
#2106=CARTESIAN_POINT('',(5.24998999999998,-10.,14.9));
#2107=CARTESIAN_POINT('',(5.24998999999998,-4.27817873518764,14.9));
#2108=CARTESIAN_POINT('',(5.24998999999998,-10.,16.5));
#2109=CARTESIAN_POINT('Origin',(2.88657986402541E-14,-3.10862446895044E-14,
13.1));
#2110=CARTESIAN_POINT('',(-5.24998999999998,-4.27817873518764,13.1));
#2111=CARTESIAN_POINT('',(-5.24998999999998,-5.00000000000003,13.1));
#2112=CARTESIAN_POINT('',(-4.98638610306787,-3.64178263211975,13.1));
#2113=CARTESIAN_POINT('Origin',(-4.34998999999998,-4.27817873518764,13.1));
#2114=CARTESIAN_POINT('',(-4.74998999999999,-3.40538652905186,13.1));
#2115=CARTESIAN_POINT('',(-2.82934391927101,-1.48474044832281,13.1));
#2116=CARTESIAN_POINT('',(-4.74998999999999,3.5,13.1));
#2117=CARTESIAN_POINT('',(-4.74998999999999,-1.70269326452594,13.1));
#2118=CARTESIAN_POINT('',(-5.84999999999999,4.60001,13.1));
#2119=CARTESIAN_POINT('Origin',(-5.84999999999999,3.5,13.1));
#2120=CARTESIAN_POINT('',(-9.84999999999999,4.60001,13.1));
#2121=CARTESIAN_POINT('',(-2.92499999999999,4.60001000000001,13.1));
#2122=CARTESIAN_POINT('',(-10.95001,3.5,13.1));
#2123=CARTESIAN_POINT('Origin',(-9.84999999999999,3.5,13.1));
#2124=CARTESIAN_POINT('',(-10.95001,-3.40538652905187,13.1));
#2125=CARTESIAN_POINT('',(-10.95001,1.74999999999999,13.1));
#2126=CARTESIAN_POINT('',(-10.713613896932,-3.64178263211975,13.1));
#2127=CARTESIAN_POINT('',(-9.06385413226218,-5.29154239678915,13.1));
#2128=CARTESIAN_POINT('',(-10.45001,-4.27817873518764,13.1));
#2129=CARTESIAN_POINT('Origin',(-11.35001,-4.27817873518764,13.1));
#2130=CARTESIAN_POINT('',(-10.45001,-9.70000000000002,13.1));
#2131=CARTESIAN_POINT('',(-10.4500099999999,-2.13908936759379,13.1));
#2132=CARTESIAN_POINT('',(-12.55,-9.70000000000002,13.1));
#2133=CARTESIAN_POINT('',(6.22500000000001,-9.70000000000002,13.1));
#2134=CARTESIAN_POINT('',(-16.4,-5.849994624681,13.1));
#2135=CARTESIAN_POINT('Origin',(-12.55,-5.849994624681,13.1));
#2136=CARTESIAN_POINT('',(-16.4,5.849994624681,13.1));
#2137=CARTESIAN_POINT('',(-16.4,-2.87500000000003,13.1));
#2138=CARTESIAN_POINT('',(-12.55,9.699994624681,13.1));
#2139=CARTESIAN_POINT('Origin',(-12.55,5.849994624681,13.1));
#2140=CARTESIAN_POINT('',(12.55,9.699994624681,13.1));
#2141=CARTESIAN_POINT('',(-6.22162027431782,9.699994624681,13.1));
#2142=CARTESIAN_POINT('',(16.4,5.849994624681,13.1));
#2143=CARTESIAN_POINT('Origin',(12.55,5.849994624681,13.1));
#2144=CARTESIAN_POINT('',(16.4,-5.849994624681,13.1));
#2145=CARTESIAN_POINT('',(16.4,2.875,13.1));
#2146=CARTESIAN_POINT('',(12.55,-9.699994624681,13.1));
#2147=CARTESIAN_POINT('Origin',(12.55,-5.849994624681,13.1));
#2148=CARTESIAN_POINT('',(10.45001,-9.70000000000002,13.1));
#2149=CARTESIAN_POINT('',(6.22500000000001,-9.70000000000002,13.1));
#2150=CARTESIAN_POINT('',(10.45001,-4.27817873518764,13.1));
#2151=CARTESIAN_POINT('',(10.45001,-5.00000000000002,13.1));
#2152=CARTESIAN_POINT('',(10.7136138969321,-3.64178263211977,13.1));
#2153=CARTESIAN_POINT('Origin',(11.35001,-4.27817873518764,13.1));
#2154=CARTESIAN_POINT('',(10.95001,-3.40538652905186,13.1));
#2155=CARTESIAN_POINT('',(8.94565608072899,-5.40974044832286,13.1));
#2156=CARTESIAN_POINT('',(10.95001,3.5,13.1));
#2157=CARTESIAN_POINT('',(10.95001,-1.70269326452595,13.1));
#2158=CARTESIAN_POINT('',(9.84999999999999,4.60001,13.1));
#2159=CARTESIAN_POINT('Origin',(9.84999999999999,3.5,13.1));
#2160=CARTESIAN_POINT('',(5.84999999999999,4.60001,13.1));
#2161=CARTESIAN_POINT('',(4.92500000000001,4.60001,13.1));
#2162=CARTESIAN_POINT('',(4.74998999999999,3.5,13.1));
#2163=CARTESIAN_POINT('Origin',(5.84999999999999,3.5,13.1));
#2164=CARTESIAN_POINT('',(4.74998999999999,-3.40538652905186,13.1));
#2165=CARTESIAN_POINT('',(4.74998999999999,1.74999999999999,13.1));
#2166=CARTESIAN_POINT('',(4.98638610306788,-3.64178263211975,13.1));
#2167=CARTESIAN_POINT('',(2.71114586773705,-1.36654239678891,13.1));
#2168=CARTESIAN_POINT('Origin',(4.34998999999998,-4.27817873518764,13.1));
#2169=CARTESIAN_POINT('',(-11.05,5.849994624681,13.1));
#2170=CARTESIAN_POINT('Origin',(-12.55,5.849994624681,13.1));
#2171=CARTESIAN_POINT('',(-3.9,4.77612251667468E-16,13.1));
#2172=CARTESIAN_POINT('Origin',(0.,0.,13.1));
#2173=CARTESIAN_POINT('',(11.05,5.849994624681,13.1));
#2174=CARTESIAN_POINT('Origin',(12.55,5.849994624681,13.1));
#2175=CARTESIAN_POINT('',(11.05,-5.849994624681,13.1));
#2176=CARTESIAN_POINT('Origin',(12.55,-5.849994624681,13.1));
#2177=CARTESIAN_POINT('',(-11.05,-5.849994624681,13.1));
#2178=CARTESIAN_POINT('Origin',(-12.55,-5.849994624681,13.1));
#2179=CARTESIAN_POINT('',(-12.,1.43984362379858E-15,13.1));
#2180=CARTESIAN_POINT('Origin',(-13.7,1.23165366794353E-15,13.1));
#2181=CARTESIAN_POINT('',(12.,1.43984362379858E-15,13.1));
#2182=CARTESIAN_POINT('Origin',(13.7,1.23165366794353E-15,13.1));
#2183=CARTESIAN_POINT('Origin',(6.22500000000001,-9.85000000000002,13.25));
#2184=CARTESIAN_POINT('',(-10.45001,-10.,13.4));
#2185=CARTESIAN_POINT('',(-10.45001,-8.41954468379689,11.8195446837969));
#2186=CARTESIAN_POINT('',(-12.55,-10.,13.4));
#2187=CARTESIAN_POINT('',(6.22500000000001,-10.,13.4));
#2188=CARTESIAN_POINT('',(-12.55,-10.,13.4));
#2189=CARTESIAN_POINT('Origin',(-12.55,-5.849994624681,13.25));
#2190=CARTESIAN_POINT('',(-16.7,-5.849994624681,13.4));
#2191=CARTESIAN_POINT('Origin',(-12.55,-5.849994624681,13.4));
#2192=CARTESIAN_POINT('',(-16.7,-5.849994624681,13.4));
#2193=CARTESIAN_POINT('Origin',(-16.55,-2.87500000000003,13.25));
#2194=CARTESIAN_POINT('',(-16.7,5.849994624681,13.4));
#2195=CARTESIAN_POINT('',(-16.7,5.849994624681,13.4));
#2196=CARTESIAN_POINT('',(-16.7,-2.87500000000003,13.4));
#2197=CARTESIAN_POINT('Origin',(-12.55,5.849994624681,13.25));
#2198=CARTESIAN_POINT('',(-12.55,9.999994624681,13.4));
#2199=CARTESIAN_POINT('Origin',(-12.55,5.849994624681,13.4));
#2200=CARTESIAN_POINT('',(-12.55,9.999994624681,13.4));
#2201=CARTESIAN_POINT('Origin',(-6.22162027431782,9.849994624681,13.25));
#2202=CARTESIAN_POINT('',(12.55,9.999994624681,13.4));
#2203=CARTESIAN_POINT('',(12.55,9.999994624681,13.4));
#2204=CARTESIAN_POINT('',(-6.22162027431782,9.999994624681,13.4));
#2205=CARTESIAN_POINT('Origin',(12.55,5.849994624681,13.25));
#2206=CARTESIAN_POINT('',(16.7,5.849994624681,13.4));
#2207=CARTESIAN_POINT('',(16.7,5.849994624681,13.4));
#2208=CARTESIAN_POINT('Origin',(12.55,5.849994624681,13.4));
#2209=CARTESIAN_POINT('Origin',(16.55,2.875,13.25));
#2210=CARTESIAN_POINT('',(16.7,-5.849994624681,13.4));
#2211=CARTESIAN_POINT('',(16.7,-5.849994624681,13.4));
#2212=CARTESIAN_POINT('',(16.7,2.875,13.4));
#2213=CARTESIAN_POINT('Origin',(12.55,-5.849994624681,13.25));
#2214=CARTESIAN_POINT('',(12.55,-10.,13.4));
#2215=CARTESIAN_POINT('Origin',(12.55,-5.849994624681,13.4));
#2216=CARTESIAN_POINT('',(12.55,-9.999994624681,13.4));
#2217=CARTESIAN_POINT('Origin',(6.22500000000001,-9.85000000000002,13.25));
#2218=CARTESIAN_POINT('',(10.45001,-10.,13.4));
#2219=CARTESIAN_POINT('',(10.45001,-9.85000000000002,13.25));
#2220=CARTESIAN_POINT('',(6.22500000000001,-10.,13.4));
#2221=CARTESIAN_POINT('Origin',(12.55,-5.849994624681,13.1));
#2222=CARTESIAN_POINT('',(16.7,-5.849994624681,19.9));
#2223=CARTESIAN_POINT('',(16.7,-5.849994624681,13.1));
#2224=CARTESIAN_POINT('',(12.55,-9.999994624681,19.9));
#2225=CARTESIAN_POINT('Origin',(12.55,-5.849994624681,19.9));
#2226=CARTESIAN_POINT('',(12.55,-10.,13.1));
#2227=CARTESIAN_POINT('Origin',(16.7,5.75000000000003,19.9));
#2228=CARTESIAN_POINT('',(16.7,5.849994624681,19.9));
#2229=CARTESIAN_POINT('',(16.7,5.849994624681,13.1));
#2230=CARTESIAN_POINT('',(16.7,-5.75000000000004,19.9));
#2231=CARTESIAN_POINT('Origin',(12.55,5.849994624681,13.1));
#2232=CARTESIAN_POINT('',(12.55,9.999994624681,19.9));
#2233=CARTESIAN_POINT('',(12.55,9.999994624681,13.1));
#2234=CARTESIAN_POINT('Origin',(12.55,5.849994624681,19.9));
#2235=CARTESIAN_POINT('Origin',(-12.4432405486357,9.999994624681,19.9));
#2236=CARTESIAN_POINT('',(-12.55,9.999994624681,19.9));
#2237=CARTESIAN_POINT('',(-12.55,9.999994624681,13.1));
#2238=CARTESIAN_POINT('',(12.5499982509331,9.999994624681,19.9));
#2239=CARTESIAN_POINT('Origin',(-12.55,5.849994624681,13.1));
#2240=CARTESIAN_POINT('',(-16.7,5.849994624681,19.9));
#2241=CARTESIAN_POINT('',(-16.7,5.849994624681,13.1));
#2242=CARTESIAN_POINT('Origin',(-12.55,5.849994624681,19.9));
#2243=CARTESIAN_POINT('Origin',(-16.7,-5.75000000000004,19.9));
#2244=CARTESIAN_POINT('',(-16.7,-5.849994624681,19.9));
#2245=CARTESIAN_POINT('',(-16.7,-5.849994624681,13.1));
#2246=CARTESIAN_POINT('',(-16.7,5.75000000000003,19.9));
#2247=CARTESIAN_POINT('Origin',(-12.55,-5.849994624681,13.1));
#2248=CARTESIAN_POINT('',(-12.55,-9.999994624681,19.9));
#2249=CARTESIAN_POINT('',(-12.55,-10.,13.1));
#2250=CARTESIAN_POINT('Origin',(-12.55,-5.849994624681,19.9));
#2251=CARTESIAN_POINT('Origin',(-10.45001,-4.27817873518764,13.1));
#2252=CARTESIAN_POINT('',(-10.45001,-4.27817873518764,14.9));
#2253=CARTESIAN_POINT('',(-10.45001,-4.27817873518764,13.1));
#2254=CARTESIAN_POINT('',(-10.45001,-10.,14.9));
#2255=CARTESIAN_POINT('',(-10.45001,-4.27817873518764,14.9));
#2256=CARTESIAN_POINT('',(-10.45001,-10.,16.5));
#2257=CARTESIAN_POINT('Origin',(-13.7,1.23165366794353E-15,19.9));
#2258=CARTESIAN_POINT('',(-12.,1.43984362379858E-15,19.9));
#2259=CARTESIAN_POINT('Origin',(-13.7,1.23165366794353E-15,19.9));
#2260=CARTESIAN_POINT('',(-12.,1.02346371208848E-15,19.9));
#2261=CARTESIAN_POINT('Origin',(12.45,-10.,19.9));
#2262=CARTESIAN_POINT('',(10.45001,-10.,14.9));
#2263=CARTESIAN_POINT('',(10.15,-10.,14.9));
#2264=CARTESIAN_POINT('',(10.45001,-10.,16.5));
#2265=CARTESIAN_POINT('',(-12.35,-10.,19.9));
#2266=CARTESIAN_POINT('',(-5.24998999999998,-10.,14.9));
#2267=CARTESIAN_POINT('',(3.55000500000001,-10.,14.9));
#2268=CARTESIAN_POINT('',(-5.24998999999998,-10.,16.5));
#2269=CARTESIAN_POINT('Origin',(0.100000000000027,-3.11556336285435E-14,
19.9));
#2270=CARTESIAN_POINT('',(12.,1.43984362379858E-15,19.9));
#2271=CARTESIAN_POINT('Origin',(13.7,1.23165366794353E-15,19.9));
#2272=CARTESIAN_POINT('',(-9.69999999999998,-5.849994624681,19.9));
#2273=CARTESIAN_POINT('Origin',(-12.55,-5.849994624681,19.9));
#2274=CARTESIAN_POINT('',(-9.69999999999998,5.849994624681,19.9));
#2275=CARTESIAN_POINT('Origin',(-12.55,5.849994624681,19.9));
#2276=CARTESIAN_POINT('',(9.69999999999998,5.849994624681,19.9));
#2277=CARTESIAN_POINT('Origin',(12.55,5.849994624681,19.9));
#2278=CARTESIAN_POINT('',(2.75,4.06166808804594E-16,19.9));
#2279=CARTESIAN_POINT('Origin',(7.28485439410633E-17,6.93889390390723E-17,
19.9));
#2280=CARTESIAN_POINT('',(9.69999999999998,-5.849994624681,19.9));
#2281=CARTESIAN_POINT('Origin',(12.55,-5.849994624681,19.9));
#2282=CARTESIAN_POINT('Origin',(12.55,5.849994624681,13.1));
#2283=CARTESIAN_POINT('',(11.05,5.849994624681,17.1));
#2284=CARTESIAN_POINT('',(11.05,5.849994624681,13.1));
#2285=CARTESIAN_POINT('Origin',(12.55,5.849994624681,17.1));
#2286=CARTESIAN_POINT('Origin',(12.55,5.849994624681,17.1));
#2287=CARTESIAN_POINT('Origin',(12.55,5.849994624681,17.3));
#2288=CARTESIAN_POINT('',(9.69999999999998,5.849994624681,17.3));
#2289=CARTESIAN_POINT('Origin',(12.55,5.849994624681,17.3));
#2290=CARTESIAN_POINT('Origin',(12.55,5.849994624681,13.1));
#2291=CARTESIAN_POINT('',(9.69999999999998,5.849994624681,13.1));
#2292=CARTESIAN_POINT('Origin',(-9.95001,-1.9,14.));
#2293=CARTESIAN_POINT('',(-9.95001,-2.9,15.9));
#2294=CARTESIAN_POINT('',(-10.95001,-1.9,15.9));
#2295=CARTESIAN_POINT('Origin',(-9.95001,-1.9,15.9));
#2296=CARTESIAN_POINT('',(-9.95001,-2.9,14.9));
#2297=CARTESIAN_POINT('',(-9.95001,-2.9,14.));
#2298=CARTESIAN_POINT('',(-10.95001,-1.9,14.9));
#2299=CARTESIAN_POINT('Origin',(-9.95001,-1.9,14.9));
#2300=CARTESIAN_POINT('',(-10.95001,-1.9,14.));
#2301=CARTESIAN_POINT('Origin',(7.84999999999998,5.55111512312578E-16,15.9));
#2302=CARTESIAN_POINT('',(-10.95001,1.9,15.9));
#2303=CARTESIAN_POINT('',(-10.95001,-2.9,15.9));
#2304=CARTESIAN_POINT('',(-9.95000999999999,2.9,15.9));
#2305=CARTESIAN_POINT('Origin',(-9.95000999999999,1.9,15.9));
#2306=CARTESIAN_POINT('',(-5.74998999999999,2.9,15.9));
#2307=CARTESIAN_POINT('',(9.35000499999999,2.9,15.9));
#2308=CARTESIAN_POINT('',(-4.74998999999999,1.9,15.9));
#2309=CARTESIAN_POINT('Origin',(-5.74998999999999,1.9,15.9));
#2310=CARTESIAN_POINT('',(-4.74998999999999,-1.9,15.9));
#2311=CARTESIAN_POINT('',(-4.74998999999999,-1.68198258640727,15.9));
#2312=CARTESIAN_POINT('',(-5.74998999999999,-2.9,15.9));
#2313=CARTESIAN_POINT('Origin',(-5.74998999999999,-1.9,15.9));
#2314=CARTESIAN_POINT('',(-4.84998999999999,-2.9,15.9));
#2315=CARTESIAN_POINT('Origin',(-10.95001,3.5,13.1));
#2316=CARTESIAN_POINT('',(-10.95001,-3.40538652905187,14.9));
#2317=CARTESIAN_POINT('',(-10.95001,3.5,14.9));
#2318=CARTESIAN_POINT('',(-10.95001,-3.40538652905187,13.1));
#2319=CARTESIAN_POINT('',(-10.95001,3.5,14.9));
#2320=CARTESIAN_POINT('',(-10.95001,3.5,13.1));
#2321=CARTESIAN_POINT('',(-10.95001,1.9,14.9));
#2322=CARTESIAN_POINT('',(-10.95001,3.5,14.9));
#2323=CARTESIAN_POINT('',(-10.95001,1.9,14.));
#2324=CARTESIAN_POINT('Origin',(-9.95000999999999,1.9,14.));
#2325=CARTESIAN_POINT('',(-9.95000999999999,2.9,14.9));
#2326=CARTESIAN_POINT('Origin',(-9.95000999999999,1.9,14.9));
#2327=CARTESIAN_POINT('',(-9.95000999999999,2.9,14.));
#2328=CARTESIAN_POINT('Origin',(5.74998999999999,-1.9,14.));
#2329=CARTESIAN_POINT('',(5.74998999999999,-2.9,15.9));
#2330=CARTESIAN_POINT('',(4.74998999999999,-1.9,15.9));
#2331=CARTESIAN_POINT('Origin',(5.74998999999999,-1.9,15.9));
#2332=CARTESIAN_POINT('',(5.74998999999999,-2.9,14.9));
#2333=CARTESIAN_POINT('',(5.74998999999999,-2.9,14.));
#2334=CARTESIAN_POINT('',(4.74998999999999,-1.9,14.9));
#2335=CARTESIAN_POINT('Origin',(5.74998999999999,-1.9,14.9));
#2336=CARTESIAN_POINT('',(4.74998999999999,-1.9,14.));
#2337=CARTESIAN_POINT('Origin',(7.84999999999998,5.55111512312578E-16,15.9));
#2338=CARTESIAN_POINT('',(4.74998999999998,1.9,15.9));
#2339=CARTESIAN_POINT('',(4.74998999999998,2.9,15.9));
#2340=CARTESIAN_POINT('',(5.74998999999999,2.9,15.9));
#2341=CARTESIAN_POINT('Origin',(5.74998999999999,1.9,15.9));
#2342=CARTESIAN_POINT('',(9.95001,2.9,15.9));
#2343=CARTESIAN_POINT('',(10.85001,2.9,15.9));
#2344=CARTESIAN_POINT('',(10.95001,1.9,15.9));
#2345=CARTESIAN_POINT('Origin',(9.95001,1.9,15.9));
#2346=CARTESIAN_POINT('',(10.95001,-1.9,15.9));
#2347=CARTESIAN_POINT('',(10.95001,-2.9,15.9));
#2348=CARTESIAN_POINT('',(9.95001,-2.9,15.9));
#2349=CARTESIAN_POINT('Origin',(9.95001,-1.9,15.9));
#2350=CARTESIAN_POINT('',(6.34999499999999,-2.9,15.9));
#2351=CARTESIAN_POINT('Origin',(4.74998999999999,3.5,13.1));
#2352=CARTESIAN_POINT('',(4.74998999999999,-3.40538652905186,14.9));
#2353=CARTESIAN_POINT('',(4.74998999999999,3.5,14.9));
#2354=CARTESIAN_POINT('',(4.74998999999999,-3.40538652905186,13.1));
#2355=CARTESIAN_POINT('',(4.74998999999999,3.5,14.9));
#2356=CARTESIAN_POINT('',(4.74998999999999,3.5,13.1));
#2357=CARTESIAN_POINT('',(4.74998999999999,1.9,14.9));
#2358=CARTESIAN_POINT('',(4.74998999999999,3.5,14.9));
#2359=CARTESIAN_POINT('',(4.74998999999999,1.9,14.));
#2360=CARTESIAN_POINT('Origin',(5.74998999999999,1.9,14.));
#2361=CARTESIAN_POINT('',(5.74998999999999,2.9,14.9));
#2362=CARTESIAN_POINT('Origin',(5.74998999999999,1.9,14.9));
#2363=CARTESIAN_POINT('',(5.74998999999999,2.9,14.));
#2364=CARTESIAN_POINT('Origin',(2.88657986402541E-14,-3.10862446895044E-14,
14.9));
#2365=CARTESIAN_POINT('',(-5.74998999999999,2.9,14.9));
#2366=CARTESIAN_POINT('',(5.42500500000001,2.9,14.9));
#2367=CARTESIAN_POINT('',(-9.84999999999999,4.60001,14.9));
#2368=CARTESIAN_POINT('Origin',(-9.84999999999999,3.5,14.9));
#2369=CARTESIAN_POINT('',(-5.84999999999999,4.60001,14.9));
#2370=CARTESIAN_POINT('',(-5.84999999999999,4.60001,14.9));
#2371=CARTESIAN_POINT('',(-4.74998999999999,3.5,14.9));
#2372=CARTESIAN_POINT('Origin',(-5.84999999999999,3.5,14.9));
#2373=CARTESIAN_POINT('',(-4.74998999999999,1.9,14.9));
#2374=CARTESIAN_POINT('',(-4.74998999999999,-3.40538652905186,14.9));
#2375=CARTESIAN_POINT('Origin',(-5.74998999999999,1.9,14.9));
#2376=CARTESIAN_POINT('Origin',(2.88657986402541E-14,-3.10862446895044E-14,
14.9));
#2377=CARTESIAN_POINT('',(9.95001,2.9,14.9));
#2378=CARTESIAN_POINT('',(5.42500500000001,2.9,14.9));
#2379=CARTESIAN_POINT('',(5.84999999999999,4.60001,14.9));
#2380=CARTESIAN_POINT('Origin',(5.84999999999999,3.5,14.9));
#2381=CARTESIAN_POINT('',(9.84999999999999,4.60001,14.9));
#2382=CARTESIAN_POINT('',(9.84999999999999,4.60001,14.9));
#2383=CARTESIAN_POINT('',(10.95001,3.5,14.9));
#2384=CARTESIAN_POINT('Origin',(9.84999999999999,3.5,14.9));
#2385=CARTESIAN_POINT('',(10.95001,1.9,14.9));
#2386=CARTESIAN_POINT('',(10.95001,-3.40538652905186,14.9));
#2387=CARTESIAN_POINT('Origin',(9.95001,1.9,14.9));
#2388=CARTESIAN_POINT('Origin',(2.88657986402541E-14,-3.10862446895044E-14,
14.9));
#2389=CARTESIAN_POINT('',(-5.74998999999999,-2.9,14.9));
#2390=CARTESIAN_POINT('',(-2.42499500000001,-2.9,14.9));
#2391=CARTESIAN_POINT('',(-4.74998999999999,-1.9,14.9));
#2392=CARTESIAN_POINT('Origin',(-5.74998999999999,-1.9,14.9));
#2393=CARTESIAN_POINT('',(-4.74998999999999,-3.40538652905186,14.9));
#2394=CARTESIAN_POINT('',(-4.74998999999999,-3.40538652905186,14.9));
#2395=CARTESIAN_POINT('',(-4.98638610306787,-3.64178263211975,14.9));
#2396=CARTESIAN_POINT('',(-4.98638610306787,-3.64178263211975,14.9));
#2397=CARTESIAN_POINT('',(-5.24998999999998,-4.27817873518764,14.9));
#2398=CARTESIAN_POINT('Origin',(-4.34998999999998,-4.27817873518764,14.9));
#2399=CARTESIAN_POINT('',(-5.24998999999998,-10.,14.9));
#2400=CARTESIAN_POINT('',(-10.713613896932,-3.64178263211975,14.9));
#2401=CARTESIAN_POINT('Origin',(-11.35001,-4.27817873518764,14.9));
#2402=CARTESIAN_POINT('',(-10.95001,-3.40538652905187,14.9));
#2403=CARTESIAN_POINT('Origin',(-5.74998999999999,-1.9,14.));
#2404=CARTESIAN_POINT('',(-4.74998999999999,-1.9,14.));
#2405=CARTESIAN_POINT('',(-5.74998999999999,-2.9,14.));
#2406=CARTESIAN_POINT('Origin',(4.84998999999999,-2.9,14.9));
#2407=CARTESIAN_POINT('Origin',(-5.74998999999999,1.9,14.));
#2408=CARTESIAN_POINT('',(-5.74998999999999,2.9,14.));
#2409=CARTESIAN_POINT('',(-4.74998999999999,1.9,14.));
#2410=CARTESIAN_POINT('Origin',(10.85001,2.9,14.9));
#2411=CARTESIAN_POINT('Origin',(9.95001,1.9,14.));
#2412=CARTESIAN_POINT('',(9.95001,2.9,14.));
#2413=CARTESIAN_POINT('',(10.95001,1.9,14.));
#2414=CARTESIAN_POINT('Origin',(10.95001,-3.40538652905186,13.1));
#2415=CARTESIAN_POINT('',(10.95001,3.5,13.1));
#2416=CARTESIAN_POINT('',(10.95001,-3.40538652905186,14.9));
#2417=CARTESIAN_POINT('',(10.95001,-3.40538652905186,13.1));
#2418=CARTESIAN_POINT('',(10.95001,-1.9,14.9));
#2419=CARTESIAN_POINT('',(10.95001,-3.40538652905186,14.9));
#2420=CARTESIAN_POINT('',(10.95001,-1.9,14.));
#2421=CARTESIAN_POINT('Origin',(9.95001,-1.9,14.));
#2422=CARTESIAN_POINT('',(9.95001,-2.9,14.9));
#2423=CARTESIAN_POINT('Origin',(9.95001,-1.9,14.9));
#2424=CARTESIAN_POINT('',(9.95001,-2.9,14.));
#2425=CARTESIAN_POINT('Origin',(4.84998999999999,-2.9,14.9));
#2426=CARTESIAN_POINT('',(2.42499500000001,-2.9,14.9));
#2427=CARTESIAN_POINT('Origin',(9.84999999999999,4.60001,13.1));
#2428=CARTESIAN_POINT('',(9.84999999999999,4.60001,13.1));
#2429=CARTESIAN_POINT('',(5.84999999999999,4.60001,13.1));
#2430=CARTESIAN_POINT('Origin',(9.84999999999999,3.5,13.1));
#2431=CARTESIAN_POINT('Origin',(10.7136138969321,-3.64178263211977,13.1));
#2432=CARTESIAN_POINT('',(10.7136138969321,-3.64178263211977,14.9));
#2433=CARTESIAN_POINT('',(10.7136138969321,-3.64178263211977,13.1));
#2434=CARTESIAN_POINT('',(10.7136138969321,-3.64178263211977,14.9));
#2435=CARTESIAN_POINT('Origin',(11.35001,-4.27817873518764,13.1));
#2436=CARTESIAN_POINT('',(10.45001,-4.27817873518764,14.9));
#2437=CARTESIAN_POINT('',(10.45001,-4.27817873518764,13.1));
#2438=CARTESIAN_POINT('Origin',(11.35001,-4.27817873518764,14.9));
#2439=CARTESIAN_POINT('Origin',(10.45001,-10.,13.1));
#2440=CARTESIAN_POINT('',(10.45001,-10.,14.9));
#2441=CARTESIAN_POINT('Origin',(4.34998999999998,-4.27817873518764,13.1));
#2442=CARTESIAN_POINT('',(4.98638610306788,-3.64178263211975,14.9));
#2443=CARTESIAN_POINT('',(4.98638610306788,-3.64178263211975,13.1));
#2444=CARTESIAN_POINT('Origin',(4.34998999999998,-4.27817873518764,14.9));
#2445=CARTESIAN_POINT('Origin',(4.74998999999999,-3.40538652905186,13.1));
#2446=CARTESIAN_POINT('',(4.74998999999999,-3.40538652905186,14.9));
#2447=CARTESIAN_POINT('Origin',(5.84999999999999,3.5,13.1));
#2448=CARTESIAN_POINT('Origin',(-5.84999999999999,4.60001,13.1));
#2449=CARTESIAN_POINT('',(-5.84999999999999,4.60001,13.1));
#2450=CARTESIAN_POINT('',(-9.84999999999999,4.60001,13.1));
#2451=CARTESIAN_POINT('Origin',(-5.84999999999999,3.5,13.1));
#2452=CARTESIAN_POINT('',(-4.74998999999999,3.5,13.1));
#2453=CARTESIAN_POINT('Origin',(-4.98638610306787,-3.64178263211975,13.1));
#2454=CARTESIAN_POINT('',(-4.98638610306787,-3.64178263211975,13.1));
#2455=CARTESIAN_POINT('',(-4.74998999999999,-3.40538652905186,13.1));
#2456=CARTESIAN_POINT('Origin',(-4.34998999999998,-4.27817873518764,13.1));
#2457=CARTESIAN_POINT('',(-5.24998999999998,-4.27817873518764,13.1));
#2458=CARTESIAN_POINT('Origin',(-5.24998999999998,-10.,13.1));
#2459=CARTESIAN_POINT('Origin',(-11.35001,-4.27817873518764,13.1));
#2460=CARTESIAN_POINT('',(-10.713613896932,-3.64178263211975,13.1));
#2461=CARTESIAN_POINT('Origin',(-10.95001,-3.40538652905187,13.1));
#2462=CARTESIAN_POINT('Origin',(-9.84999999999999,3.5,13.1));
#2463=CARTESIAN_POINT('Origin',(7.28485439410633E-17,6.93889390390723E-17,
19.4));
#2464=CARTESIAN_POINT('',(1.75,-1.44924250811715E-16,18.9));
#2465=CARTESIAN_POINT('Origin',(7.28485439410633E-17,6.93889390390723E-17,
18.9));
#2466=CARTESIAN_POINT('',(2.25,3.44934468847227E-16,19.4));
#2467=CARTESIAN_POINT('Origin',(7.28485439410633E-17,6.93889390390723E-17,
14.1));
#2468=CARTESIAN_POINT('',(1.75,2.83702128889859E-16,15.6));
#2469=CARTESIAN_POINT('Origin',(7.28485439410633E-17,6.93889390390723E-17,
15.6));
#2470=CARTESIAN_POINT('',(1.75,2.83702128889859E-16,14.1));
#2471=CARTESIAN_POINT('Origin',(0.,0.,14.15));
#2472=CARTESIAN_POINT('',(2.45,-3.00038465791102E-16,15.6));
#2473=CARTESIAN_POINT('Origin',(-3.57452597678271E-32,7.80587517786894E-34,
15.6));
#2474=CARTESIAN_POINT('',(3.9,-4.77612251667468E-16,14.15));
#2475=CARTESIAN_POINT('Origin',(2.45,-3.00038465791102E-16,14.15));
#2476=CARTESIAN_POINT('',(-3.9,4.77612251667468E-16,14.15));
#2477=CARTESIAN_POINT('Origin',(0.,0.,14.15));
#2478=CARTESIAN_POINT('Origin',(0.,0.,14.15));
#2479=CARTESIAN_POINT('Origin',(0.,0.,13.1));
#2480=CARTESIAN_POINT('',(-3.9,-4.77612251667468E-16,13.1));
#2481=CARTESIAN_POINT('Origin',(-2.95822839457879E-32,6.4600346299605E-34,
15.6));
#2482=CARTESIAN_POINT('Origin',(-4.74998999999999,-3.36396517281455,13.1));
#2483=CARTESIAN_POINT('Origin',(10.85001,2.9,14.9));
#2484=CARTESIAN_POINT('Origin',(2.88657986402541E-14,-3.10862446895044E-14,
14.9));
#2485=CARTESIAN_POINT('Origin',(12.55,-5.849994624681,13.1));
#2486=CARTESIAN_POINT('',(11.05,-5.849994624681,17.1));
#2487=CARTESIAN_POINT('',(11.05,-5.849994624681,13.1));
#2488=CARTESIAN_POINT('Origin',(12.55,-5.849994624681,17.1));
#2489=CARTESIAN_POINT('Origin',(12.55,-5.849994624681,17.1));
#2490=CARTESIAN_POINT('Origin',(12.55,-5.849994624681,17.3));
#2491=CARTESIAN_POINT('',(9.69999999999998,-5.849994624681,17.3));
#2492=CARTESIAN_POINT('Origin',(12.55,-5.849994624681,17.3));
#2493=CARTESIAN_POINT('Origin',(12.55,-5.849994624681,13.1));
#2494=CARTESIAN_POINT('',(9.69999999999998,-5.849994624681,13.1));
#2495=CARTESIAN_POINT('Origin',(-12.55,5.849994624681,13.1));
#2496=CARTESIAN_POINT('',(-11.05,5.849994624681,17.1));
#2497=CARTESIAN_POINT('',(-11.05,5.849994624681,13.1));
#2498=CARTESIAN_POINT('Origin',(-12.55,5.849994624681,17.1));
#2499=CARTESIAN_POINT('Origin',(-12.55,5.849994624681,17.1));
#2500=CARTESIAN_POINT('Origin',(-12.55,5.849994624681,17.3));
#2501=CARTESIAN_POINT('',(-9.69999999999998,5.849994624681,17.3));
#2502=CARTESIAN_POINT('Origin',(-12.55,5.849994624681,17.3));
#2503=CARTESIAN_POINT('Origin',(-12.55,5.849994624681,13.1));
#2504=CARTESIAN_POINT('',(-9.69999999999998,5.849994624681,13.1));
#2505=CARTESIAN_POINT('Origin',(-12.55,-5.849994624681,13.1));
#2506=CARTESIAN_POINT('',(-11.05,-5.849994624681,17.1));
#2507=CARTESIAN_POINT('',(-11.05,-5.849994624681,13.1));
#2508=CARTESIAN_POINT('Origin',(-12.55,-5.849994624681,17.1));
#2509=CARTESIAN_POINT('Origin',(-12.55,-5.849994624681,17.1));
#2510=CARTESIAN_POINT('Origin',(-12.55,-5.849994624681,17.3));
#2511=CARTESIAN_POINT('',(-9.69999999999998,-5.849994624681,17.3));
#2512=CARTESIAN_POINT('Origin',(-12.55,-5.849994624681,17.3));
#2513=CARTESIAN_POINT('Origin',(-12.55,-5.849994624681,13.1));
#2514=CARTESIAN_POINT('',(-9.69999999999998,-5.849994624681,13.1));
#2515=CARTESIAN_POINT('Origin',(13.7,1.23165366794353E-15,19.9));
#2516=CARTESIAN_POINT('',(12.,1.02346371208848E-15,19.9));
#2517=UNCERTAINTY_MEASURE_WITH_UNIT(LENGTH_MEASURE(0.01),#2521,
'DISTANCE_ACCURACY_VALUE',
'Maximum model space distance between geometric entities at asserted c
onnectivities');
#2518=UNCERTAINTY_MEASURE_WITH_UNIT(LENGTH_MEASURE(0.01),#2521,
'DISTANCE_ACCURACY_VALUE',
'Maximum model space distance between geometric entities at asserted c
onnectivities');
#2519=(
GEOMETRIC_REPRESENTATION_CONTEXT(3)
GLOBAL_UNCERTAINTY_ASSIGNED_CONTEXT((#2517))
GLOBAL_UNIT_ASSIGNED_CONTEXT((#2521,#2523,#2524))
REPRESENTATION_CONTEXT('','3D')
);
#2520=(
GEOMETRIC_REPRESENTATION_CONTEXT(3)
GLOBAL_UNCERTAINTY_ASSIGNED_CONTEXT((#2518))
GLOBAL_UNIT_ASSIGNED_CONTEXT((#2521,#2523,#2524))
REPRESENTATION_CONTEXT('','3D')
);
#2521=(
LENGTH_UNIT()
NAMED_UNIT(*)
SI_UNIT(.MILLI.,.METRE.)
);
#2522=(
LENGTH_UNIT()
NAMED_UNIT(*)
SI_UNIT($,.METRE.)
);
#2523=(
NAMED_UNIT(*)
PLANE_ANGLE_UNIT()
SI_UNIT($,.RADIAN.)
);
#2524=(
NAMED_UNIT(*)
SI_UNIT($,.STERADIAN.)
SOLID_ANGLE_UNIT()
);
#2525=SHAPE_DEFINITION_REPRESENTATION(#2526,#2527);
#2526=PRODUCT_DEFINITION_SHAPE('',$,#2529);
#2527=SHAPE_REPRESENTATION('',(#1488),#2519);
#2528=PRODUCT_DEFINITION_CONTEXT('part definition',#2533,'design');
#2529=PRODUCT_DEFINITION('FusionComponent','FusionComponent',#2530,#2528);
#2530=PRODUCT_DEFINITION_FORMATION('',$,#2535);
#2531=PRODUCT_RELATED_PRODUCT_CATEGORY('FusionComponent',
'FusionComponent',(#2535));
#2532=APPLICATION_PROTOCOL_DEFINITION('international standard',
'automotive_design',2009,#2533);
#2533=APPLICATION_CONTEXT(
'Core Data for Automotive Mechanical Design Process');
#2534=PRODUCT_CONTEXT('part definition',#2533,'mechanical');
#2535=PRODUCT('FusionComponent','FusionComponent',$,(#2534));
#2536=PRESENTATION_STYLE_ASSIGNMENT((#2538));
#2537=PRESENTATION_STYLE_ASSIGNMENT((#2539));
#2538=SURFACE_STYLE_USAGE(.BOTH.,#2540);
#2539=SURFACE_STYLE_USAGE(.BOTH.,#2541);
#2540=SURFACE_SIDE_STYLE('',(#2542));
#2541=SURFACE_SIDE_STYLE('',(#2543));
#2542=SURFACE_STYLE_FILL_AREA(#2544);
#2543=SURFACE_STYLE_FILL_AREA(#2545);
#2544=FILL_AREA_STYLE('Plate',(#2546));
#2545=FILL_AREA_STYLE('Opaque(25,25,25)',(#2547));
#2546=FILL_AREA_STYLE_COLOUR('Plate',#2548);
#2547=FILL_AREA_STYLE_COLOUR('Opaque(25,25,25)',#2549);
#2548=COLOUR_RGB('Plate',0.6,0.6,0.6);
#2549=COLOUR_RGB('Opaque(25,25,25)',0.533333333333333,0.533333333333333,
0.533333333333333);
ENDSEC;
END-ISO-10303-21;
