ISO-10303-21;
HEADER;
/* Generated by software containing ST-Developer
 * from STEP Tools, Inc. (www.steptools.com) 
 */

FILE_DESCRIPTION(
/* description */ ('',
'CAx-IF Rec.Pracs.---Representation and Presentation of Product Manufa
cturing Information (PMI)---4.0---2014-10-13'),
/* implementation_level */ '2;1');

FILE_NAME(
/* name */ '50A EM32 ESC Mockup v2.step',
/* time_stamp */ '2025-02-25T16:10:50-05:00',
/* author */ (''),
/* organization */ (''),
/* preprocessor_version */ 'ST-DEVELOPER v20',
/* originating_system */ 'Autodesk Translation Framework v13.20.0.188',

/* authorisation */ '');

FILE_SCHEMA (('AP242_MANAGED_MODEL_BASED_3D_ENGINEERING_MIM_LF { 1 0 10303 442 1 1 4 }'));
ENDSEC;

DATA;
#10=MECHANICAL_DESIGN_GEOMETRIC_PRESENTATION_REPRESENTATION('',(#13),#1993);
#11=SHAPE_REPRESENTATION_RELATIONSHIP('SRR','None',#2000,#12);
#12=ADVANCED_BREP_SHAPE_REPRESENTATION('',(#14),#1992);
#13=STYLED_ITEM('',(#2010),#14);
#14=MANIFOLD_SOLID_BREP('Body1',#983);
#15=B_SPLINE_SURFACE_WITH_KNOTS('',3,3,((#1755,#1756,#1757,#1758,#1759,
#1760,#1761,#1762,#1763,#1764,#1765,#1766),(#1767,#1768,#1769,#1770,#1771,
#1772,#1773,#1774,#1775,#1776,#1777,#1778),(#1779,#1780,#1781,#1782,#1783,
#1784,#1785,#1786,#1787,#1788,#1789,#1790),(#1791,#1792,#1793,#1794,#1795,
#1796,#1797,#1798,#1799,#1800,#1801,#1802),(#1803,#1804,#1805,#1806,#1807,
#1808,#1809,#1810,#1811,#1812,#1813,#1814)),.UNSPECIFIED.,.F.,.F.,.F.,(4,
1,4),(4,2,1,1,1,1,1,1,4),(0.,0.571428571428571,1.),(-0.000894427977664827,
0.,0.143855085219976,0.287710170439952,0.431565255659928,0.503492798269916,
0.575420340879904,0.647347883489892,0.71927542609988),.UNSPECIFIED.);
#16=B_SPLINE_SURFACE_WITH_KNOTS('',3,3,((#1871,#1872,#1873,#1874,#1875,
#1876,#1877,#1878,#1879,#1880,#1881,#1882),(#1883,#1884,#1885,#1886,#1887,
#1888,#1889,#1890,#1891,#1892,#1893,#1894),(#1895,#1896,#1897,#1898,#1899,
#1900,#1901,#1902,#1903,#1904,#1905,#1906),(#1907,#1908,#1909,#1910,#1911,
#1912,#1913,#1914,#1915,#1916,#1917,#1918),(#1919,#1920,#1921,#1922,#1923,
#1924,#1925,#1926,#1927,#1928,#1929,#1930)),.UNSPECIFIED.,.F.,.F.,.F.,(4,
1,4),(4,1,1,1,1,1,1,2,4),(0.,0.571428571428571,1.),(0.,0.143855085219963,
0.287710170439926,0.431565255659889,0.50349279826987,0.575420340879852,
0.647347883489833,0.719275426099815,0.720169854077554),.UNSPECIFIED.);
#17=(
BOUNDED_SURFACE()
B_SPLINE_SURFACE(2,2,((#1627,#1628,#1629),(#1630,#1631,#1632),(#1633,#1634,
#1635)),.UNSPECIFIED.,.F.,.F.,.F.)
B_SPLINE_SURFACE_WITH_KNOTS((3,3),(3,3),(-1.5707963267949,0.),(0.336674819386725,
1.5707963267949),.UNSPECIFIED.)
GEOMETRIC_REPRESENTATION_ITEM()
RATIONAL_B_SPLINE_SURFACE(((1.,0.815582744032788,1.),(0.707106781186539,
0.57670408892431,0.707106781186539),(1.,0.815582744032788,1.)))
REPRESENTATION_ITEM('')
SURFACE()
);
#18=(
BOUNDED_SURFACE()
B_SPLINE_SURFACE(2,2,((#1650,#1651,#1652),(#1653,#1654,#1655),(#1656,#1657,
#1658)),.UNSPECIFIED.,.F.,.F.,.F.)
B_SPLINE_SURFACE_WITH_KNOTS((3,3),(3,3),(-1.5707963267949,0.),(1.5707963267949,
2.80491783420307),.UNSPECIFIED.)
GEOMETRIC_REPRESENTATION_ITEM()
RATIONAL_B_SPLINE_SURFACE(((1.,0.815582744032788,1.),(0.707106781186546,
0.576704088924315,0.707106781186546),(1.,0.815582744032788,1.)))
REPRESENTATION_ITEM('')
SURFACE()
);
#19=(
BOUNDED_SURFACE()
B_SPLINE_SURFACE(2,2,((#1682,#1683,#1684),(#1685,#1686,#1687),(#1688,#1689,
#1690)),.UNSPECIFIED.,.F.,.F.,.F.)
B_SPLINE_SURFACE_WITH_KNOTS((3,3),(3,3),(-1.5707963267949,0.),(-3.14159265358979,
-1.5707963267949),.UNSPECIFIED.)
GEOMETRIC_REPRESENTATION_ITEM()
RATIONAL_B_SPLINE_SURFACE(((1.,0.707106781186548,1.),(0.707106781186548,
0.5,0.707106781186548),(1.,0.707106781186548,1.)))
REPRESENTATION_ITEM('')
SURFACE()
);
#20=(
BOUNDED_SURFACE()
B_SPLINE_SURFACE(2,2,((#1699,#1700,#1701),(#1702,#1703,#1704),(#1705,#1706,
#1707)),.UNSPECIFIED.,.F.,.F.,.F.)
B_SPLINE_SURFACE_WITH_KNOTS((3,3),(3,3),(-1.5707963267949,0.),(-1.5707963267949,
0.),.UNSPECIFIED.)
GEOMETRIC_REPRESENTATION_ITEM()
RATIONAL_B_SPLINE_SURFACE(((1.,0.707106781186548,1.),(0.707106781186549,
0.500000000000001,0.707106781186549),(1.,0.707106781186548,1.)))
REPRESENTATION_ITEM('')
SURFACE()
);
#21=(
BOUNDED_SURFACE()
B_SPLINE_SURFACE(2,2,((#1833,#1834,#1835),(#1836,#1837,#1838),(#1839,#1840,
#1841)),.UNSPECIFIED.,.F.,.F.,.F.)
B_SPLINE_SURFACE_WITH_KNOTS((3,3),(3,3),(-1.5707963267949,0.),(1.5707963267949,
2.80491783420307),.UNSPECIFIED.)
GEOMETRIC_REPRESENTATION_ITEM()
RATIONAL_B_SPLINE_SURFACE(((1.,0.815582744032788,1.),(0.707106781186541,
0.576704088924312,0.707106781186541),(1.,0.815582744032788,1.)))
REPRESENTATION_ITEM('')
SURFACE()
);
#22=(
BOUNDED_SURFACE()
B_SPLINE_SURFACE(2,2,((#1851,#1852,#1853),(#1854,#1855,#1856),(#1857,#1858,
#1859)),.UNSPECIFIED.,.F.,.F.,.F.)
B_SPLINE_SURFACE_WITH_KNOTS((3,3),(3,3),(-1.5707963267949,0.),(0.336674819386726,
1.5707963267949),.UNSPECIFIED.)
GEOMETRIC_REPRESENTATION_ITEM()
RATIONAL_B_SPLINE_SURFACE(((1.,0.815582744032788,1.),(0.707106781186546,
0.576704088924315,0.707106781186546),(1.,0.815582744032788,1.)))
REPRESENTATION_ITEM('')
SURFACE()
);
#23=ELLIPSE('',#1042,2.6,1.);
#24=ELLIPSE('',#1050,2.6,1.);
#25=PLANE('',#1033);
#26=PLANE('',#1036);
#27=PLANE('',#1039);
#28=PLANE('',#1040);
#29=PLANE('',#1046);
#30=PLANE('',#1086);
#31=PLANE('',#1087);
#32=PLANE('',#1090);
#33=PLANE('',#1103);
#34=PLANE('',#1105);
#35=PLANE('',#1115);
#36=PLANE('',#1117);
#37=PLANE('',#1120);
#38=PLANE('',#1122);
#39=TOROIDAL_SURFACE('',#999,2.,1.);
#40=TOROIDAL_SURFACE('',#1005,2.,1.);
#41=TOROIDAL_SURFACE('',#1011,2.,1.);
#42=TOROIDAL_SURFACE('',#1017,2.,1.);
#43=TOROIDAL_SURFACE('',#1020,2.,1.);
#44=TOROIDAL_SURFACE('',#1026,2.,1.);
#45=TOROIDAL_SURFACE('',#1044,4.,1.);
#46=TOROIDAL_SURFACE('',#1051,4.,1.);
#47=TOROIDAL_SURFACE('',#1064,2.,1.);
#48=TOROIDAL_SURFACE('',#1080,2.,1.);
#49=TOROIDAL_SURFACE('',#1106,6.,3.);
#50=TOROIDAL_SURFACE('',#1112,6.,3.);
#51=FACE_OUTER_BOUND('',#113,.T.);
#52=FACE_OUTER_BOUND('',#114,.T.);
#53=FACE_OUTER_BOUND('',#115,.T.);
#54=FACE_OUTER_BOUND('',#116,.T.);
#55=FACE_OUTER_BOUND('',#117,.T.);
#56=FACE_OUTER_BOUND('',#118,.T.);
#57=FACE_OUTER_BOUND('',#119,.T.);
#58=FACE_OUTER_BOUND('',#120,.T.);
#59=FACE_OUTER_BOUND('',#121,.T.);
#60=FACE_OUTER_BOUND('',#122,.T.);
#61=FACE_OUTER_BOUND('',#123,.T.);
#62=FACE_OUTER_BOUND('',#124,.T.);
#63=FACE_OUTER_BOUND('',#125,.T.);
#64=FACE_OUTER_BOUND('',#126,.T.);
#65=FACE_OUTER_BOUND('',#127,.T.);
#66=FACE_OUTER_BOUND('',#128,.T.);
#67=FACE_OUTER_BOUND('',#129,.T.);
#68=FACE_OUTER_BOUND('',#130,.T.);
#69=FACE_OUTER_BOUND('',#131,.T.);
#70=FACE_OUTER_BOUND('',#132,.T.);
#71=FACE_OUTER_BOUND('',#133,.T.);
#72=FACE_OUTER_BOUND('',#134,.T.);
#73=FACE_OUTER_BOUND('',#135,.T.);
#74=FACE_OUTER_BOUND('',#136,.T.);
#75=FACE_OUTER_BOUND('',#137,.T.);
#76=FACE_OUTER_BOUND('',#138,.T.);
#77=FACE_OUTER_BOUND('',#139,.T.);
#78=FACE_OUTER_BOUND('',#140,.T.);
#79=FACE_OUTER_BOUND('',#141,.T.);
#80=FACE_OUTER_BOUND('',#142,.T.);
#81=FACE_OUTER_BOUND('',#143,.T.);
#82=FACE_OUTER_BOUND('',#144,.T.);
#83=FACE_OUTER_BOUND('',#145,.T.);
#84=FACE_OUTER_BOUND('',#146,.T.);
#85=FACE_OUTER_BOUND('',#147,.T.);
#86=FACE_OUTER_BOUND('',#148,.T.);
#87=FACE_OUTER_BOUND('',#149,.T.);
#88=FACE_OUTER_BOUND('',#150,.T.);
#89=FACE_OUTER_BOUND('',#151,.T.);
#90=FACE_OUTER_BOUND('',#152,.T.);
#91=FACE_OUTER_BOUND('',#153,.T.);
#92=FACE_OUTER_BOUND('',#154,.T.);
#93=FACE_OUTER_BOUND('',#155,.T.);
#94=FACE_OUTER_BOUND('',#156,.T.);
#95=FACE_OUTER_BOUND('',#157,.T.);
#96=FACE_OUTER_BOUND('',#158,.T.);
#97=FACE_OUTER_BOUND('',#159,.T.);
#98=FACE_OUTER_BOUND('',#160,.T.);
#99=FACE_OUTER_BOUND('',#161,.T.);
#100=FACE_OUTER_BOUND('',#162,.T.);
#101=FACE_OUTER_BOUND('',#163,.T.);
#102=FACE_OUTER_BOUND('',#164,.T.);
#103=FACE_OUTER_BOUND('',#165,.T.);
#104=FACE_OUTER_BOUND('',#166,.T.);
#105=FACE_OUTER_BOUND('',#167,.T.);
#106=FACE_OUTER_BOUND('',#168,.T.);
#107=FACE_OUTER_BOUND('',#169,.T.);
#108=FACE_OUTER_BOUND('',#170,.T.);
#109=FACE_OUTER_BOUND('',#171,.T.);
#110=FACE_OUTER_BOUND('',#172,.T.);
#111=FACE_OUTER_BOUND('',#173,.T.);
#112=FACE_OUTER_BOUND('',#174,.T.);
#113=EDGE_LOOP('',(#605,#606,#607,#608));
#114=EDGE_LOOP('',(#609,#610,#611,#612));
#115=EDGE_LOOP('',(#613,#614,#615,#616));
#116=EDGE_LOOP('',(#617,#618,#619,#620));
#117=EDGE_LOOP('',(#621,#622,#623,#624));
#118=EDGE_LOOP('',(#625,#626,#627,#628));
#119=EDGE_LOOP('',(#629,#630,#631,#632));
#120=EDGE_LOOP('',(#633,#634,#635,#636));
#121=EDGE_LOOP('',(#637,#638,#639,#640));
#122=EDGE_LOOP('',(#641,#642,#643,#644));
#123=EDGE_LOOP('',(#645,#646,#647,#648));
#124=EDGE_LOOP('',(#649,#650,#651,#652));
#125=EDGE_LOOP('',(#653,#654,#655,#656,#657,#658));
#126=EDGE_LOOP('',(#659,#660,#661,#662));
#127=EDGE_LOOP('',(#663,#664,#665,#666));
#128=EDGE_LOOP('',(#667,#668,#669,#670,#671,#672,#673,#674));
#129=EDGE_LOOP('',(#675,#676,#677,#678));
#130=EDGE_LOOP('',(#679,#680,#681,#682));
#131=EDGE_LOOP('',(#683,#684,#685,#686,#687,#688,#689,#690,#691,#692,#693,
#694));
#132=EDGE_LOOP('',(#695,#696,#697,#698,#699));
#133=EDGE_LOOP('',(#700,#701,#702,#703,#704));
#134=EDGE_LOOP('',(#705,#706,#707,#708));
#135=EDGE_LOOP('',(#709,#710,#711,#712,#713));
#136=EDGE_LOOP('',(#714,#715,#716,#717,#718));
#137=EDGE_LOOP('',(#719,#720,#721,#722));
#138=EDGE_LOOP('',(#723,#724,#725,#726));
#139=EDGE_LOOP('',(#727,#728,#729,#730));
#140=EDGE_LOOP('',(#731,#732,#733,#734));
#141=EDGE_LOOP('',(#735,#736,#737,#738));
#142=EDGE_LOOP('',(#739,#740,#741,#742));
#143=EDGE_LOOP('',(#743,#744,#745,#746));
#144=EDGE_LOOP('',(#747,#748,#749,#750));
#145=EDGE_LOOP('',(#751,#752,#753,#754));
#146=EDGE_LOOP('',(#755,#756,#757,#758));
#147=EDGE_LOOP('',(#759,#760,#761,#762));
#148=EDGE_LOOP('',(#763,#764,#765,#766));
#149=EDGE_LOOP('',(#767,#768,#769,#770,#771));
#150=EDGE_LOOP('',(#772,#773,#774,#775,#776));
#151=EDGE_LOOP('',(#777,#778,#779,#780,#781,#782,#783));
#152=EDGE_LOOP('',(#784,#785,#786,#787));
#153=EDGE_LOOP('',(#788,#789,#790,#791,#792,#793,#794,#795,#796,#797,#798,
#799));
#154=EDGE_LOOP('',(#800,#801,#802));
#155=EDGE_LOOP('',(#803,#804,#805,#806));
#156=EDGE_LOOP('',(#807,#808,#809,#810));
#157=EDGE_LOOP('',(#811,#812,#813,#814));
#158=EDGE_LOOP('',(#815,#816,#817,#818));
#159=EDGE_LOOP('',(#819,#820,#821,#822));
#160=EDGE_LOOP('',(#823,#824,#825));
#161=EDGE_LOOP('',(#826,#827,#828,#829,#830,#831,#832));
#162=EDGE_LOOP('',(#833,#834,#835,#836));
#163=EDGE_LOOP('',(#837,#838,#839,#840));
#164=EDGE_LOOP('',(#841,#842,#843,#844));
#165=EDGE_LOOP('',(#845,#846,#847,#848));
#166=EDGE_LOOP('',(#849,#850,#851,#852));
#167=EDGE_LOOP('',(#853,#854,#855,#856,#857,#858,#859,#860));
#168=EDGE_LOOP('',(#861,#862,#863,#864,#865));
#169=EDGE_LOOP('',(#866,#867,#868,#869,#870));
#170=EDGE_LOOP('',(#871,#872,#873,#874,#875,#876));
#171=EDGE_LOOP('',(#877,#878,#879,#880));
#172=EDGE_LOOP('',(#881,#882,#883,#884));
#173=EDGE_LOOP('',(#885,#886,#887,#888));
#174=EDGE_LOOP('',(#889,#890,#891,#892));
#175=B_SPLINE_CURVE_WITH_KNOTS('',3,(#1446,#1447,#1448,#1449,#1450,#1451,
#1452,#1453,#1454,#1455,#1456,#1457,#1458,#1459),.UNSPECIFIED.,.F.,.F.,
(4,2,2,2,2,2,4),(-0.161141358522049,-0.160617415072934,-0.138192827766512,
-0.115882493216908,-0.0760872509840776,-0.037726947292526,0.),
 .UNSPECIFIED.);
#176=B_SPLINE_CURVE_WITH_KNOTS('',3,(#1501,#1502,#1503,#1504,#1505,#1506,
#1507,#1508,#1509,#1510,#1511,#1512,#1513,#1514),.UNSPECIFIED.,.F.,.F.,
(4,2,2,2,2,2,4),(-0.000524889122275268,0.,0.0224650617697454,0.0448156645663271,
0.0846827338100533,0.12311227457108,0.160907315778918),.UNSPECIFIED.);
#177=B_SPLINE_CURVE_WITH_KNOTS('',3,(#1540,#1541,#1542,#1543,#1544,#1545,
#1546,#1547),.UNSPECIFIED.,.F.,.F.,(4,2,2,4),(0.11867214351565,0.152535607663313,
0.173728910725494,0.194922213787675),.UNSPECIFIED.);
#178=B_SPLINE_CURVE_WITH_KNOTS('',3,(#1565,#1566,#1567,#1568),
 .UNSPECIFIED.,.F.,.F.,(4,4),(0.640438727520381,0.899009932470734),
 .UNSPECIFIED.);
#179=B_SPLINE_CURVE_WITH_KNOTS('',3,(#1575,#1576,#1577,#1578),
 .UNSPECIFIED.,.F.,.F.,(4,4),(0.,0.258571204921657),.UNSPECIFIED.);
#180=B_SPLINE_CURVE_WITH_KNOTS('',3,(#1595,#1596,#1597,#1598,#1599,#1600,
#1601,#1602),.UNSPECIFIED.,.F.,.F.,(4,2,2,4),(0.584766641363023,0.605959944425204,
0.627153247487385,0.661016711635158),.UNSPECIFIED.);
#181=B_SPLINE_CURVE_WITH_KNOTS('',3,(#1606,#1607,#1608,#1609),
 .UNSPECIFIED.,.F.,.F.,(4,4),(0.228593924646017,0.24567003464556),
 .UNSPECIFIED.);
#182=B_SPLINE_CURVE_WITH_KNOTS('',3,(#1622,#1623,#1624,#1625),
 .UNSPECIFIED.,.F.,.F.,(4,4),(1.60750415539032,1.62459309492023),
 .UNSPECIFIED.);
#183=B_SPLINE_CURVE_WITH_KNOTS('',3,(#1737,#1738,#1739,#1740,#1741,#1742,
#1743,#1744,#1745,#1746,#1747,#1748),.UNSPECIFIED.,.F.,.F.,(4,2,1,1,1,1,
1,1,4),(-0.000894427977664827,0.,0.143855085219976,0.287710170439952,0.431565255659928,
0.503492798269916,0.575420340879904,0.647347883489892,0.71927542609988),
 .UNSPECIFIED.);
#184=B_SPLINE_CURVE_WITH_KNOTS('',3,(#1817,#1818,#1819,#1820,#1821,#1822,
#1823,#1824,#1825,#1826,#1827,#1828),.UNSPECIFIED.,.F.,.F.,(4,1,1,1,1,1,
1,2,4),(-0.71927542609988,-0.647347883489892,-0.575420340879904,-0.503492798269916,
-0.431565255659928,-0.287710170439952,-0.143855085219976,0.,0.000894427977664827),
 .UNSPECIFIED.);
#185=B_SPLINE_CURVE_WITH_KNOTS('',3,(#1932,#1933,#1934,#1935,#1936,#1937,
#1938,#1939,#1940,#1941,#1942,#1943),.UNSPECIFIED.,.F.,.F.,(4,1,1,1,1,1,
1,2,4),(0.,0.143855085219963,0.287710170439926,0.431565255659889,0.50349279826987,
0.575420340879852,0.647347883489833,0.719275426099815,0.720169854077554),
 .UNSPECIFIED.);
#186=B_SPLINE_CURVE_WITH_KNOTS('',3,(#1944,#1945,#1946,#1947,#1948,#1949,
#1950,#1951,#1952,#1953,#1954,#1955),.UNSPECIFIED.,.F.,.F.,(4,2,1,1,1,1,
1,1,4),(-0.720169854077554,-0.719275426099815,-0.647347883489833,-0.575420340879852,
-0.50349279826987,-0.431565255659889,-0.287710170439926,-0.143855085219963,
0.),.UNSPECIFIED.);
#187=CIRCLE('',#998,1.);
#188=CIRCLE('',#1000,2.);
#189=CIRCLE('',#1001,1.);
#190=CIRCLE('',#1002,3.);
#191=CIRCLE('',#1004,1.);
#192=CIRCLE('',#1006,1.);
#193=CIRCLE('',#1007,3.);
#194=CIRCLE('',#1008,2.);
#195=CIRCLE('',#1010,1.);
#196=CIRCLE('',#1012,1.);
#197=CIRCLE('',#1013,3.);
#198=CIRCLE('',#1014,2.);
#199=CIRCLE('',#1016,1.);
#200=CIRCLE('',#1018,3.);
#201=CIRCLE('',#1019,2.);
#202=CIRCLE('',#1021,1.);
#203=CIRCLE('',#1022,2.);
#204=CIRCLE('',#1023,3.);
#205=CIRCLE('',#1025,1.);
#206=CIRCLE('',#1027,0.999999999999999);
#207=CIRCLE('',#1028,2.);
#208=CIRCLE('',#1029,3.);
#209=CIRCLE('',#1032,3.);
#210=CIRCLE('',#1035,3.);
#211=CIRCLE('',#1038,3.);
#212=CIRCLE('',#1043,1.);
#213=CIRCLE('',#1045,4.);
#214=CIRCLE('',#1047,2.);
#215=CIRCLE('',#1049,1.);
#216=CIRCLE('',#1052,4.);
#217=CIRCLE('',#1053,0.999999999999997);
#218=CIRCLE('',#1054,1.);
#219=CIRCLE('',#1055,1.);
#220=CIRCLE('',#1056,2.);
#221=CIRCLE('',#1058,1.);
#222=CIRCLE('',#1059,1.);
#223=CIRCLE('',#1060,2.);
#224=CIRCLE('',#1061,1.);
#225=CIRCLE('',#1063,1.);
#226=CIRCLE('',#1065,1.);
#227=CIRCLE('',#1066,3.);
#228=CIRCLE('',#1067,2.);
#229=CIRCLE('',#1069,1.);
#230=CIRCLE('',#1070,1.);
#231=CIRCLE('',#1071,2.);
#232=CIRCLE('',#1072,1.);
#233=CIRCLE('',#1074,1.);
#234=CIRCLE('',#1075,1.);
#235=CIRCLE('',#1076,2.);
#236=CIRCLE('',#1077,1.);
#237=CIRCLE('',#1079,1.);
#238=CIRCLE('',#1081,1.);
#239=CIRCLE('',#1082,2.);
#240=CIRCLE('',#1085,2.);
#241=CIRCLE('',#1089,2.);
#242=CIRCLE('',#1091,0.999999999999999);
#243=CIRCLE('',#1093,0.999999999999999);
#244=CIRCLE('',#1094,0.999999999999996);
#245=CIRCLE('',#1095,1.);
#246=CIRCLE('',#1097,1.);
#247=CIRCLE('',#1098,1.);
#248=CIRCLE('',#1099,1.);
#249=CIRCLE('',#1100,2.);
#250=CIRCLE('',#1102,1.);
#251=CIRCLE('',#1107,6.);
#252=CIRCLE('',#1108,3.);
#253=CIRCLE('',#1109,3.);
#254=CIRCLE('',#1111,3.);
#255=CIRCLE('',#1113,3.);
#256=CIRCLE('',#1114,6.);
#257=LINE('',#1441,#317);
#258=LINE('',#1445,#318);
#259=LINE('',#1470,#319);
#260=LINE('',#1471,#320);
#261=LINE('',#1482,#321);
#262=LINE('',#1483,#322);
#263=LINE('',#1494,#323);
#264=LINE('',#1495,#324);
#265=LINE('',#1525,#325);
#266=LINE('',#1526,#326);
#267=LINE('',#1534,#327);
#268=LINE('',#1535,#328);
#269=LINE('',#1538,#329);
#270=LINE('',#1549,#330);
#271=LINE('',#1552,#331);
#272=LINE('',#1555,#332);
#273=LINE('',#1556,#333);
#274=LINE('',#1559,#334);
#275=LINE('',#1563,#335);
#276=LINE('',#1570,#336);
#277=LINE('',#1572,#337);
#278=LINE('',#1574,#338);
#279=LINE('',#1581,#339);
#280=LINE('',#1585,#340);
#281=LINE('',#1586,#341);
#282=LINE('',#1593,#342);
#283=LINE('',#1612,#343);
#284=LINE('',#1618,#344);
#285=LINE('',#1648,#345);
#286=LINE('',#1649,#346);
#287=LINE('',#1668,#347);
#288=LINE('',#1669,#348);
#289=LINE('',#1680,#349);
#290=LINE('',#1681,#350);
#291=LINE('',#1698,#351);
#292=LINE('',#1716,#352);
#293=LINE('',#1717,#353);
#294=LINE('',#1723,#354);
#295=LINE('',#1724,#355);
#296=LINE('',#1727,#356);
#297=LINE('',#1730,#357);
#298=LINE('',#1733,#358);
#299=LINE('',#1735,#359);
#300=LINE('',#1749,#360);
#301=LINE('',#1752,#361);
#302=LINE('',#1832,#362);
#303=LINE('',#1849,#363);
#304=LINE('',#1850,#364);
#305=LINE('',#1869,#365);
#306=LINE('',#1870,#366);
#307=LINE('',#1957,#367);
#308=LINE('',#1958,#368);
#309=LINE('',#1959,#369);
#310=LINE('',#1961,#370);
#311=LINE('',#1973,#371);
#312=LINE('',#1974,#372);
#313=LINE('',#1980,#373);
#314=LINE('',#1982,#374);
#315=LINE('',#1985,#375);
#316=LINE('',#1987,#376);
#317=VECTOR('',#1127,10.);
#318=VECTOR('',#1130,10.);
#319=VECTOR('',#1143,10.);
#320=VECTOR('',#1144,10.);
#321=VECTOR('',#1157,10.);
#322=VECTOR('',#1158,10.);
#323=VECTOR('',#1171,10.);
#324=VECTOR('',#1172,10.);
#325=VECTOR('',#1191,10.);
#326=VECTOR('',#1192,10.);
#327=VECTOR('',#1203,10.);
#328=VECTOR('',#1204,10.);
#329=VECTOR('',#1207,10.);
#330=VECTOR('',#1208,10.);
#331=VECTOR('',#1211,10.);
#332=VECTOR('',#1214,10.);
#333=VECTOR('',#1215,10.);
#334=VECTOR('',#1218,10.);
#335=VECTOR('',#1223,10.);
#336=VECTOR('',#1224,10.);
#337=VECTOR('',#1225,10.);
#338=VECTOR('',#1226,10.);
#339=VECTOR('',#1229,10.);
#340=VECTOR('',#1234,10.);
#341=VECTOR('',#1235,10.);
#342=VECTOR('',#1242,10.);
#343=VECTOR('',#1251,10.);
#344=VECTOR('',#1258,10.);
#345=VECTOR('',#1277,10.);
#346=VECTOR('',#1278,10.);
#347=VECTOR('',#1289,10.);
#348=VECTOR('',#1290,10.);
#349=VECTOR('',#1303,10.);
#350=VECTOR('',#1304,10.);
#351=VECTOR('',#1315,10.);
#352=VECTOR('',#1326,10.);
#353=VECTOR('',#1327,10.);
#354=VECTOR('',#1336,10.);
#355=VECTOR('',#1337,10.);
#356=VECTOR('',#1340,10.);
#357=VECTOR('',#1345,10.);
#358=VECTOR('',#1348,10.);
#359=VECTOR('',#1349,10.);
#360=VECTOR('',#1350,10.);
#361=VECTOR('',#1353,10.);
#362=VECTOR('',#1364,10.);
#363=VECTOR('',#1373,10.);
#364=VECTOR('',#1374,10.);
#365=VECTOR('',#1385,10.);
#366=VECTOR('',#1386,10.);
#367=VECTOR('',#1389,10.);
#368=VECTOR('',#1390,10.);
#369=VECTOR('',#1391,10.);
#370=VECTOR('',#1394,10.);
#371=VECTOR('',#1409,10.);
#372=VECTOR('',#1410,10.);
#373=VECTOR('',#1421,10.);
#374=VECTOR('',#1424,10.);
#375=VECTOR('',#1429,10.);
#376=VECTOR('',#1432,10.);
#377=VERTEX_POINT('',#1439);
#378=VERTEX_POINT('',#1440);
#379=VERTEX_POINT('',#1442);
#380=VERTEX_POINT('',#1444);
#381=VERTEX_POINT('',#1461);
#382=VERTEX_POINT('',#1463);
#383=VERTEX_POINT('',#1467);
#384=VERTEX_POINT('',#1468);
#385=VERTEX_POINT('',#1473);
#386=VERTEX_POINT('',#1474);
#387=VERTEX_POINT('',#1479);
#388=VERTEX_POINT('',#1480);
#389=VERTEX_POINT('',#1485);
#390=VERTEX_POINT('',#1486);
#391=VERTEX_POINT('',#1491);
#392=VERTEX_POINT('',#1492);
#393=VERTEX_POINT('',#1497);
#394=VERTEX_POINT('',#1499);
#395=VERTEX_POINT('',#1516);
#396=VERTEX_POINT('',#1517);
#397=VERTEX_POINT('',#1522);
#398=VERTEX_POINT('',#1523);
#399=VERTEX_POINT('',#1528);
#400=VERTEX_POINT('',#1529);
#401=VERTEX_POINT('',#1537);
#402=VERTEX_POINT('',#1539);
#403=VERTEX_POINT('',#1548);
#404=VERTEX_POINT('',#1550);
#405=VERTEX_POINT('',#1554);
#406=VERTEX_POINT('',#1558);
#407=VERTEX_POINT('',#1562);
#408=VERTEX_POINT('',#1564);
#409=VERTEX_POINT('',#1569);
#410=VERTEX_POINT('',#1571);
#411=VERTEX_POINT('',#1573);
#412=VERTEX_POINT('',#1580);
#413=VERTEX_POINT('',#1584);
#414=VERTEX_POINT('',#1589);
#415=VERTEX_POINT('',#1590);
#416=VERTEX_POINT('',#1592);
#417=VERTEX_POINT('',#1604);
#418=VERTEX_POINT('',#1611);
#419=VERTEX_POINT('',#1615);
#420=VERTEX_POINT('',#1617);
#421=VERTEX_POINT('',#1621);
#422=VERTEX_POINT('',#1636);
#423=VERTEX_POINT('',#1637);
#424=VERTEX_POINT('',#1639);
#425=VERTEX_POINT('',#1641);
#426=VERTEX_POINT('',#1645);
#427=VERTEX_POINT('',#1646);
#428=VERTEX_POINT('',#1659);
#429=VERTEX_POINT('',#1660);
#430=VERTEX_POINT('',#1665);
#431=VERTEX_POINT('',#1666);
#432=VERTEX_POINT('',#1671);
#433=VERTEX_POINT('',#1672);
#434=VERTEX_POINT('',#1677);
#435=VERTEX_POINT('',#1678);
#436=VERTEX_POINT('',#1691);
#437=VERTEX_POINT('',#1696);
#438=VERTEX_POINT('',#1708);
#439=VERTEX_POINT('',#1709);
#440=VERTEX_POINT('',#1714);
#441=VERTEX_POINT('',#1719);
#442=VERTEX_POINT('',#1726);
#443=VERTEX_POINT('',#1732);
#444=VERTEX_POINT('',#1734);
#445=VERTEX_POINT('',#1736);
#446=VERTEX_POINT('',#1751);
#447=VERTEX_POINT('',#1815);
#448=VERTEX_POINT('',#1830);
#449=VERTEX_POINT('',#1842);
#450=VERTEX_POINT('',#1846);
#451=VERTEX_POINT('',#1847);
#452=VERTEX_POINT('',#1860);
#453=VERTEX_POINT('',#1861);
#454=VERTEX_POINT('',#1866);
#455=VERTEX_POINT('',#1867);
#456=VERTEX_POINT('',#1931);
#457=VERTEX_POINT('',#1964);
#458=VERTEX_POINT('',#1966);
#459=VERTEX_POINT('',#1970);
#460=VERTEX_POINT('',#1971);
#461=EDGE_CURVE('',#377,#378,#257,.T.);
#462=EDGE_CURVE('',#378,#379,#187,.T.);
#463=EDGE_CURVE('',#379,#380,#258,.T.);
#464=EDGE_CURVE('',#380,#377,#175,.T.);
#465=EDGE_CURVE('',#380,#381,#188,.T.);
#466=EDGE_CURVE('',#381,#382,#189,.T.);
#467=EDGE_CURVE('',#382,#377,#190,.T.);
#468=EDGE_CURVE('',#383,#384,#191,.T.);
#469=EDGE_CURVE('',#384,#382,#259,.T.);
#470=EDGE_CURVE('',#381,#383,#260,.T.);
#471=EDGE_CURVE('',#385,#386,#192,.T.);
#472=EDGE_CURVE('',#386,#384,#193,.T.);
#473=EDGE_CURVE('',#383,#385,#194,.T.);
#474=EDGE_CURVE('',#387,#388,#195,.T.);
#475=EDGE_CURVE('',#388,#386,#261,.T.);
#476=EDGE_CURVE('',#385,#387,#262,.T.);
#477=EDGE_CURVE('',#389,#390,#196,.T.);
#478=EDGE_CURVE('',#390,#388,#197,.T.);
#479=EDGE_CURVE('',#387,#389,#198,.T.);
#480=EDGE_CURVE('',#391,#392,#199,.T.);
#481=EDGE_CURVE('',#392,#390,#263,.T.);
#482=EDGE_CURVE('',#389,#391,#264,.T.);
#483=EDGE_CURVE('',#393,#392,#200,.T.);
#484=EDGE_CURVE('',#391,#394,#201,.T.);
#485=EDGE_CURVE('',#394,#393,#176,.T.);
#486=EDGE_CURVE('',#395,#396,#202,.T.);
#487=EDGE_CURVE('',#396,#379,#203,.T.);
#488=EDGE_CURVE('',#378,#395,#204,.T.);
#489=EDGE_CURVE('',#397,#398,#205,.T.);
#490=EDGE_CURVE('',#398,#396,#265,.T.);
#491=EDGE_CURVE('',#395,#397,#266,.T.);
#492=EDGE_CURVE('',#399,#400,#206,.T.);
#493=EDGE_CURVE('',#400,#398,#207,.T.);
#494=EDGE_CURVE('',#397,#399,#208,.T.);
#495=EDGE_CURVE('',#394,#400,#267,.T.);
#496=EDGE_CURVE('',#399,#393,#268,.T.);
#497=EDGE_CURVE('',#393,#401,#269,.T.);
#498=EDGE_CURVE('',#401,#402,#177,.F.);
#499=EDGE_CURVE('',#402,#403,#270,.T.);
#500=EDGE_CURVE('',#404,#403,#209,.T.);
#501=EDGE_CURVE('',#404,#392,#271,.T.);
#502=EDGE_CURVE('',#405,#399,#272,.T.);
#503=EDGE_CURVE('',#401,#405,#273,.T.);
#504=EDGE_CURVE('',#397,#406,#274,.T.);
#505=EDGE_CURVE('',#405,#406,#210,.T.);
#506=EDGE_CURVE('',#407,#395,#275,.T.);
#507=EDGE_CURVE('',#407,#408,#178,.F.);
#508=EDGE_CURVE('',#409,#408,#276,.T.);
#509=EDGE_CURVE('',#410,#409,#277,.T.);
#510=EDGE_CURVE('',#411,#410,#278,.T.);
#511=EDGE_CURVE('',#406,#411,#179,.T.);
#512=EDGE_CURVE('',#378,#412,#279,.T.);
#513=EDGE_CURVE('',#407,#412,#211,.T.);
#514=EDGE_CURVE('',#413,#377,#280,.T.);
#515=EDGE_CURVE('',#412,#413,#281,.T.);
#516=EDGE_CURVE('',#414,#415,#23,.F.);
#517=EDGE_CURVE('',#414,#416,#282,.T.);
#518=EDGE_CURVE('',#416,#412,#212,.T.);
#519=EDGE_CURVE('',#413,#415,#180,.T.);
#520=EDGE_CURVE('',#416,#417,#213,.T.);
#521=EDGE_CURVE('',#408,#417,#181,.F.);
#522=EDGE_CURVE('',#414,#418,#283,.T.);
#523=EDGE_CURVE('',#417,#418,#214,.T.);
#524=EDGE_CURVE('',#405,#419,#215,.T.);
#525=EDGE_CURVE('',#419,#420,#284,.T.);
#526=EDGE_CURVE('',#420,#402,#24,.T.);
#527=EDGE_CURVE('',#411,#421,#182,.T.);
#528=EDGE_CURVE('',#421,#419,#216,.T.);
#529=EDGE_CURVE('',#422,#423,#217,.T.);
#530=EDGE_CURVE('',#423,#424,#218,.T.);
#531=EDGE_CURVE('',#424,#425,#219,.T.);
#532=EDGE_CURVE('',#425,#422,#220,.T.);
#533=EDGE_CURVE('',#426,#427,#221,.T.);
#534=EDGE_CURVE('',#427,#425,#285,.T.);
#535=EDGE_CURVE('',#424,#426,#286,.T.);
#536=EDGE_CURVE('',#428,#429,#222,.T.);
#537=EDGE_CURVE('',#429,#427,#223,.T.);
#538=EDGE_CURVE('',#426,#428,#224,.T.);
#539=EDGE_CURVE('',#430,#431,#225,.T.);
#540=EDGE_CURVE('',#431,#429,#287,.T.);
#541=EDGE_CURVE('',#428,#430,#288,.T.);
#542=EDGE_CURVE('',#432,#433,#226,.T.);
#543=EDGE_CURVE('',#433,#431,#227,.T.);
#544=EDGE_CURVE('',#430,#432,#228,.T.);
#545=EDGE_CURVE('',#434,#435,#229,.T.);
#546=EDGE_CURVE('',#435,#433,#289,.T.);
#547=EDGE_CURVE('',#432,#434,#290,.T.);
#548=EDGE_CURVE('',#436,#409,#230,.T.);
#549=EDGE_CURVE('',#409,#435,#231,.T.);
#550=EDGE_CURVE('',#434,#436,#232,.T.);
#551=EDGE_CURVE('',#437,#410,#233,.T.);
#552=EDGE_CURVE('',#436,#437,#291,.T.);
#553=EDGE_CURVE('',#438,#439,#234,.T.);
#554=EDGE_CURVE('',#439,#410,#235,.T.);
#555=EDGE_CURVE('',#437,#438,#236,.T.);
#556=EDGE_CURVE('',#440,#403,#237,.T.);
#557=EDGE_CURVE('',#403,#439,#292,.T.);
#558=EDGE_CURVE('',#438,#440,#293,.T.);
#559=EDGE_CURVE('',#441,#404,#238,.T.);
#560=EDGE_CURVE('',#440,#441,#239,.T.);
#561=EDGE_CURVE('',#441,#423,#294,.T.);
#562=EDGE_CURVE('',#422,#404,#295,.T.);
#563=EDGE_CURVE('',#439,#442,#296,.T.);
#564=EDGE_CURVE('',#442,#421,#240,.T.);
#565=EDGE_CURVE('',#442,#420,#297,.T.);
#566=EDGE_CURVE('',#443,#422,#298,.T.);
#567=EDGE_CURVE('',#444,#443,#299,.T.);
#568=EDGE_CURVE('',#445,#444,#183,.T.);
#569=EDGE_CURVE('',#390,#445,#300,.T.);
#570=EDGE_CURVE('',#425,#446,#301,.T.);
#571=EDGE_CURVE('',#443,#446,#241,.T.);
#572=EDGE_CURVE('',#444,#447,#242,.T.);
#573=EDGE_CURVE('',#447,#445,#184,.T.);
#574=EDGE_CURVE('',#443,#448,#243,.T.);
#575=EDGE_CURVE('',#448,#447,#302,.T.);
#576=EDGE_CURVE('',#446,#449,#244,.T.);
#577=EDGE_CURVE('',#449,#448,#245,.T.);
#578=EDGE_CURVE('',#450,#451,#246,.T.);
#579=EDGE_CURVE('',#451,#449,#303,.T.);
#580=EDGE_CURVE('',#446,#450,#304,.T.);
#581=EDGE_CURVE('',#452,#453,#247,.T.);
#582=EDGE_CURVE('',#453,#451,#248,.T.);
#583=EDGE_CURVE('',#450,#452,#249,.T.);
#584=EDGE_CURVE('',#454,#455,#250,.T.);
#585=EDGE_CURVE('',#455,#453,#305,.T.);
#586=EDGE_CURVE('',#452,#454,#306,.T.);
#587=EDGE_CURVE('',#454,#456,#185,.T.);
#588=EDGE_CURVE('',#456,#455,#186,.T.);
#589=EDGE_CURVE('',#456,#384,#307,.T.);
#590=EDGE_CURVE('',#429,#452,#308,.T.);
#591=EDGE_CURVE('',#382,#431,#309,.T.);
#592=EDGE_CURVE('',#450,#427,#310,.T.);
#593=EDGE_CURVE('',#447,#457,#251,.T.);
#594=EDGE_CURVE('',#457,#458,#252,.T.);
#595=EDGE_CURVE('',#458,#445,#253,.T.);
#596=EDGE_CURVE('',#459,#460,#254,.T.);
#597=EDGE_CURVE('',#460,#458,#311,.T.);
#598=EDGE_CURVE('',#457,#459,#312,.T.);
#599=EDGE_CURVE('',#456,#460,#255,.T.);
#600=EDGE_CURVE('',#459,#455,#256,.T.);
#601=EDGE_CURVE('',#418,#435,#313,.T.);
#602=EDGE_CURVE('',#433,#415,#314,.T.);
#603=EDGE_CURVE('',#386,#460,#315,.T.);
#604=EDGE_CURVE('',#458,#388,#316,.T.);
#605=ORIENTED_EDGE('',*,*,#461,.T.);
#606=ORIENTED_EDGE('',*,*,#462,.T.);
#607=ORIENTED_EDGE('',*,*,#463,.T.);
#608=ORIENTED_EDGE('',*,*,#464,.T.);
#609=ORIENTED_EDGE('',*,*,#465,.T.);
#610=ORIENTED_EDGE('',*,*,#466,.T.);
#611=ORIENTED_EDGE('',*,*,#467,.T.);
#612=ORIENTED_EDGE('',*,*,#464,.F.);
#613=ORIENTED_EDGE('',*,*,#468,.T.);
#614=ORIENTED_EDGE('',*,*,#469,.T.);
#615=ORIENTED_EDGE('',*,*,#466,.F.);
#616=ORIENTED_EDGE('',*,*,#470,.T.);
#617=ORIENTED_EDGE('',*,*,#471,.T.);
#618=ORIENTED_EDGE('',*,*,#472,.T.);
#619=ORIENTED_EDGE('',*,*,#468,.F.);
#620=ORIENTED_EDGE('',*,*,#473,.T.);
#621=ORIENTED_EDGE('',*,*,#474,.T.);
#622=ORIENTED_EDGE('',*,*,#475,.T.);
#623=ORIENTED_EDGE('',*,*,#471,.F.);
#624=ORIENTED_EDGE('',*,*,#476,.T.);
#625=ORIENTED_EDGE('',*,*,#477,.T.);
#626=ORIENTED_EDGE('',*,*,#478,.T.);
#627=ORIENTED_EDGE('',*,*,#474,.F.);
#628=ORIENTED_EDGE('',*,*,#479,.T.);
#629=ORIENTED_EDGE('',*,*,#480,.T.);
#630=ORIENTED_EDGE('',*,*,#481,.T.);
#631=ORIENTED_EDGE('',*,*,#477,.F.);
#632=ORIENTED_EDGE('',*,*,#482,.T.);
#633=ORIENTED_EDGE('',*,*,#483,.T.);
#634=ORIENTED_EDGE('',*,*,#480,.F.);
#635=ORIENTED_EDGE('',*,*,#484,.T.);
#636=ORIENTED_EDGE('',*,*,#485,.T.);
#637=ORIENTED_EDGE('',*,*,#486,.T.);
#638=ORIENTED_EDGE('',*,*,#487,.T.);
#639=ORIENTED_EDGE('',*,*,#462,.F.);
#640=ORIENTED_EDGE('',*,*,#488,.T.);
#641=ORIENTED_EDGE('',*,*,#489,.T.);
#642=ORIENTED_EDGE('',*,*,#490,.T.);
#643=ORIENTED_EDGE('',*,*,#486,.F.);
#644=ORIENTED_EDGE('',*,*,#491,.T.);
#645=ORIENTED_EDGE('',*,*,#492,.T.);
#646=ORIENTED_EDGE('',*,*,#493,.T.);
#647=ORIENTED_EDGE('',*,*,#489,.F.);
#648=ORIENTED_EDGE('',*,*,#494,.T.);
#649=ORIENTED_EDGE('',*,*,#495,.T.);
#650=ORIENTED_EDGE('',*,*,#492,.F.);
#651=ORIENTED_EDGE('',*,*,#496,.T.);
#652=ORIENTED_EDGE('',*,*,#485,.F.);
#653=ORIENTED_EDGE('',*,*,#483,.F.);
#654=ORIENTED_EDGE('',*,*,#497,.T.);
#655=ORIENTED_EDGE('',*,*,#498,.T.);
#656=ORIENTED_EDGE('',*,*,#499,.T.);
#657=ORIENTED_EDGE('',*,*,#500,.F.);
#658=ORIENTED_EDGE('',*,*,#501,.T.);
#659=ORIENTED_EDGE('',*,*,#496,.F.);
#660=ORIENTED_EDGE('',*,*,#502,.F.);
#661=ORIENTED_EDGE('',*,*,#503,.F.);
#662=ORIENTED_EDGE('',*,*,#497,.F.);
#663=ORIENTED_EDGE('',*,*,#494,.F.);
#664=ORIENTED_EDGE('',*,*,#504,.T.);
#665=ORIENTED_EDGE('',*,*,#505,.F.);
#666=ORIENTED_EDGE('',*,*,#502,.T.);
#667=ORIENTED_EDGE('',*,*,#491,.F.);
#668=ORIENTED_EDGE('',*,*,#506,.F.);
#669=ORIENTED_EDGE('',*,*,#507,.T.);
#670=ORIENTED_EDGE('',*,*,#508,.F.);
#671=ORIENTED_EDGE('',*,*,#509,.F.);
#672=ORIENTED_EDGE('',*,*,#510,.F.);
#673=ORIENTED_EDGE('',*,*,#511,.F.);
#674=ORIENTED_EDGE('',*,*,#504,.F.);
#675=ORIENTED_EDGE('',*,*,#488,.F.);
#676=ORIENTED_EDGE('',*,*,#512,.T.);
#677=ORIENTED_EDGE('',*,*,#513,.F.);
#678=ORIENTED_EDGE('',*,*,#506,.T.);
#679=ORIENTED_EDGE('',*,*,#461,.F.);
#680=ORIENTED_EDGE('',*,*,#514,.F.);
#681=ORIENTED_EDGE('',*,*,#515,.F.);
#682=ORIENTED_EDGE('',*,*,#512,.F.);
#683=ORIENTED_EDGE('',*,*,#463,.F.);
#684=ORIENTED_EDGE('',*,*,#487,.F.);
#685=ORIENTED_EDGE('',*,*,#490,.F.);
#686=ORIENTED_EDGE('',*,*,#493,.F.);
#687=ORIENTED_EDGE('',*,*,#495,.F.);
#688=ORIENTED_EDGE('',*,*,#484,.F.);
#689=ORIENTED_EDGE('',*,*,#482,.F.);
#690=ORIENTED_EDGE('',*,*,#479,.F.);
#691=ORIENTED_EDGE('',*,*,#476,.F.);
#692=ORIENTED_EDGE('',*,*,#473,.F.);
#693=ORIENTED_EDGE('',*,*,#470,.F.);
#694=ORIENTED_EDGE('',*,*,#465,.F.);
#695=ORIENTED_EDGE('',*,*,#516,.F.);
#696=ORIENTED_EDGE('',*,*,#517,.T.);
#697=ORIENTED_EDGE('',*,*,#518,.T.);
#698=ORIENTED_EDGE('',*,*,#515,.T.);
#699=ORIENTED_EDGE('',*,*,#519,.T.);
#700=ORIENTED_EDGE('',*,*,#507,.F.);
#701=ORIENTED_EDGE('',*,*,#513,.T.);
#702=ORIENTED_EDGE('',*,*,#518,.F.);
#703=ORIENTED_EDGE('',*,*,#520,.T.);
#704=ORIENTED_EDGE('',*,*,#521,.F.);
#705=ORIENTED_EDGE('',*,*,#520,.F.);
#706=ORIENTED_EDGE('',*,*,#517,.F.);
#707=ORIENTED_EDGE('',*,*,#522,.T.);
#708=ORIENTED_EDGE('',*,*,#523,.F.);
#709=ORIENTED_EDGE('',*,*,#498,.F.);
#710=ORIENTED_EDGE('',*,*,#503,.T.);
#711=ORIENTED_EDGE('',*,*,#524,.T.);
#712=ORIENTED_EDGE('',*,*,#525,.T.);
#713=ORIENTED_EDGE('',*,*,#526,.T.);
#714=ORIENTED_EDGE('',*,*,#527,.T.);
#715=ORIENTED_EDGE('',*,*,#528,.T.);
#716=ORIENTED_EDGE('',*,*,#524,.F.);
#717=ORIENTED_EDGE('',*,*,#505,.T.);
#718=ORIENTED_EDGE('',*,*,#511,.T.);
#719=ORIENTED_EDGE('',*,*,#529,.T.);
#720=ORIENTED_EDGE('',*,*,#530,.T.);
#721=ORIENTED_EDGE('',*,*,#531,.T.);
#722=ORIENTED_EDGE('',*,*,#532,.T.);
#723=ORIENTED_EDGE('',*,*,#533,.T.);
#724=ORIENTED_EDGE('',*,*,#534,.T.);
#725=ORIENTED_EDGE('',*,*,#531,.F.);
#726=ORIENTED_EDGE('',*,*,#535,.T.);
#727=ORIENTED_EDGE('',*,*,#536,.T.);
#728=ORIENTED_EDGE('',*,*,#537,.T.);
#729=ORIENTED_EDGE('',*,*,#533,.F.);
#730=ORIENTED_EDGE('',*,*,#538,.T.);
#731=ORIENTED_EDGE('',*,*,#539,.T.);
#732=ORIENTED_EDGE('',*,*,#540,.T.);
#733=ORIENTED_EDGE('',*,*,#536,.F.);
#734=ORIENTED_EDGE('',*,*,#541,.T.);
#735=ORIENTED_EDGE('',*,*,#542,.T.);
#736=ORIENTED_EDGE('',*,*,#543,.T.);
#737=ORIENTED_EDGE('',*,*,#539,.F.);
#738=ORIENTED_EDGE('',*,*,#544,.T.);
#739=ORIENTED_EDGE('',*,*,#545,.T.);
#740=ORIENTED_EDGE('',*,*,#546,.T.);
#741=ORIENTED_EDGE('',*,*,#542,.F.);
#742=ORIENTED_EDGE('',*,*,#547,.T.);
#743=ORIENTED_EDGE('',*,*,#548,.T.);
#744=ORIENTED_EDGE('',*,*,#549,.T.);
#745=ORIENTED_EDGE('',*,*,#545,.F.);
#746=ORIENTED_EDGE('',*,*,#550,.T.);
#747=ORIENTED_EDGE('',*,*,#551,.T.);
#748=ORIENTED_EDGE('',*,*,#509,.T.);
#749=ORIENTED_EDGE('',*,*,#548,.F.);
#750=ORIENTED_EDGE('',*,*,#552,.T.);
#751=ORIENTED_EDGE('',*,*,#553,.T.);
#752=ORIENTED_EDGE('',*,*,#554,.T.);
#753=ORIENTED_EDGE('',*,*,#551,.F.);
#754=ORIENTED_EDGE('',*,*,#555,.T.);
#755=ORIENTED_EDGE('',*,*,#556,.T.);
#756=ORIENTED_EDGE('',*,*,#557,.T.);
#757=ORIENTED_EDGE('',*,*,#553,.F.);
#758=ORIENTED_EDGE('',*,*,#558,.T.);
#759=ORIENTED_EDGE('',*,*,#559,.T.);
#760=ORIENTED_EDGE('',*,*,#500,.T.);
#761=ORIENTED_EDGE('',*,*,#556,.F.);
#762=ORIENTED_EDGE('',*,*,#560,.T.);
#763=ORIENTED_EDGE('',*,*,#559,.F.);
#764=ORIENTED_EDGE('',*,*,#561,.T.);
#765=ORIENTED_EDGE('',*,*,#529,.F.);
#766=ORIENTED_EDGE('',*,*,#562,.T.);
#767=ORIENTED_EDGE('',*,*,#554,.F.);
#768=ORIENTED_EDGE('',*,*,#563,.T.);
#769=ORIENTED_EDGE('',*,*,#564,.T.);
#770=ORIENTED_EDGE('',*,*,#527,.F.);
#771=ORIENTED_EDGE('',*,*,#510,.T.);
#772=ORIENTED_EDGE('',*,*,#557,.F.);
#773=ORIENTED_EDGE('',*,*,#499,.F.);
#774=ORIENTED_EDGE('',*,*,#526,.F.);
#775=ORIENTED_EDGE('',*,*,#565,.F.);
#776=ORIENTED_EDGE('',*,*,#563,.F.);
#777=ORIENTED_EDGE('',*,*,#481,.F.);
#778=ORIENTED_EDGE('',*,*,#501,.F.);
#779=ORIENTED_EDGE('',*,*,#562,.F.);
#780=ORIENTED_EDGE('',*,*,#566,.F.);
#781=ORIENTED_EDGE('',*,*,#567,.F.);
#782=ORIENTED_EDGE('',*,*,#568,.F.);
#783=ORIENTED_EDGE('',*,*,#569,.F.);
#784=ORIENTED_EDGE('',*,*,#532,.F.);
#785=ORIENTED_EDGE('',*,*,#570,.T.);
#786=ORIENTED_EDGE('',*,*,#571,.F.);
#787=ORIENTED_EDGE('',*,*,#566,.T.);
#788=ORIENTED_EDGE('',*,*,#530,.F.);
#789=ORIENTED_EDGE('',*,*,#561,.F.);
#790=ORIENTED_EDGE('',*,*,#560,.F.);
#791=ORIENTED_EDGE('',*,*,#558,.F.);
#792=ORIENTED_EDGE('',*,*,#555,.F.);
#793=ORIENTED_EDGE('',*,*,#552,.F.);
#794=ORIENTED_EDGE('',*,*,#550,.F.);
#795=ORIENTED_EDGE('',*,*,#547,.F.);
#796=ORIENTED_EDGE('',*,*,#544,.F.);
#797=ORIENTED_EDGE('',*,*,#541,.F.);
#798=ORIENTED_EDGE('',*,*,#538,.F.);
#799=ORIENTED_EDGE('',*,*,#535,.F.);
#800=ORIENTED_EDGE('',*,*,#572,.T.);
#801=ORIENTED_EDGE('',*,*,#573,.T.);
#802=ORIENTED_EDGE('',*,*,#568,.T.);
#803=ORIENTED_EDGE('',*,*,#574,.T.);
#804=ORIENTED_EDGE('',*,*,#575,.T.);
#805=ORIENTED_EDGE('',*,*,#572,.F.);
#806=ORIENTED_EDGE('',*,*,#567,.T.);
#807=ORIENTED_EDGE('',*,*,#576,.T.);
#808=ORIENTED_EDGE('',*,*,#577,.T.);
#809=ORIENTED_EDGE('',*,*,#574,.F.);
#810=ORIENTED_EDGE('',*,*,#571,.T.);
#811=ORIENTED_EDGE('',*,*,#578,.T.);
#812=ORIENTED_EDGE('',*,*,#579,.T.);
#813=ORIENTED_EDGE('',*,*,#576,.F.);
#814=ORIENTED_EDGE('',*,*,#580,.T.);
#815=ORIENTED_EDGE('',*,*,#581,.T.);
#816=ORIENTED_EDGE('',*,*,#582,.T.);
#817=ORIENTED_EDGE('',*,*,#578,.F.);
#818=ORIENTED_EDGE('',*,*,#583,.T.);
#819=ORIENTED_EDGE('',*,*,#584,.T.);
#820=ORIENTED_EDGE('',*,*,#585,.T.);
#821=ORIENTED_EDGE('',*,*,#581,.F.);
#822=ORIENTED_EDGE('',*,*,#586,.T.);
#823=ORIENTED_EDGE('',*,*,#587,.T.);
#824=ORIENTED_EDGE('',*,*,#588,.T.);
#825=ORIENTED_EDGE('',*,*,#584,.F.);
#826=ORIENTED_EDGE('',*,*,#469,.F.);
#827=ORIENTED_EDGE('',*,*,#589,.F.);
#828=ORIENTED_EDGE('',*,*,#587,.F.);
#829=ORIENTED_EDGE('',*,*,#586,.F.);
#830=ORIENTED_EDGE('',*,*,#590,.F.);
#831=ORIENTED_EDGE('',*,*,#540,.F.);
#832=ORIENTED_EDGE('',*,*,#591,.F.);
#833=ORIENTED_EDGE('',*,*,#537,.F.);
#834=ORIENTED_EDGE('',*,*,#590,.T.);
#835=ORIENTED_EDGE('',*,*,#583,.F.);
#836=ORIENTED_EDGE('',*,*,#592,.T.);
#837=ORIENTED_EDGE('',*,*,#534,.F.);
#838=ORIENTED_EDGE('',*,*,#592,.F.);
#839=ORIENTED_EDGE('',*,*,#580,.F.);
#840=ORIENTED_EDGE('',*,*,#570,.F.);
#841=ORIENTED_EDGE('',*,*,#573,.F.);
#842=ORIENTED_EDGE('',*,*,#593,.T.);
#843=ORIENTED_EDGE('',*,*,#594,.T.);
#844=ORIENTED_EDGE('',*,*,#595,.T.);
#845=ORIENTED_EDGE('',*,*,#596,.T.);
#846=ORIENTED_EDGE('',*,*,#597,.T.);
#847=ORIENTED_EDGE('',*,*,#594,.F.);
#848=ORIENTED_EDGE('',*,*,#598,.T.);
#849=ORIENTED_EDGE('',*,*,#588,.F.);
#850=ORIENTED_EDGE('',*,*,#599,.T.);
#851=ORIENTED_EDGE('',*,*,#596,.F.);
#852=ORIENTED_EDGE('',*,*,#600,.T.);
#853=ORIENTED_EDGE('',*,*,#585,.F.);
#854=ORIENTED_EDGE('',*,*,#600,.F.);
#855=ORIENTED_EDGE('',*,*,#598,.F.);
#856=ORIENTED_EDGE('',*,*,#593,.F.);
#857=ORIENTED_EDGE('',*,*,#575,.F.);
#858=ORIENTED_EDGE('',*,*,#577,.F.);
#859=ORIENTED_EDGE('',*,*,#579,.F.);
#860=ORIENTED_EDGE('',*,*,#582,.F.);
#861=ORIENTED_EDGE('',*,*,#549,.F.);
#862=ORIENTED_EDGE('',*,*,#508,.T.);
#863=ORIENTED_EDGE('',*,*,#521,.T.);
#864=ORIENTED_EDGE('',*,*,#523,.T.);
#865=ORIENTED_EDGE('',*,*,#601,.T.);
#866=ORIENTED_EDGE('',*,*,#546,.F.);
#867=ORIENTED_EDGE('',*,*,#601,.F.);
#868=ORIENTED_EDGE('',*,*,#522,.F.);
#869=ORIENTED_EDGE('',*,*,#516,.T.);
#870=ORIENTED_EDGE('',*,*,#602,.F.);
#871=ORIENTED_EDGE('',*,*,#467,.F.);
#872=ORIENTED_EDGE('',*,*,#591,.T.);
#873=ORIENTED_EDGE('',*,*,#543,.F.);
#874=ORIENTED_EDGE('',*,*,#602,.T.);
#875=ORIENTED_EDGE('',*,*,#519,.F.);
#876=ORIENTED_EDGE('',*,*,#514,.T.);
#877=ORIENTED_EDGE('',*,*,#472,.F.);
#878=ORIENTED_EDGE('',*,*,#603,.T.);
#879=ORIENTED_EDGE('',*,*,#599,.F.);
#880=ORIENTED_EDGE('',*,*,#589,.T.);
#881=ORIENTED_EDGE('',*,*,#475,.F.);
#882=ORIENTED_EDGE('',*,*,#604,.F.);
#883=ORIENTED_EDGE('',*,*,#597,.F.);
#884=ORIENTED_EDGE('',*,*,#603,.F.);
#885=ORIENTED_EDGE('',*,*,#478,.F.);
#886=ORIENTED_EDGE('',*,*,#569,.T.);
#887=ORIENTED_EDGE('',*,*,#595,.F.);
#888=ORIENTED_EDGE('',*,*,#604,.T.);
#889=ORIENTED_EDGE('',*,*,#528,.F.);
#890=ORIENTED_EDGE('',*,*,#564,.F.);
#891=ORIENTED_EDGE('',*,*,#565,.T.);
#892=ORIENTED_EDGE('',*,*,#525,.F.);
#893=CYLINDRICAL_SURFACE('',#997,1.);
#894=CYLINDRICAL_SURFACE('',#1003,1.);
#895=CYLINDRICAL_SURFACE('',#1009,1.);
#896=CYLINDRICAL_SURFACE('',#1015,1.);
#897=CYLINDRICAL_SURFACE('',#1024,1.);
#898=CYLINDRICAL_SURFACE('',#1030,1.);
#899=CYLINDRICAL_SURFACE('',#1031,3.);
#900=CYLINDRICAL_SURFACE('',#1034,3.);
#901=CYLINDRICAL_SURFACE('',#1037,3.);
#902=CYLINDRICAL_SURFACE('',#1041,1.);
#903=CYLINDRICAL_SURFACE('',#1048,1.);
#904=CYLINDRICAL_SURFACE('',#1057,1.);
#905=CYLINDRICAL_SURFACE('',#1062,1.);
#906=CYLINDRICAL_SURFACE('',#1068,1.);
#907=CYLINDRICAL_SURFACE('',#1073,1.);
#908=CYLINDRICAL_SURFACE('',#1078,1.);
#909=CYLINDRICAL_SURFACE('',#1083,1.);
#910=CYLINDRICAL_SURFACE('',#1084,2.);
#911=CYLINDRICAL_SURFACE('',#1088,2.);
#912=CYLINDRICAL_SURFACE('',#1092,1.);
#913=CYLINDRICAL_SURFACE('',#1096,1.);
#914=CYLINDRICAL_SURFACE('',#1101,1.);
#915=CYLINDRICAL_SURFACE('',#1104,2.);
#916=CYLINDRICAL_SURFACE('',#1110,3.);
#917=CYLINDRICAL_SURFACE('',#1116,2.);
#918=CYLINDRICAL_SURFACE('',#1118,3.);
#919=CYLINDRICAL_SURFACE('',#1119,3.);
#920=CYLINDRICAL_SURFACE('',#1121,3.);
#921=ADVANCED_FACE('',(#51),#893,.T.);
#922=ADVANCED_FACE('',(#52),#39,.T.);
#923=ADVANCED_FACE('',(#53),#894,.T.);
#924=ADVANCED_FACE('',(#54),#40,.T.);
#925=ADVANCED_FACE('',(#55),#895,.T.);
#926=ADVANCED_FACE('',(#56),#41,.T.);
#927=ADVANCED_FACE('',(#57),#896,.T.);
#928=ADVANCED_FACE('',(#58),#42,.T.);
#929=ADVANCED_FACE('',(#59),#43,.T.);
#930=ADVANCED_FACE('',(#60),#897,.T.);
#931=ADVANCED_FACE('',(#61),#44,.T.);
#932=ADVANCED_FACE('',(#62),#898,.T.);
#933=ADVANCED_FACE('',(#63),#899,.T.);
#934=ADVANCED_FACE('',(#64),#25,.T.);
#935=ADVANCED_FACE('',(#65),#900,.T.);
#936=ADVANCED_FACE('',(#66),#26,.T.);
#937=ADVANCED_FACE('',(#67),#901,.T.);
#938=ADVANCED_FACE('',(#68),#27,.T.);
#939=ADVANCED_FACE('',(#69),#28,.T.);
#940=ADVANCED_FACE('',(#70),#902,.F.);
#941=ADVANCED_FACE('',(#71),#45,.F.);
#942=ADVANCED_FACE('',(#72),#29,.T.);
#943=ADVANCED_FACE('',(#73),#903,.F.);
#944=ADVANCED_FACE('',(#74),#46,.F.);
#945=ADVANCED_FACE('',(#75),#17,.F.);
#946=ADVANCED_FACE('',(#76),#904,.T.);
#947=ADVANCED_FACE('',(#77),#18,.F.);
#948=ADVANCED_FACE('',(#78),#905,.T.);
#949=ADVANCED_FACE('',(#79),#47,.T.);
#950=ADVANCED_FACE('',(#80),#906,.T.);
#951=ADVANCED_FACE('',(#81),#19,.F.);
#952=ADVANCED_FACE('',(#82),#907,.T.);
#953=ADVANCED_FACE('',(#83),#20,.F.);
#954=ADVANCED_FACE('',(#84),#908,.T.);
#955=ADVANCED_FACE('',(#85),#48,.T.);
#956=ADVANCED_FACE('',(#86),#909,.T.);
#957=ADVANCED_FACE('',(#87),#910,.T.);
#958=ADVANCED_FACE('',(#88),#30,.T.);
#959=ADVANCED_FACE('',(#89),#31,.T.);
#960=ADVANCED_FACE('',(#90),#911,.T.);
#961=ADVANCED_FACE('',(#91),#32,.T.);
#962=ADVANCED_FACE('',(#92),#15,.F.);
#963=ADVANCED_FACE('',(#93),#912,.T.);
#964=ADVANCED_FACE('',(#94),#21,.F.);
#965=ADVANCED_FACE('',(#95),#913,.T.);
#966=ADVANCED_FACE('',(#96),#22,.F.);
#967=ADVANCED_FACE('',(#97),#914,.T.);
#968=ADVANCED_FACE('',(#98),#16,.F.);
#969=ADVANCED_FACE('',(#99),#33,.T.);
#970=ADVANCED_FACE('',(#100),#915,.T.);
#971=ADVANCED_FACE('',(#101),#34,.T.);
#972=ADVANCED_FACE('',(#102),#49,.F.);
#973=ADVANCED_FACE('',(#103),#916,.F.);
#974=ADVANCED_FACE('',(#104),#50,.F.);
#975=ADVANCED_FACE('',(#105),#35,.T.);
#976=ADVANCED_FACE('',(#106),#917,.T.);
#977=ADVANCED_FACE('',(#107),#36,.T.);
#978=ADVANCED_FACE('',(#108),#918,.T.);
#979=ADVANCED_FACE('',(#109),#919,.T.);
#980=ADVANCED_FACE('',(#110),#37,.T.);
#981=ADVANCED_FACE('',(#111),#920,.T.);
#982=ADVANCED_FACE('',(#112),#38,.T.);
#983=CLOSED_SHELL('',(#921,#922,#923,#924,#925,#926,#927,#928,#929,#930,
#931,#932,#933,#934,#935,#936,#937,#938,#939,#940,#941,#942,#943,#944,#945,
#946,#947,#948,#949,#950,#951,#952,#953,#954,#955,#956,#957,#958,#959,#960,
#961,#962,#963,#964,#965,#966,#967,#968,#969,#970,#971,#972,#973,#974,#975,
#976,#977,#978,#979,#980,#981,#982));
#984=DERIVED_UNIT_ELEMENT(#986,1.);
#985=DERIVED_UNIT_ELEMENT(#1995,-3.);
#986=(
MASS_UNIT()
NAMED_UNIT(*)
SI_UNIT(.KILO.,.GRAM.)
);
#987=DERIVED_UNIT((#984,#985));
#988=MEASURE_REPRESENTATION_ITEM('density measure',
POSITIVE_RATIO_MEASURE(2700.),#987);
#989=PROPERTY_DEFINITION_REPRESENTATION(#994,#991);
#990=PROPERTY_DEFINITION_REPRESENTATION(#995,#992);
#991=REPRESENTATION('material name',(#993),#1992);
#992=REPRESENTATION('density',(#988),#1992);
#993=DESCRIPTIVE_REPRESENTATION_ITEM('Aluminum','Aluminum');
#994=PROPERTY_DEFINITION('material property','material name',#2002);
#995=PROPERTY_DEFINITION('material property','density of part',#2002);
#996=AXIS2_PLACEMENT_3D('',#1437,#1123,#1124);
#997=AXIS2_PLACEMENT_3D('',#1438,#1125,#1126);
#998=AXIS2_PLACEMENT_3D('',#1443,#1128,#1129);
#999=AXIS2_PLACEMENT_3D('',#1460,#1131,#1132);
#1000=AXIS2_PLACEMENT_3D('',#1462,#1133,#1134);
#1001=AXIS2_PLACEMENT_3D('',#1464,#1135,#1136);
#1002=AXIS2_PLACEMENT_3D('',#1465,#1137,#1138);
#1003=AXIS2_PLACEMENT_3D('',#1466,#1139,#1140);
#1004=AXIS2_PLACEMENT_3D('',#1469,#1141,#1142);
#1005=AXIS2_PLACEMENT_3D('',#1472,#1145,#1146);
#1006=AXIS2_PLACEMENT_3D('',#1475,#1147,#1148);
#1007=AXIS2_PLACEMENT_3D('',#1476,#1149,#1150);
#1008=AXIS2_PLACEMENT_3D('',#1477,#1151,#1152);
#1009=AXIS2_PLACEMENT_3D('',#1478,#1153,#1154);
#1010=AXIS2_PLACEMENT_3D('',#1481,#1155,#1156);
#1011=AXIS2_PLACEMENT_3D('',#1484,#1159,#1160);
#1012=AXIS2_PLACEMENT_3D('',#1487,#1161,#1162);
#1013=AXIS2_PLACEMENT_3D('',#1488,#1163,#1164);
#1014=AXIS2_PLACEMENT_3D('',#1489,#1165,#1166);
#1015=AXIS2_PLACEMENT_3D('',#1490,#1167,#1168);
#1016=AXIS2_PLACEMENT_3D('',#1493,#1169,#1170);
#1017=AXIS2_PLACEMENT_3D('',#1496,#1173,#1174);
#1018=AXIS2_PLACEMENT_3D('',#1498,#1175,#1176);
#1019=AXIS2_PLACEMENT_3D('',#1500,#1177,#1178);
#1020=AXIS2_PLACEMENT_3D('',#1515,#1179,#1180);
#1021=AXIS2_PLACEMENT_3D('',#1518,#1181,#1182);
#1022=AXIS2_PLACEMENT_3D('',#1519,#1183,#1184);
#1023=AXIS2_PLACEMENT_3D('',#1520,#1185,#1186);
#1024=AXIS2_PLACEMENT_3D('',#1521,#1187,#1188);
#1025=AXIS2_PLACEMENT_3D('',#1524,#1189,#1190);
#1026=AXIS2_PLACEMENT_3D('',#1527,#1193,#1194);
#1027=AXIS2_PLACEMENT_3D('',#1530,#1195,#1196);
#1028=AXIS2_PLACEMENT_3D('',#1531,#1197,#1198);
#1029=AXIS2_PLACEMENT_3D('',#1532,#1199,#1200);
#1030=AXIS2_PLACEMENT_3D('',#1533,#1201,#1202);
#1031=AXIS2_PLACEMENT_3D('',#1536,#1205,#1206);
#1032=AXIS2_PLACEMENT_3D('',#1551,#1209,#1210);
#1033=AXIS2_PLACEMENT_3D('',#1553,#1212,#1213);
#1034=AXIS2_PLACEMENT_3D('',#1557,#1216,#1217);
#1035=AXIS2_PLACEMENT_3D('',#1560,#1219,#1220);
#1036=AXIS2_PLACEMENT_3D('',#1561,#1221,#1222);
#1037=AXIS2_PLACEMENT_3D('',#1579,#1227,#1228);
#1038=AXIS2_PLACEMENT_3D('',#1582,#1230,#1231);
#1039=AXIS2_PLACEMENT_3D('',#1583,#1232,#1233);
#1040=AXIS2_PLACEMENT_3D('',#1587,#1236,#1237);
#1041=AXIS2_PLACEMENT_3D('',#1588,#1238,#1239);
#1042=AXIS2_PLACEMENT_3D('',#1591,#1240,#1241);
#1043=AXIS2_PLACEMENT_3D('',#1594,#1243,#1244);
#1044=AXIS2_PLACEMENT_3D('',#1603,#1245,#1246);
#1045=AXIS2_PLACEMENT_3D('',#1605,#1247,#1248);
#1046=AXIS2_PLACEMENT_3D('',#1610,#1249,#1250);
#1047=AXIS2_PLACEMENT_3D('',#1613,#1252,#1253);
#1048=AXIS2_PLACEMENT_3D('',#1614,#1254,#1255);
#1049=AXIS2_PLACEMENT_3D('',#1616,#1256,#1257);
#1050=AXIS2_PLACEMENT_3D('',#1619,#1259,#1260);
#1051=AXIS2_PLACEMENT_3D('',#1620,#1261,#1262);
#1052=AXIS2_PLACEMENT_3D('',#1626,#1263,#1264);
#1053=AXIS2_PLACEMENT_3D('',#1638,#1265,#1266);
#1054=AXIS2_PLACEMENT_3D('',#1640,#1267,#1268);
#1055=AXIS2_PLACEMENT_3D('',#1642,#1269,#1270);
#1056=AXIS2_PLACEMENT_3D('',#1643,#1271,#1272);
#1057=AXIS2_PLACEMENT_3D('',#1644,#1273,#1274);
#1058=AXIS2_PLACEMENT_3D('',#1647,#1275,#1276);
#1059=AXIS2_PLACEMENT_3D('',#1661,#1279,#1280);
#1060=AXIS2_PLACEMENT_3D('',#1662,#1281,#1282);
#1061=AXIS2_PLACEMENT_3D('',#1663,#1283,#1284);
#1062=AXIS2_PLACEMENT_3D('',#1664,#1285,#1286);
#1063=AXIS2_PLACEMENT_3D('',#1667,#1287,#1288);
#1064=AXIS2_PLACEMENT_3D('',#1670,#1291,#1292);
#1065=AXIS2_PLACEMENT_3D('',#1673,#1293,#1294);
#1066=AXIS2_PLACEMENT_3D('',#1674,#1295,#1296);
#1067=AXIS2_PLACEMENT_3D('',#1675,#1297,#1298);
#1068=AXIS2_PLACEMENT_3D('',#1676,#1299,#1300);
#1069=AXIS2_PLACEMENT_3D('',#1679,#1301,#1302);
#1070=AXIS2_PLACEMENT_3D('',#1692,#1305,#1306);
#1071=AXIS2_PLACEMENT_3D('',#1693,#1307,#1308);
#1072=AXIS2_PLACEMENT_3D('',#1694,#1309,#1310);
#1073=AXIS2_PLACEMENT_3D('',#1695,#1311,#1312);
#1074=AXIS2_PLACEMENT_3D('',#1697,#1313,#1314);
#1075=AXIS2_PLACEMENT_3D('',#1710,#1316,#1317);
#1076=AXIS2_PLACEMENT_3D('',#1711,#1318,#1319);
#1077=AXIS2_PLACEMENT_3D('',#1712,#1320,#1321);
#1078=AXIS2_PLACEMENT_3D('',#1713,#1322,#1323);
#1079=AXIS2_PLACEMENT_3D('',#1715,#1324,#1325);
#1080=AXIS2_PLACEMENT_3D('',#1718,#1328,#1329);
#1081=AXIS2_PLACEMENT_3D('',#1720,#1330,#1331);
#1082=AXIS2_PLACEMENT_3D('',#1721,#1332,#1333);
#1083=AXIS2_PLACEMENT_3D('',#1722,#1334,#1335);
#1084=AXIS2_PLACEMENT_3D('',#1725,#1338,#1339);
#1085=AXIS2_PLACEMENT_3D('',#1728,#1341,#1342);
#1086=AXIS2_PLACEMENT_3D('',#1729,#1343,#1344);
#1087=AXIS2_PLACEMENT_3D('',#1731,#1346,#1347);
#1088=AXIS2_PLACEMENT_3D('',#1750,#1351,#1352);
#1089=AXIS2_PLACEMENT_3D('',#1753,#1354,#1355);
#1090=AXIS2_PLACEMENT_3D('',#1754,#1356,#1357);
#1091=AXIS2_PLACEMENT_3D('',#1816,#1358,#1359);
#1092=AXIS2_PLACEMENT_3D('',#1829,#1360,#1361);
#1093=AXIS2_PLACEMENT_3D('',#1831,#1362,#1363);
#1094=AXIS2_PLACEMENT_3D('',#1843,#1365,#1366);
#1095=AXIS2_PLACEMENT_3D('',#1844,#1367,#1368);
#1096=AXIS2_PLACEMENT_3D('',#1845,#1369,#1370);
#1097=AXIS2_PLACEMENT_3D('',#1848,#1371,#1372);
#1098=AXIS2_PLACEMENT_3D('',#1862,#1375,#1376);
#1099=AXIS2_PLACEMENT_3D('',#1863,#1377,#1378);
#1100=AXIS2_PLACEMENT_3D('',#1864,#1379,#1380);
#1101=AXIS2_PLACEMENT_3D('',#1865,#1381,#1382);
#1102=AXIS2_PLACEMENT_3D('',#1868,#1383,#1384);
#1103=AXIS2_PLACEMENT_3D('',#1956,#1387,#1388);
#1104=AXIS2_PLACEMENT_3D('',#1960,#1392,#1393);
#1105=AXIS2_PLACEMENT_3D('',#1962,#1395,#1396);
#1106=AXIS2_PLACEMENT_3D('',#1963,#1397,#1398);
#1107=AXIS2_PLACEMENT_3D('',#1965,#1399,#1400);
#1108=AXIS2_PLACEMENT_3D('',#1967,#1401,#1402);
#1109=AXIS2_PLACEMENT_3D('',#1968,#1403,#1404);
#1110=AXIS2_PLACEMENT_3D('',#1969,#1405,#1406);
#1111=AXIS2_PLACEMENT_3D('',#1972,#1407,#1408);
#1112=AXIS2_PLACEMENT_3D('',#1975,#1411,#1412);
#1113=AXIS2_PLACEMENT_3D('',#1976,#1413,#1414);
#1114=AXIS2_PLACEMENT_3D('',#1977,#1415,#1416);
#1115=AXIS2_PLACEMENT_3D('',#1978,#1417,#1418);
#1116=AXIS2_PLACEMENT_3D('',#1979,#1419,#1420);
#1117=AXIS2_PLACEMENT_3D('',#1981,#1422,#1423);
#1118=AXIS2_PLACEMENT_3D('',#1983,#1425,#1426);
#1119=AXIS2_PLACEMENT_3D('',#1984,#1427,#1428);
#1120=AXIS2_PLACEMENT_3D('',#1986,#1430,#1431);
#1121=AXIS2_PLACEMENT_3D('',#1988,#1433,#1434);
#1122=AXIS2_PLACEMENT_3D('',#1989,#1435,#1436);
#1123=DIRECTION('axis',(0.,0.,1.));
#1124=DIRECTION('refdir',(1.,0.,0.));
#1125=DIRECTION('center_axis',(0.384615384615385,-0.923076923076923,0.));
#1126=DIRECTION('ref_axis',(-0.652713951864504,-0.27196414661021,0.707106781186549));
#1127=DIRECTION('',(0.384615384615385,-0.923076923076923,0.));
#1128=DIRECTION('center_axis',(-0.384615384615384,0.923076923076923,0.));
#1129=DIRECTION('ref_axis',(-0.923076923076923,-0.384615384615384,0.));
#1130=DIRECTION('',(-0.384615384615385,0.923076923076923,0.));
#1131=DIRECTION('center_axis',(0.,0.,-1.));
#1132=DIRECTION('ref_axis',(-1.,0.,0.));
#1133=DIRECTION('center_axis',(0.,0.,-1.));
#1134=DIRECTION('ref_axis',(-0.971114708113432,0.238613125552146,0.));
#1135=DIRECTION('center_axis',(-0.330350424728106,-0.943858356366017,0.));
#1136=DIRECTION('ref_axis',(0.,0.,1.));
#1137=DIRECTION('center_axis',(0.,0.,1.));
#1138=DIRECTION('ref_axis',(-0.971114708113432,0.238613125552146,0.));
#1139=DIRECTION('center_axis',(-0.330350424728106,-0.943858356366017,0.));
#1140=DIRECTION('ref_axis',(-0.667408644265998,0.233593025493099,0.70710678118655));
#1141=DIRECTION('center_axis',(-0.330350424728106,-0.943858356366017,0.));
#1142=DIRECTION('ref_axis',(0.,0.,1.));
#1143=DIRECTION('',(-0.330350424728106,-0.943858356366017,0.));
#1144=DIRECTION('',(0.330350424728106,0.943858356366017,0.));
#1145=DIRECTION('center_axis',(0.,0.,-1.));
#1146=DIRECTION('ref_axis',(-1.,0.,0.));
#1147=DIRECTION('center_axis',(-1.,0.,0.));
#1148=DIRECTION('ref_axis',(0.,0.,1.));
#1149=DIRECTION('center_axis',(0.,0.,1.));
#1150=DIRECTION('ref_axis',(-0.578640464914049,0.815582744032788,0.));
#1151=DIRECTION('center_axis',(0.,0.,-1.));
#1152=DIRECTION('ref_axis',(-0.578640464914049,0.815582744032789,0.));
#1153=DIRECTION('center_axis',(-1.,0.,0.));
#1154=DIRECTION('ref_axis',(0.,0.707106781186546,0.707106781186549));
#1155=DIRECTION('center_axis',(-1.,0.,0.));
#1156=DIRECTION('ref_axis',(0.,0.,1.));
#1157=DIRECTION('',(-1.,0.,0.));
#1158=DIRECTION('',(1.,0.,0.));
#1159=DIRECTION('center_axis',(0.,0.,-1.));
#1160=DIRECTION('ref_axis',(-1.,0.,0.));
#1161=DIRECTION('center_axis',(-0.330350424728106,0.943858356366018,0.));
#1162=DIRECTION('ref_axis',(0.,0.,1.));
#1163=DIRECTION('center_axis',(0.,0.,1.));
#1164=DIRECTION('ref_axis',(0.578640464914049,0.815582744032789,0.));
#1165=DIRECTION('center_axis',(0.,0.,-1.));
#1166=DIRECTION('ref_axis',(0.578640464914049,0.815582744032789,0.));
#1167=DIRECTION('center_axis',(-0.330350424728106,0.943858356366018,0.));
#1168=DIRECTION('ref_axis',(0.667408644266,0.233593025493098,0.707106781186548));
#1169=DIRECTION('center_axis',(-0.330350424728106,0.943858356366018,0.));
#1170=DIRECTION('ref_axis',(0.,0.,1.));
#1171=DIRECTION('',(-0.330350424728106,0.943858356366017,0.));
#1172=DIRECTION('',(0.330350424728106,-0.943858356366017,0.));
#1173=DIRECTION('center_axis',(0.,0.,-1.));
#1174=DIRECTION('ref_axis',(-1.,0.,0.));
#1175=DIRECTION('center_axis',(0.,0.,1.));
#1176=DIRECTION('ref_axis',(0.971114708113432,0.238613125552146,0.));
#1177=DIRECTION('center_axis',(0.,0.,-1.));
#1178=DIRECTION('ref_axis',(0.971114708113432,0.238613125552146,0.));
#1179=DIRECTION('center_axis',(0.,0.,-1.));
#1180=DIRECTION('ref_axis',(-1.,0.,0.));
#1181=DIRECTION('center_axis',(-1.,0.,0.));
#1182=DIRECTION('ref_axis',(0.,-1.,0.));
#1183=DIRECTION('center_axis',(0.,0.,-1.));
#1184=DIRECTION('ref_axis',(-0.554700196225229,-0.832050294337844,0.));
#1185=DIRECTION('center_axis',(0.,0.,1.));
#1186=DIRECTION('ref_axis',(-0.554700196225229,-0.832050294337844,0.));
#1187=DIRECTION('center_axis',(1.,0.,0.));
#1188=DIRECTION('ref_axis',(0.,-0.707106781186546,0.707106781186549));
#1189=DIRECTION('center_axis',(-1.,0.,0.));
#1190=DIRECTION('ref_axis',(0.,-1.,0.));
#1191=DIRECTION('',(-1.,0.,0.));
#1192=DIRECTION('',(1.,0.,0.));
#1193=DIRECTION('center_axis',(0.,0.,-1.));
#1194=DIRECTION('ref_axis',(-1.,0.,0.));
#1195=DIRECTION('center_axis',(-0.384615384615385,-0.923076923076923,0.));
#1196=DIRECTION('ref_axis',(0.923076923076923,-0.384615384615385,0.));
#1197=DIRECTION('center_axis',(0.,0.,-1.));
#1198=DIRECTION('ref_axis',(0.554700196225229,-0.832050294337844,0.));
#1199=DIRECTION('center_axis',(0.,0.,1.));
#1200=DIRECTION('ref_axis',(0.554700196225229,-0.832050294337844,0.));
#1201=DIRECTION('center_axis',(0.384615384615385,0.923076923076923,0.));
#1202=DIRECTION('ref_axis',(0.652713951864502,-0.27196414661021,0.707106781186551));
#1203=DIRECTION('',(-0.384615384615385,-0.923076923076923,0.));
#1204=DIRECTION('',(0.384615384615385,0.923076923076923,0.));
#1205=DIRECTION('center_axis',(0.,0.,1.));
#1206=DIRECTION('ref_axis',(0.985864685533978,0.167543492314656,0.));
#1207=DIRECTION('',(0.,0.,-1.));
#1208=DIRECTION('',(0.,0.,-1.));
#1209=DIRECTION('center_axis',(0.,0.,-1.));
#1210=DIRECTION('ref_axis',(0.985864685533978,0.167543492314656,0.));
#1211=DIRECTION('',(0.,0.,1.));
#1212=DIRECTION('center_axis',(0.923076923076923,-0.384615384615385,0.));
#1213=DIRECTION('ref_axis',(0.384615384615385,0.923076923076923,0.));
#1214=DIRECTION('',(0.,0.,1.));
#1215=DIRECTION('',(-0.384615384615385,-0.923076923076923,0.));
#1216=DIRECTION('center_axis',(0.,0.,1.));
#1217=DIRECTION('ref_axis',(0.554700196225229,-0.832050294337844,0.));
#1218=DIRECTION('',(0.,0.,-1.));
#1219=DIRECTION('center_axis',(0.,0.,-1.));
#1220=DIRECTION('ref_axis',(0.554700196225229,-0.832050294337844,0.));
#1221=DIRECTION('center_axis',(0.,-1.,0.));
#1222=DIRECTION('ref_axis',(1.,0.,0.));
#1223=DIRECTION('',(0.,0.,1.));
#1224=DIRECTION('',(0.,0.,1.));
#1225=DIRECTION('',(-1.,0.,0.));
#1226=DIRECTION('',(0.,0.,-1.));
#1227=DIRECTION('center_axis',(0.,0.,1.));
#1228=DIRECTION('ref_axis',(-0.554700196225229,-0.832050294337844,0.));
#1229=DIRECTION('',(0.,0.,-1.));
#1230=DIRECTION('center_axis',(0.,0.,-1.));
#1231=DIRECTION('ref_axis',(-0.554700196225229,-0.832050294337844,0.));
#1232=DIRECTION('center_axis',(-0.923076923076923,-0.384615384615385,0.));
#1233=DIRECTION('ref_axis',(0.384615384615385,-0.923076923076923,0.));
#1234=DIRECTION('',(0.,0.,1.));
#1235=DIRECTION('',(-0.384615384615385,0.923076923076923,0.));
#1236=DIRECTION('center_axis',(0.,0.,1.));
#1237=DIRECTION('ref_axis',(1.,0.,0.));
#1238=DIRECTION('center_axis',(-0.384615384615385,0.923076923076923,0.));
#1239=DIRECTION('ref_axis',(0.652713951864505,0.271964146610211,-0.707106781186548));
#1240=DIRECTION('center_axis',(-1.,0.,0.));
#1241=DIRECTION('ref_axis',(0.,1.,5.33761069531325E-17));
#1242=DIRECTION('',(0.384615384615385,-0.923076923076923,0.));
#1243=DIRECTION('center_axis',(0.384615384615385,-0.923076923076923,0.));
#1244=DIRECTION('ref_axis',(0.,0.,-1.));
#1245=DIRECTION('center_axis',(0.,0.,1.));
#1246=DIRECTION('ref_axis',(1.,0.,0.));
#1247=DIRECTION('center_axis',(0.,0.,1.));
#1248=DIRECTION('ref_axis',(-0.554700196225229,-0.832050294337844,0.));
#1249=DIRECTION('center_axis',(0.,0.,1.));
#1250=DIRECTION('ref_axis',(1.,0.,0.));
#1251=DIRECTION('',(0.,-1.,0.));
#1252=DIRECTION('center_axis',(0.,0.,-1.));
#1253=DIRECTION('ref_axis',(-0.707106781186548,-0.707106781186548,0.));
#1254=DIRECTION('center_axis',(-0.384615384615385,-0.923076923076923,0.));
#1255=DIRECTION('ref_axis',(-0.652713951864506,0.27196414661021,-0.707106781186547));
#1256=DIRECTION('center_axis',(-0.384615384615384,-0.923076923076923,0.));
#1257=DIRECTION('ref_axis',(-0.923076923076923,0.384615384615384,0.));
#1258=DIRECTION('',(0.384615384615385,0.923076923076923,0.));
#1259=DIRECTION('center_axis',(1.,0.,0.));
#1260=DIRECTION('ref_axis',(0.,1.,8.00641604296988E-17));
#1261=DIRECTION('center_axis',(0.,0.,1.));
#1262=DIRECTION('ref_axis',(1.,0.,0.));
#1263=DIRECTION('center_axis',(0.,0.,1.));
#1264=DIRECTION('ref_axis',(0.554700196225229,-0.832050294337844,0.));
#1265=DIRECTION('center_axis',(-0.330350424728106,0.943858356366017,0.));
#1266=DIRECTION('ref_axis',(0.943858356366017,0.330350424728106,0.));
#1267=DIRECTION('center_axis',(0.,0.,1.));
#1268=DIRECTION('ref_axis',(0.57864046491405,0.815582744032788,0.));
#1269=DIRECTION('center_axis',(1.,0.,0.));
#1270=DIRECTION('ref_axis',(0.,0.,-1.));
#1271=DIRECTION('center_axis',(0.,0.,-1.));
#1272=DIRECTION('ref_axis',(0.57864046491405,0.815582744032788,0.));
#1273=DIRECTION('center_axis',(1.,-1.79068229778251E-16,0.));
#1274=DIRECTION('ref_axis',(0.,0.707106781186548,-0.707106781186548));
#1275=DIRECTION('center_axis',(1.,5.55111512312578E-16,0.));
#1276=DIRECTION('ref_axis',(0.,0.,-1.));
#1277=DIRECTION('',(1.,-1.79068229778251E-16,0.));
#1278=DIRECTION('',(-1.,1.79068229778251E-16,0.));
#1279=DIRECTION('center_axis',(0.330350424728107,0.943858356366017,0.));
#1280=DIRECTION('ref_axis',(0.,0.,-1.));
#1281=DIRECTION('center_axis',(0.,0.,-1.));
#1282=DIRECTION('ref_axis',(-0.578640464914049,0.815582744032789,0.));
#1283=DIRECTION('center_axis',(0.,0.,1.));
#1284=DIRECTION('ref_axis',(-0.578640464914049,0.815582744032789,0.));
#1285=DIRECTION('center_axis',(0.330350424728106,0.943858356366017,0.));
#1286=DIRECTION('ref_axis',(-0.667408644265999,0.233593025493099,-0.707106781186548));
#1287=DIRECTION('center_axis',(0.330350424728106,0.943858356366018,0.));
#1288=DIRECTION('ref_axis',(0.,0.,-1.));
#1289=DIRECTION('',(0.330350424728106,0.943858356366017,0.));
#1290=DIRECTION('',(-0.330350424728106,-0.943858356366017,0.));
#1291=DIRECTION('center_axis',(0.,0.,1.));
#1292=DIRECTION('ref_axis',(1.,0.,0.));
#1293=DIRECTION('center_axis',(0.,1.,0.));
#1294=DIRECTION('ref_axis',(0.,0.,-1.));
#1295=DIRECTION('center_axis',(0.,0.,-1.));
#1296=DIRECTION('ref_axis',(-0.985864685533978,0.167543492314656,0.));
#1297=DIRECTION('center_axis',(0.,0.,1.));
#1298=DIRECTION('ref_axis',(-0.985864685533978,0.167543492314656,0.));
#1299=DIRECTION('center_axis',(0.,1.,0.));
#1300=DIRECTION('ref_axis',(-0.707106781186547,0.,-0.707106781186548));
#1301=DIRECTION('center_axis',(0.,1.,0.));
#1302=DIRECTION('ref_axis',(0.,0.,-1.));
#1303=DIRECTION('',(0.,1.,0.));
#1304=DIRECTION('',(0.,-1.,0.));
#1305=DIRECTION('center_axis',(-1.,0.,0.));
#1306=DIRECTION('ref_axis',(0.,0.,-1.));
#1307=DIRECTION('center_axis',(0.,0.,-1.));
#1308=DIRECTION('ref_axis',(-0.707106781186548,-0.707106781186548,0.));
#1309=DIRECTION('center_axis',(0.,0.,1.));
#1310=DIRECTION('ref_axis',(-0.707106781186548,-0.707106781186548,0.));
#1311=DIRECTION('center_axis',(-1.,0.,0.));
#1312=DIRECTION('ref_axis',(0.,-0.707106781186547,-0.707106781186548));
#1313=DIRECTION('center_axis',(-1.,0.,0.));
#1314=DIRECTION('ref_axis',(0.,0.,-1.));
#1315=DIRECTION('',(1.,0.,0.));
#1316=DIRECTION('center_axis',(0.,-1.,0.));
#1317=DIRECTION('ref_axis',(0.,0.,-1.));
#1318=DIRECTION('center_axis',(0.,0.,-1.));
#1319=DIRECTION('ref_axis',(0.707106781186548,-0.707106781186547,0.));
#1320=DIRECTION('center_axis',(0.,0.,1.));
#1321=DIRECTION('ref_axis',(0.707106781186548,-0.707106781186547,0.));
#1322=DIRECTION('center_axis',(0.,-1.,0.));
#1323=DIRECTION('ref_axis',(0.707106781186548,0.,-0.707106781186548));
#1324=DIRECTION('center_axis',(0.,-1.,0.));
#1325=DIRECTION('ref_axis',(0.,0.,-1.));
#1326=DIRECTION('',(0.,-1.,0.));
#1327=DIRECTION('',(0.,1.,0.));
#1328=DIRECTION('center_axis',(0.,0.,1.));
#1329=DIRECTION('ref_axis',(1.,0.,0.));
#1330=DIRECTION('center_axis',(0.330350424728106,-0.943858356366018,0.));
#1331=DIRECTION('ref_axis',(0.,0.,-1.));
#1332=DIRECTION('center_axis',(0.,0.,1.));
#1333=DIRECTION('ref_axis',(0.985864685533978,0.167543492314656,0.));
#1334=DIRECTION('center_axis',(0.330350424728106,-0.943858356366018,0.));
#1335=DIRECTION('ref_axis',(0.667408644265999,0.233593025493099,-0.707106781186548));
#1336=DIRECTION('',(-0.330350424728106,0.943858356366017,0.));
#1337=DIRECTION('',(0.330350424728106,-0.943858356366017,0.));
#1338=DIRECTION('center_axis',(0.,0.,1.));
#1339=DIRECTION('ref_axis',(0.707106781186548,-0.707106781186547,0.));
#1340=DIRECTION('',(0.,0.,1.));
#1341=DIRECTION('center_axis',(0.,0.,-1.));
#1342=DIRECTION('ref_axis',(0.707106781186548,-0.707106781186547,0.));
#1343=DIRECTION('center_axis',(1.,0.,0.));
#1344=DIRECTION('ref_axis',(0.,1.,0.));
#1345=DIRECTION('',(0.,1.,0.));
#1346=DIRECTION('center_axis',(0.943858356366018,0.330350424728106,0.));
#1347=DIRECTION('ref_axis',(-0.330350424728106,0.943858356366017,0.));
#1348=DIRECTION('',(0.,0.,-1.));
#1349=DIRECTION('',(-0.330350424728106,0.943858356366017,0.));
#1350=DIRECTION('',(0.,0.,-1.));
#1351=DIRECTION('center_axis',(0.,0.,1.));
#1352=DIRECTION('ref_axis',(0.57864046491405,0.815582744032788,0.));
#1353=DIRECTION('',(0.,0.,1.));
#1354=DIRECTION('center_axis',(0.,0.,1.));
#1355=DIRECTION('ref_axis',(0.57864046491405,0.815582744032788,0.));
#1356=DIRECTION('center_axis',(0.,0.,-1.));
#1357=DIRECTION('ref_axis',(-1.,0.,0.));
#1358=DIRECTION('center_axis',(0.330350424728106,-0.943858356366018,-2.09578655844482E-15));
#1359=DIRECTION('ref_axis',(0.943858356366018,0.330350424728106,2.22044604925032E-15));
#1360=DIRECTION('center_axis',(-0.330350424728106,0.943858356366018,0.));
#1361=DIRECTION('ref_axis',(0.667408644265999,0.233593025493099,0.707106781186548));
#1362=DIRECTION('center_axis',(0.330350424728106,-0.943858356366018,0.));
#1363=DIRECTION('ref_axis',(0.943858356366018,0.330350424728106,0.));
#1364=DIRECTION('',(0.330350424728106,-0.943858356366017,0.));
#1365=DIRECTION('center_axis',(1.,0.,0.));
#1366=DIRECTION('ref_axis',(0.,1.,0.));
#1367=DIRECTION('center_axis',(0.,0.,-1.));
#1368=DIRECTION('ref_axis',(0.57864046491405,0.815582744032788,0.));
#1369=DIRECTION('center_axis',(-1.,1.79068229778251E-16,0.));
#1370=DIRECTION('ref_axis',(0.,0.707106781186548,0.707106781186548));
#1371=DIRECTION('center_axis',(1.,5.55111512312578E-16,0.));
#1372=DIRECTION('ref_axis',(-5.55111512312578E-16,1.,0.));
#1373=DIRECTION('',(1.,-1.79068229778251E-16,0.));
#1374=DIRECTION('',(-1.,1.79068229778251E-16,0.));
#1375=DIRECTION('center_axis',(0.330350424728107,0.943858356366017,0.));
#1376=DIRECTION('ref_axis',(-0.943858356366017,0.330350424728107,0.));
#1377=DIRECTION('center_axis',(0.,0.,-1.));
#1378=DIRECTION('ref_axis',(-0.578640464914049,0.815582744032789,0.));
#1379=DIRECTION('center_axis',(0.,0.,1.));
#1380=DIRECTION('ref_axis',(-0.578640464914049,0.815582744032789,0.));
#1381=DIRECTION('center_axis',(-0.330350424728106,-0.943858356366017,0.));
#1382=DIRECTION('ref_axis',(-0.667408644265999,0.233593025493099,0.707106781186548));
#1383=DIRECTION('center_axis',(0.330350424728105,0.943858356366018,0.));
#1384=DIRECTION('ref_axis',(-0.943858356366018,0.330350424728105,0.));
#1385=DIRECTION('',(0.330350424728106,0.943858356366017,0.));
#1386=DIRECTION('',(-0.330350424728106,-0.943858356366017,0.));
#1387=DIRECTION('center_axis',(-0.943858356366017,0.330350424728106,0.));
#1388=DIRECTION('ref_axis',(-0.330350424728106,-0.943858356366017,0.));
#1389=DIRECTION('',(0.,0.,1.));
#1390=DIRECTION('',(0.,0.,1.));
#1391=DIRECTION('',(0.,0.,-1.));
#1392=DIRECTION('center_axis',(0.,0.,-1.));
#1393=DIRECTION('ref_axis',(-0.578640464914049,0.815582744032789,0.));
#1394=DIRECTION('',(0.,0.,-1.));
#1395=DIRECTION('center_axis',(1.79068229778251E-16,1.,0.));
#1396=DIRECTION('ref_axis',(-1.,1.79068229778251E-16,0.));
#1397=DIRECTION('center_axis',(0.,0.,1.));
#1398=DIRECTION('ref_axis',(1.,0.,0.));
#1399=DIRECTION('center_axis',(0.,0.,1.));
#1400=DIRECTION('ref_axis',(0.578640464914049,0.815582744032789,0.));
#1401=DIRECTION('center_axis',(-1.,0.,0.));
#1402=DIRECTION('ref_axis',(0.,0.,-1.));
#1403=DIRECTION('center_axis',(0.,0.,-1.));
#1404=DIRECTION('ref_axis',(0.578640464914049,0.815582744032788,0.));
#1405=DIRECTION('center_axis',(1.,0.,0.));
#1406=DIRECTION('ref_axis',(0.,-0.707106781186548,-0.707106781186547));
#1407=DIRECTION('center_axis',(-1.,0.,0.));
#1408=DIRECTION('ref_axis',(0.,0.,-1.));
#1409=DIRECTION('',(1.,0.,0.));
#1410=DIRECTION('',(-1.,0.,0.));
#1411=DIRECTION('center_axis',(0.,0.,1.));
#1412=DIRECTION('ref_axis',(1.,0.,0.));
#1413=DIRECTION('center_axis',(0.,0.,-1.));
#1414=DIRECTION('ref_axis',(-0.578640464914049,0.815582744032789,0.));
#1415=DIRECTION('center_axis',(0.,0.,1.));
#1416=DIRECTION('ref_axis',(-0.578640464914049,0.815582744032789,0.));
#1417=DIRECTION('center_axis',(0.,0.,1.));
#1418=DIRECTION('ref_axis',(1.,0.,0.));
#1419=DIRECTION('center_axis',(0.,0.,1.));
#1420=DIRECTION('ref_axis',(-0.707106781186548,-0.707106781186548,0.));
#1421=DIRECTION('',(0.,0.,-1.));
#1422=DIRECTION('center_axis',(-1.,0.,0.));
#1423=DIRECTION('ref_axis',(0.,-1.,0.));
#1424=DIRECTION('',(0.,0.,1.));
#1425=DIRECTION('center_axis',(0.,0.,1.));
#1426=DIRECTION('ref_axis',(-0.985864685533978,0.167543492314656,0.));
#1427=DIRECTION('center_axis',(0.,0.,1.));
#1428=DIRECTION('ref_axis',(-0.578640464914049,0.815582744032788,0.));
#1429=DIRECTION('',(0.,0.,-1.));
#1430=DIRECTION('center_axis',(0.,1.,0.));
#1431=DIRECTION('ref_axis',(-1.,0.,0.));
#1432=DIRECTION('',(0.,0.,1.));
#1433=DIRECTION('center_axis',(0.,0.,1.));
#1434=DIRECTION('ref_axis',(0.578640464914049,0.815582744032788,0.));
#1435=DIRECTION('center_axis',(0.,0.,1.));
#1436=DIRECTION('ref_axis',(1.,0.,0.));
#1437=CARTESIAN_POINT('',(0.,0.,0.));
#1438=CARTESIAN_POINT('Origin',(1.85502958579882,4.14792899408284,28.5));
#1439=CARTESIAN_POINT('',(0.0315690926936611,5.92423417753522,28.5));
#1440=CARTESIAN_POINT('',(1.73076923076923,1.84615384615385,28.5));
#1441=CARTESIAN_POINT('',(0.931952662721894,3.76331360946746,28.5));
#1442=CARTESIAN_POINT('',(2.65384615384616,2.23076923076923,29.5));
#1443=CARTESIAN_POINT('Origin',(2.65384615384616,2.23076923076923,28.5));
#1444=CARTESIAN_POINT('',(1.07287010407755,6.02511175021388,29.5));
#1445=CARTESIAN_POINT('',(1.85502958579882,4.14792899408284,29.5));
#1446=CARTESIAN_POINT('Ctrl Pts',(1.07287010407755,6.02511175021388,29.5));
#1447=CARTESIAN_POINT('Ctrl Pts',(1.07112383647086,6.02500332508501,29.5));
#1448=CARTESIAN_POINT('Ctrl Pts',(1.06937759404989,6.02489452579256,29.499995898206));
#1449=CARTESIAN_POINT('Ctrl Pts',(0.992894593899256,6.02011287194784,29.4996365053303));
#1450=CARTESIAN_POINT('Ctrl Pts',(0.918396330887736,6.01476554692688,29.4917694612873));
#1451=CARTESIAN_POINT('Ctrl Pts',(0.772686467127131,6.00319337265646,29.4609966751503));
#1452=CARTESIAN_POINT('Ctrl Pts',(0.701804364015601,5.99700215606712,29.4382394997614));
#1453=CARTESIAN_POINT('Ctrl Pts',(0.51283139342575,5.97934496321015,29.3547463385949));
#1454=CARTESIAN_POINT('Ctrl Pts',(0.402980946970406,5.96771671873653,29.2789709876765));
#1455=CARTESIAN_POINT('Ctrl Pts',(0.221943413500275,5.94746894983227,29.0924380017493));
#1456=CARTESIAN_POINT('Ctrl Pts',(0.151324130192273,5.93897937760035,28.9848807611151));
#1457=CARTESIAN_POINT('Ctrl Pts',(0.0559798118911688,5.92733504685952,28.7500893369187));
#1458=CARTESIAN_POINT('Ctrl Pts',(0.0315690926936606,5.92423417753522,28.6257564909751));
#1459=CARTESIAN_POINT('Ctrl Pts',(0.0315690926936607,5.92423417753522,28.5));
#1460=CARTESIAN_POINT('Origin',(3.,5.49016281410696,28.5));
#1461=CARTESIAN_POINT('',(1.11228328726797,6.15086366356317,29.5));
#1462=CARTESIAN_POINT('Origin',(3.,5.49016281410696,29.5));
#1463=CARTESIAN_POINT('',(0.168424930901947,6.48121408829128,28.5));
#1464=CARTESIAN_POINT('Origin',(1.11228328726797,6.15086366356317,28.5));
#1465=CARTESIAN_POINT('Origin',(3.,5.49016281410696,28.5));
#1466=CARTESIAN_POINT('Origin',(2.60109666371568,10.4046161676995,28.5));
#1467=CARTESIAN_POINT('',(1.29072630233053,6.66070084945621,29.5));
#1468=CARTESIAN_POINT('',(0.346867945964511,6.99105127418432,28.5));
#1469=CARTESIAN_POINT('Origin',(1.29072630233053,6.66070084945621,28.5));
#1470=CARTESIAN_POINT('',(1.65723830734967,10.7349665924276,28.5));
#1471=CARTESIAN_POINT('',(2.60109666371568,10.4046161676995,29.5));
#1472=CARTESIAN_POINT('Origin',(3.17844301506257,6.,28.5));
#1473=CARTESIAN_POINT('',(3.17844301506257,8.,29.5));
#1474=CARTESIAN_POINT('',(3.17844301506257,9.,28.5));
#1475=CARTESIAN_POINT('Origin',(3.17844301506257,8.,28.5));
#1476=CARTESIAN_POINT('Origin',(3.17844301506257,6.,28.5));
#1477=CARTESIAN_POINT('Origin',(3.17844301506257,6.,29.5));
#1478=CARTESIAN_POINT('Origin',(12.975,8.,28.5));
#1479=CARTESIAN_POINT('',(14.8215569849374,8.,29.5));
#1480=CARTESIAN_POINT('',(14.8215569849374,9.,28.5));
#1481=CARTESIAN_POINT('Origin',(14.8215569849374,8.,28.5));
#1482=CARTESIAN_POINT('',(12.975,9.,28.5));
#1483=CARTESIAN_POINT('',(12.975,8.,29.5));
#1484=CARTESIAN_POINT('Origin',(14.8215569849374,6.,28.5));
#1485=CARTESIAN_POINT('',(16.7092736976695,6.66070084945621,29.5));
#1486=CARTESIAN_POINT('',(17.6531320540355,6.99105127418432,28.5));
#1487=CARTESIAN_POINT('Origin',(16.7092736976695,6.66070084945621,28.5));
#1488=CARTESIAN_POINT('Origin',(14.8215569849374,6.,28.5));
#1489=CARTESIAN_POINT('Origin',(14.8215569849374,6.,29.5));
#1490=CARTESIAN_POINT('Origin',(16.7989033362843,6.40461616769951,28.5));
#1491=CARTESIAN_POINT('',(16.887716712732,6.15086366356317,29.5));
#1492=CARTESIAN_POINT('',(17.8315750690981,6.48121408829128,28.5));
#1493=CARTESIAN_POINT('Origin',(16.887716712732,6.15086366356317,28.5));
#1494=CARTESIAN_POINT('',(17.7427616926503,6.73496659242762,28.5));
#1495=CARTESIAN_POINT('',(16.7989033362843,6.40461616769951,29.5));
#1496=CARTESIAN_POINT('Origin',(15.,5.49016281410696,28.5));
#1497=CARTESIAN_POINT('',(17.9684309073063,5.92423417753522,28.5));
#1498=CARTESIAN_POINT('Origin',(15.,5.49016281410696,28.5));
#1499=CARTESIAN_POINT('',(16.9271298959225,6.02511175021388,29.5));
#1500=CARTESIAN_POINT('Origin',(15.,5.49016281410696,29.5));
#1501=CARTESIAN_POINT('Ctrl Pts',(16.9271298959225,6.02511175021388,29.5));
#1502=CARTESIAN_POINT('Ctrl Pts',(16.9288761635293,6.025003325085,29.5));
#1503=CARTESIAN_POINT('Ctrl Pts',(16.93062240595,6.02489452579257,29.499995898206));
#1504=CARTESIAN_POINT('Ctrl Pts',(17.0071054061027,6.02011287194764,29.4996365053303));
#1505=CARTESIAN_POINT('Ctrl Pts',(17.0816036691126,6.01476554692684,29.4917694612873));
#1506=CARTESIAN_POINT('Ctrl Pts',(17.2273135328729,6.00319337265644,29.4609966751503));
#1507=CARTESIAN_POINT('Ctrl Pts',(17.2981956359844,5.99700215606711,29.4382394997614));
#1508=CARTESIAN_POINT('Ctrl Pts',(17.4871686065742,5.97934496321014,29.3547463385949));
#1509=CARTESIAN_POINT('Ctrl Pts',(17.5970190530296,5.96771671873652,29.2789709876765));
#1510=CARTESIAN_POINT('Ctrl Pts',(17.7780565864997,5.94746894983226,29.0924380017493));
#1511=CARTESIAN_POINT('Ctrl Pts',(17.8486758698077,5.93897937760035,28.9848807611151));
#1512=CARTESIAN_POINT('Ctrl Pts',(17.9440201881088,5.92733504685952,28.7500893369187));
#1513=CARTESIAN_POINT('Ctrl Pts',(17.9684309073063,5.92423417753521,28.6257564909751));
#1514=CARTESIAN_POINT('Ctrl Pts',(17.9684309073063,5.92423417753521,28.5));
#1515=CARTESIAN_POINT('Origin',(4.5,3.,28.5));
#1516=CARTESIAN_POINT('',(4.5,0.,28.5));
#1517=CARTESIAN_POINT('',(4.5,1.,29.5));
#1518=CARTESIAN_POINT('Origin',(4.5,1.,28.5));
#1519=CARTESIAN_POINT('Origin',(4.5,3.,29.5));
#1520=CARTESIAN_POINT('Origin',(4.5,3.,28.5));
#1521=CARTESIAN_POINT('Origin',(4.5,1.,28.5));
#1522=CARTESIAN_POINT('',(13.5,0.,28.5));
#1523=CARTESIAN_POINT('',(13.5,1.,29.5));
#1524=CARTESIAN_POINT('Origin',(13.5,1.,28.5));
#1525=CARTESIAN_POINT('',(4.5,1.,29.5));
#1526=CARTESIAN_POINT('',(4.5,0.,28.5));
#1527=CARTESIAN_POINT('Origin',(13.5,3.,28.5));
#1528=CARTESIAN_POINT('',(16.2692307692308,1.84615384615385,28.5));
#1529=CARTESIAN_POINT('',(15.3461538461538,2.23076923076923,29.5));
#1530=CARTESIAN_POINT('Origin',(15.3461538461538,2.23076923076923,28.5));
#1531=CARTESIAN_POINT('Origin',(13.5,3.,29.5));
#1532=CARTESIAN_POINT('Origin',(13.5,3.,28.5));
#1533=CARTESIAN_POINT('Origin',(14.8949704142012,1.14792899408284,28.5));
#1534=CARTESIAN_POINT('',(14.8949704142012,1.14792899408284,29.5));
#1535=CARTESIAN_POINT('',(15.8180473372781,0.763313609467456,28.5));
#1536=CARTESIAN_POINT('Origin',(15.,5.49016281410696,0.));
#1537=CARTESIAN_POINT('',(17.9684309073063,5.92423417753522,16.5));
#1538=CARTESIAN_POINT('',(17.9684309073063,5.92423417753522,0.));
#1539=CARTESIAN_POINT('',(18.,5.49016281410696,15.9052473774499));
#1540=CARTESIAN_POINT('Ctrl Pts',(18.,5.49016281410696,15.9052473774499));
#1541=CARTESIAN_POINT('Ctrl Pts',(18.,5.58901546246379,15.9566381757796));
#1542=CARTESIAN_POINT('Ctrl Pts',(17.9949718239063,5.68008581851596,16.0194974923301));
#1543=CARTESIAN_POINT('Ctrl Pts',(17.983848278263,5.8047592954595,16.1537112022905));
#1544=CARTESIAN_POINT('Ctrl Pts',(17.9786154510998,5.84899434946257,16.216833687309));
#1545=CARTESIAN_POINT('Ctrl Pts',(17.9707976606608,5.90881672917851,16.3546129201775));
#1546=CARTESIAN_POINT('Ctrl Pts',(17.9684309073063,5.92423417753522,16.4293556564594));
#1547=CARTESIAN_POINT('Ctrl Pts',(17.9684309073063,5.92423417753522,16.5));
#1548=CARTESIAN_POINT('',(18.,5.49016281410696,-14.5));
#1549=CARTESIAN_POINT('',(18.,5.49016281410696,0.));
#1550=CARTESIAN_POINT('',(17.8315750690981,6.48121408829128,-14.5));
#1551=CARTESIAN_POINT('Origin',(15.,5.49016281410696,-14.5));
#1552=CARTESIAN_POINT('',(17.8315750690981,6.48121408829128,0.));
#1553=CARTESIAN_POINT('Origin',(15.5,-3.39368885872453E-27,15.5));
#1554=CARTESIAN_POINT('',(16.2692307692308,1.84615384615385,16.5));
#1555=CARTESIAN_POINT('',(16.2692307692308,1.84615384615385,7.75));
#1556=CARTESIAN_POINT('',(16.2618343195266,1.82840236686391,16.5));
#1557=CARTESIAN_POINT('Origin',(13.5,3.,7.75));
#1558=CARTESIAN_POINT('',(13.5,0.,16.5));
#1559=CARTESIAN_POINT('',(13.5,0.,7.75));
#1560=CARTESIAN_POINT('Origin',(13.5,3.,16.5));
#1561=CARTESIAN_POINT('Origin',(0.,0.,0.));
#1562=CARTESIAN_POINT('',(4.5,0.,16.5));
#1563=CARTESIAN_POINT('',(4.5,0.,7.75));
#1564=CARTESIAN_POINT('',(1.99999999915264,7.58941520739853E-17,15.5045108218923));
#1565=CARTESIAN_POINT('Ctrl Pts',(1.99999999915263,0.,15.5045108218923));
#1566=CARTESIAN_POINT('Ctrl Pts',(2.86509337339802,0.,15.5572926049916));
#1567=CARTESIAN_POINT('Ctrl Pts',(3.75356922608614,0.,16.0690479917494));
#1568=CARTESIAN_POINT('Ctrl Pts',(4.5,0.,16.5));
#1569=CARTESIAN_POINT('',(2.,0.,-14.5));
#1570=CARTESIAN_POINT('',(2.,0.,0.));
#1571=CARTESIAN_POINT('',(16.,0.,-14.5));
#1572=CARTESIAN_POINT('',(4.5,0.,-14.5));
#1573=CARTESIAN_POINT('',(16.0000000005593,1.40946282423116E-17,15.5045108219099));
#1574=CARTESIAN_POINT('',(16.,0.,0.));
#1575=CARTESIAN_POINT('Ctrl Pts',(13.5,0.,16.5));
#1576=CARTESIAN_POINT('Ctrl Pts',(14.246430773831,0.,16.0690479917972));
#1577=CARTESIAN_POINT('Ctrl Pts',(15.1349066264046,4.78446983327999E-17,
15.5572926051036));
#1578=CARTESIAN_POINT('Ctrl Pts',(16.0000000005593,0.,15.5045108219099));
#1579=CARTESIAN_POINT('Origin',(4.5,3.,7.75));
#1580=CARTESIAN_POINT('',(1.73076923076923,1.84615384615385,16.5));
#1581=CARTESIAN_POINT('',(1.73076923076923,1.84615384615385,7.75));
#1582=CARTESIAN_POINT('Origin',(4.5,3.,16.5));
#1583=CARTESIAN_POINT('Origin',(0.,6.,15.5));
#1584=CARTESIAN_POINT('',(0.0315690926936611,5.92423417753522,16.5));
#1585=CARTESIAN_POINT('',(0.0315690926936611,5.92423417753522,0.));
#1586=CARTESIAN_POINT('',(0.488165680473373,4.82840236686391,16.5));
#1587=CARTESIAN_POINT('Origin',(9.,4.5,29.5));
#1588=CARTESIAN_POINT('Origin',(-0.43491124260355,4.44378698224852,16.5));
#1589=CARTESIAN_POINT('',(0.,3.4,15.5));
#1590=CARTESIAN_POINT('',(0.,5.49016281410696,15.9052473774499));
#1591=CARTESIAN_POINT('Origin',(0.,3.4,16.5));
#1592=CARTESIAN_POINT('',(0.807692307692308,1.46153846153846,15.5));
#1593=CARTESIAN_POINT('',(-0.43491124260355,4.44378698224852,15.5));
#1594=CARTESIAN_POINT('Origin',(0.807692307692308,1.46153846153846,16.5));
#1595=CARTESIAN_POINT('Ctrl Pts',(0.0315690926936609,5.92423417753522,16.5));
#1596=CARTESIAN_POINT('Ctrl Pts',(0.031569092693661,5.92423417753522,16.4293556564594));
#1597=CARTESIAN_POINT('Ctrl Pts',(0.0292023393392181,5.90881672917851,16.3546129201775));
#1598=CARTESIAN_POINT('Ctrl Pts',(0.021384548900155,5.84899434946257,16.216833687309));
#1599=CARTESIAN_POINT('Ctrl Pts',(0.0161517217369485,5.80475929545949,16.1537112022905));
#1600=CARTESIAN_POINT('Ctrl Pts',(0.00502817609369659,5.68008581851571,
16.0194974923298));
#1601=CARTESIAN_POINT('Ctrl Pts',(-3.21858130181341E-14,5.58901546246319,
15.9566381757792));
#1602=CARTESIAN_POINT('Ctrl Pts',(-1.15874107184388E-16,5.49016281410599,
15.9052473774494));
#1603=CARTESIAN_POINT('Origin',(4.5,3.,16.5));
#1604=CARTESIAN_POINT('',(1.84767637686832,0.00580905782920693,15.5));
#1605=CARTESIAN_POINT('Origin',(4.5,3.,15.5));
#1606=CARTESIAN_POINT('Ctrl Pts',(1.84767637686832,0.00580905782920665,
15.5));
#1607=CARTESIAN_POINT('Ctrl Pts',(1.89922364766569,0.00187168809977754,
15.5));
#1608=CARTESIAN_POINT('Ctrl Pts',(1.95004091096692,2.11668486831311E-11,
15.5014626772254));
#1609=CARTESIAN_POINT('Ctrl Pts',(1.99999999915264,2.77555756156698E-16,
15.5045108218923));
#1610=CARTESIAN_POINT('Origin',(9.,7.,15.5));
#1611=CARTESIAN_POINT('',(0.,2.,15.5));
#1612=CARTESIAN_POINT('',(0.,6.,15.5));
#1613=CARTESIAN_POINT('Origin',(2.,2.,15.5));
#1614=CARTESIAN_POINT('Origin',(17.1849112426036,1.44378698224852,16.5));
#1615=CARTESIAN_POINT('',(17.1923076923077,1.46153846153846,15.5));
#1616=CARTESIAN_POINT('Origin',(17.1923076923077,1.46153846153846,16.5));
#1617=CARTESIAN_POINT('',(18.,3.4,15.5));
#1618=CARTESIAN_POINT('',(17.1849112426036,1.44378698224852,15.5));
#1619=CARTESIAN_POINT('Origin',(18.,3.4,16.5));
#1620=CARTESIAN_POINT('Origin',(13.5,3.,16.5));
#1621=CARTESIAN_POINT('',(16.1523236231317,0.00580905782920638,15.5));
#1622=CARTESIAN_POINT('Ctrl Pts',(16.0000000005593,1.07967632682348E-29,
15.5045108219099));
#1623=CARTESIAN_POINT('Ctrl Pts',(16.0499358332646,1.39652080616091E-11,
15.501464096119));
#1624=CARTESIAN_POINT('Ctrl Pts',(16.1007525421359,0.00186986938943851,
15.5));
#1625=CARTESIAN_POINT('Ctrl Pts',(16.1523236231317,0.00580905782920638,
15.5));
#1626=CARTESIAN_POINT('Origin',(13.5,3.,15.5));
#1627=CARTESIAN_POINT('Ctrl Pts',(14.7248963463243,12.3303504247281,-15.5));
#1628=CARTESIAN_POINT('Ctrl Pts',(14.4905189949792,13.,-15.5));
#1629=CARTESIAN_POINT('Ctrl Pts',(13.7810379899583,13.,-15.5));
#1630=CARTESIAN_POINT('Ctrl Pts',(15.6687547026903,12.6607008494562,-15.5));
#1631=CARTESIAN_POINT('Ctrl Pts',(15.2,14.,-15.5));
#1632=CARTESIAN_POINT('Ctrl Pts',(13.7810379899583,14.,-15.5));
#1633=CARTESIAN_POINT('Ctrl Pts',(15.6687547026903,12.6607008494562,-14.5));
#1634=CARTESIAN_POINT('Ctrl Pts',(15.2,14.,-14.5));
#1635=CARTESIAN_POINT('Ctrl Pts',(13.7810379899583,14.,-14.5));
#1636=CARTESIAN_POINT('',(15.6687547026903,12.6607008494562,-14.5));
#1637=CARTESIAN_POINT('',(14.7248963463243,12.3303504247281,-15.5));
#1638=CARTESIAN_POINT('Origin',(14.7248963463243,12.3303504247281,-14.5));
#1639=CARTESIAN_POINT('',(13.7810379899583,13.,-15.5));
#1640=CARTESIAN_POINT('Origin',(13.7810379899583,12.,-15.5));
#1641=CARTESIAN_POINT('',(13.7810379899583,14.,-14.5));
#1642=CARTESIAN_POINT('Origin',(13.7810379899583,13.,-14.5));
#1643=CARTESIAN_POINT('Origin',(13.7810379899583,12.,-14.5));
#1644=CARTESIAN_POINT('Origin',(12.1,13.,-14.5));
#1645=CARTESIAN_POINT('',(4.21896201004171,13.,-15.5));
#1646=CARTESIAN_POINT('',(4.21896201004171,14.,-14.5));
#1647=CARTESIAN_POINT('Origin',(4.21896201004171,13.,-14.5));
#1648=CARTESIAN_POINT('',(12.1,14.,-14.5));
#1649=CARTESIAN_POINT('',(12.1,13.,-15.5));
#1650=CARTESIAN_POINT('Ctrl Pts',(4.21896201004171,13.,-15.5));
#1651=CARTESIAN_POINT('Ctrl Pts',(3.50948100502086,13.,-15.5));
#1652=CARTESIAN_POINT('Ctrl Pts',(3.27510365367569,12.3303504247281,-15.5));
#1653=CARTESIAN_POINT('Ctrl Pts',(4.21896201004171,14.,-15.5));
#1654=CARTESIAN_POINT('Ctrl Pts',(2.8,14.,-15.5));
#1655=CARTESIAN_POINT('Ctrl Pts',(2.33124529730968,12.6607008494562,-15.5));
#1656=CARTESIAN_POINT('Ctrl Pts',(4.21896201004171,14.,-14.5));
#1657=CARTESIAN_POINT('Ctrl Pts',(2.8,14.,-14.5));
#1658=CARTESIAN_POINT('Ctrl Pts',(2.33124529730968,12.6607008494562,-14.5));
#1659=CARTESIAN_POINT('',(3.27510365367569,12.3303504247281,-15.5));
#1660=CARTESIAN_POINT('',(2.33124529730967,12.6607008494562,-14.5));
#1661=CARTESIAN_POINT('Origin',(3.27510365367569,12.3303504247281,-14.5));
#1662=CARTESIAN_POINT('Origin',(4.21896201004171,12.,-14.5));
#1663=CARTESIAN_POINT('Origin',(4.21896201004171,12.,-15.5));
#1664=CARTESIAN_POINT('Origin',(2.99085167485154,11.518201913802,-14.5));
#1665=CARTESIAN_POINT('',(1.11228328726796,6.15086366356317,-15.5));
#1666=CARTESIAN_POINT('',(0.168424930901947,6.48121408829128,-14.5));
#1667=CARTESIAN_POINT('Origin',(1.11228328726796,6.15086366356317,-14.5));
#1668=CARTESIAN_POINT('',(2.04699331848552,11.8485523385301,-14.5));
#1669=CARTESIAN_POINT('',(2.99085167485154,11.518201913802,-15.5));
#1670=CARTESIAN_POINT('Origin',(3.,5.49016281410696,-14.5));
#1671=CARTESIAN_POINT('',(1.,5.49016281410696,-15.5));
#1672=CARTESIAN_POINT('',(0.,5.49016281410696,-14.5));
#1673=CARTESIAN_POINT('Origin',(1.,5.49016281410696,-14.5));
#1674=CARTESIAN_POINT('Origin',(3.,5.49016281410696,-14.5));
#1675=CARTESIAN_POINT('Origin',(3.,5.49016281410696,-15.5));
#1676=CARTESIAN_POINT('Origin',(1.,6.5,-14.5));
#1677=CARTESIAN_POINT('',(1.,2.,-15.5));
#1678=CARTESIAN_POINT('',(0.,2.,-14.5));
#1679=CARTESIAN_POINT('Origin',(1.,2.,-14.5));
#1680=CARTESIAN_POINT('',(0.,6.5,-14.5));
#1681=CARTESIAN_POINT('',(1.,6.5,-15.5));
#1682=CARTESIAN_POINT('Ctrl Pts',(1.,2.,-15.5));
#1683=CARTESIAN_POINT('Ctrl Pts',(1.,1.,-15.5));
#1684=CARTESIAN_POINT('Ctrl Pts',(2.,1.,-15.5));
#1685=CARTESIAN_POINT('Ctrl Pts',(0.,2.,-15.5));
#1686=CARTESIAN_POINT('Ctrl Pts',(5.55111512312578E-16,5.55111512312578E-16,
-15.5));
#1687=CARTESIAN_POINT('Ctrl Pts',(2.,0.,-15.5));
#1688=CARTESIAN_POINT('Ctrl Pts',(0.,2.,-14.5));
#1689=CARTESIAN_POINT('Ctrl Pts',(5.55111512312578E-16,5.55111512312578E-16,
-14.5));
#1690=CARTESIAN_POINT('Ctrl Pts',(2.,0.,-14.5));
#1691=CARTESIAN_POINT('',(2.,1.,-15.5));
#1692=CARTESIAN_POINT('Origin',(2.,1.,-14.5));
#1693=CARTESIAN_POINT('Origin',(2.,2.,-14.5));
#1694=CARTESIAN_POINT('Origin',(2.,2.,-15.5));
#1695=CARTESIAN_POINT('Origin',(4.5,1.,-14.5));
#1696=CARTESIAN_POINT('',(16.,1.,-15.5));
#1697=CARTESIAN_POINT('Origin',(16.,1.,-14.5));
#1698=CARTESIAN_POINT('',(4.5,1.,-15.5));
#1699=CARTESIAN_POINT('Ctrl Pts',(16.,0.999999999999999,-15.5));
#1700=CARTESIAN_POINT('Ctrl Pts',(17.,1.,-15.5));
#1701=CARTESIAN_POINT('Ctrl Pts',(17.,2.,-15.5));
#1702=CARTESIAN_POINT('Ctrl Pts',(16.,-1.66533453693773E-15,-15.5));
#1703=CARTESIAN_POINT('Ctrl Pts',(18.,-1.11022302462516E-15,-15.5));
#1704=CARTESIAN_POINT('Ctrl Pts',(18.,2.,-15.5));
#1705=CARTESIAN_POINT('Ctrl Pts',(16.,-1.66533453693773E-15,-14.5));
#1706=CARTESIAN_POINT('Ctrl Pts',(18.,-1.11022302462516E-15,-14.5));
#1707=CARTESIAN_POINT('Ctrl Pts',(18.,2.,-14.5));
#1708=CARTESIAN_POINT('',(17.,2.,-15.5));
#1709=CARTESIAN_POINT('',(18.,2.,-14.5));
#1710=CARTESIAN_POINT('Origin',(17.,2.,-14.5));
#1711=CARTESIAN_POINT('Origin',(16.,2.,-14.5));
#1712=CARTESIAN_POINT('Origin',(16.,2.,-15.5));
#1713=CARTESIAN_POINT('Origin',(17.,3.5,-14.5));
#1714=CARTESIAN_POINT('',(17.,5.49016281410696,-15.5));
#1715=CARTESIAN_POINT('Origin',(17.,5.49016281410696,-14.5));
#1716=CARTESIAN_POINT('',(18.,3.5,-14.5));
#1717=CARTESIAN_POINT('',(17.,3.5,-15.5));
#1718=CARTESIAN_POINT('Origin',(15.,5.49016281410696,-14.5));
#1719=CARTESIAN_POINT('',(16.887716712732,6.15086366356317,-15.5));
#1720=CARTESIAN_POINT('Origin',(16.887716712732,6.15086366356317,-14.5));
#1721=CARTESIAN_POINT('Origin',(15.,5.49016281410696,-15.5));
#1722=CARTESIAN_POINT('Origin',(16.4091483251485,7.51820191380196,-14.5));
#1723=CARTESIAN_POINT('',(16.4091483251485,7.51820191380196,-15.5));
#1724=CARTESIAN_POINT('',(17.3530066815145,7.84855233853007,-14.5));
#1725=CARTESIAN_POINT('Origin',(16.,2.,0.));
#1726=CARTESIAN_POINT('',(18.,2.,15.5));
#1727=CARTESIAN_POINT('',(18.,2.,0.));
#1728=CARTESIAN_POINT('Origin',(16.,2.,15.5));
#1729=CARTESIAN_POINT('Origin',(18.,0.,0.));
#1730=CARTESIAN_POINT('',(18.,0.,15.5));
#1731=CARTESIAN_POINT('Origin',(18.,6.,0.));
#1732=CARTESIAN_POINT('',(15.6687547026903,12.6607008494562,14.5));
#1733=CARTESIAN_POINT('',(15.6687547026903,12.6607008494562,0.));
#1734=CARTESIAN_POINT('',(15.7843878500907,12.3303204283123,14.5));
#1735=CARTESIAN_POINT('',(17.3530066815145,7.84855233853007,14.5));
#1736=CARTESIAN_POINT('',(17.6531320540355,6.99105127418432,18.5));
#1737=CARTESIAN_POINT('Ctrl Pts',(17.6531320540355,6.99105127418432,18.5));
#1738=CARTESIAN_POINT('Ctrl Pts',(17.6525634127824,6.9926759634788,18.4975656753819));
#1739=CARTESIAN_POINT('Ctrl Pts',(17.6519947824647,6.99430062152945,18.4951312952635));
#1740=CARTESIAN_POINT('Ctrl Pts',(17.5599658948245,7.25724030050227,18.1011858538656));
#1741=CARTESIAN_POINT('Ctrl Pts',(17.375067720407,7.78552079883731,17.3102930392695));
#1742=CARTESIAN_POINT('Ctrl Pts',(17.0645332589004,8.67276211742766,16.212961883254));
#1743=CARTESIAN_POINT('Ctrl Pts',(16.7580116233364,9.54853821903905,15.4469221931483));
#1744=CARTESIAN_POINT('Ctrl Pts',(16.4781310311803,10.3481970537708,14.9729304532488));
#1745=CARTESIAN_POINT('Ctrl Pts',(16.2571966874427,10.9794380358779,14.7078224203931));
#1746=CARTESIAN_POINT('Ctrl Pts',(16.0228972134675,11.6488651043786,14.5383513268585));
#1747=CARTESIAN_POINT('Ctrl Pts',(15.8635921642602,12.104022387828,14.5));
#1748=CARTESIAN_POINT('Ctrl Pts',(15.7843878500907,12.3303204283123,14.5));
#1749=CARTESIAN_POINT('',(17.6531320540355,6.99105127418432,7.75));
#1750=CARTESIAN_POINT('Origin',(13.7810379899583,12.,0.));
#1751=CARTESIAN_POINT('',(13.7810379899583,14.,14.5));
#1752=CARTESIAN_POINT('',(13.7810379899583,14.,0.));
#1753=CARTESIAN_POINT('Origin',(13.7810379899583,12.,14.5));
#1754=CARTESIAN_POINT('Origin',(9.,7.,-15.5));
#1755=CARTESIAN_POINT('Ctrl Pts',(17.6531320540355,6.99105127418432,18.5));
#1756=CARTESIAN_POINT('Ctrl Pts',(17.6525634127824,6.9926759634788,18.4975656753819));
#1757=CARTESIAN_POINT('Ctrl Pts',(17.6519947824647,6.99430062152945,18.4951312952635));
#1758=CARTESIAN_POINT('Ctrl Pts',(17.5599658948245,7.25724030050227,18.1011858538656));
#1759=CARTESIAN_POINT('Ctrl Pts',(17.375067720407,7.78552079883731,17.3102930392695));
#1760=CARTESIAN_POINT('Ctrl Pts',(17.0645332589004,8.67276211742766,16.212961883254));
#1761=CARTESIAN_POINT('Ctrl Pts',(16.7580116233364,9.54853821903905,15.4469221931483));
#1762=CARTESIAN_POINT('Ctrl Pts',(16.4781310311803,10.3481970537708,14.9729304532488));
#1763=CARTESIAN_POINT('Ctrl Pts',(16.2571966874427,10.9794380358779,14.7078224203931));
#1764=CARTESIAN_POINT('Ctrl Pts',(16.0228972134675,11.6488651043786,14.5383513268585));
#1765=CARTESIAN_POINT('Ctrl Pts',(15.8635921642602,12.104022387828,14.5));
#1766=CARTESIAN_POINT('Ctrl Pts',(15.7843878500907,12.3303204283123,14.5));
#1767=CARTESIAN_POINT('Ctrl Pts',(17.6531320540355,6.99105127418432,18.5));
#1768=CARTESIAN_POINT('Ctrl Pts',(17.6525095027564,6.99282999212466,18.4976814812974));
#1769=CARTESIAN_POINT('Ctrl Pts',(17.6518862351453,6.99461075672783,18.4953633017985));
#1770=CARTESIAN_POINT('Ctrl Pts',(17.5510976828248,7.28257804907275,18.1201454392667));
#1771=CARTESIAN_POINT('Ctrl Pts',(17.3486682790503,7.86094777414212,17.3670814495508));
#1772=CARTESIAN_POINT('Ctrl Pts',(17.0218173811555,8.79480748241304,16.3356206847851));
#1773=CARTESIAN_POINT('Ctrl Pts',(16.714199846698,9.6737147237202,15.6308642717622));
#1774=CARTESIAN_POINT('Ctrl Pts',(16.4414807883422,10.4529120333082,15.2032242881994));
#1775=CARTESIAN_POINT('Ctrl Pts',(16.2295542310044,11.0584164828447,14.9684377526907));
#1776=CARTESIAN_POINT('Ctrl Pts',(16.0076361380083,11.6924681771191,14.8234416307899));
#1777=CARTESIAN_POINT('Ctrl Pts',(15.8583286058148,12.1190611262434,14.7955979994684));
#1778=CARTESIAN_POINT('Ctrl Pts',(15.7843878500907,12.3303204283123,14.7991993003419));
#1779=CARTESIAN_POINT('Ctrl Pts',(17.6531320540355,6.99105127418432,18.5));
#1780=CARTESIAN_POINT('Ctrl Pts',(17.6524093834781,6.99310215631226,18.4978851675406));
#1781=CARTESIAN_POINT('Ctrl Pts',(17.6517023371569,6.99515165944747,18.4957681942947));
#1782=CARTESIAN_POINT('Ctrl Pts',(17.5348382065614,7.32651246662386,18.1534170567979));
#1783=CARTESIAN_POINT('Ctrl Pts',(17.2857749414857,7.98716079075072,17.4664407535522));
#1784=CARTESIAN_POINT('Ctrl Pts',(16.8712760798006,8.98160153382255,16.5503193869099));
#1785=CARTESIAN_POINT('Ctrl Pts',(16.5081087446078,9.84677044446564,15.951776011618));
#1786=CARTESIAN_POINT('Ctrl Pts',(16.2090421608801,10.5759840255774,15.6039460137561));
#1787=CARTESIAN_POINT('Ctrl Pts',(15.9867418427225,11.1274699440761,15.4211820160468));
#1788=CARTESIAN_POINT('Ctrl Pts',(15.763307503214,11.6917118421159,15.3177577954997));
#1789=CARTESIAN_POINT('Ctrl Pts',(15.6181654076988,12.0642724517904,15.3076303454612));
#1790=CARTESIAN_POINT('Ctrl Pts',(15.5473279566755,12.247349465617,15.3171624050334));
#1791=CARTESIAN_POINT('Ctrl Pts',(17.6531320540355,6.99105127418432,18.5));
#1792=CARTESIAN_POINT('Ctrl Pts',(17.6523145794474,6.99337275296377,18.4980881008474));
#1793=CARTESIAN_POINT('Ctrl Pts',(17.6515116519489,6.99569303695857,18.4961738635554));
#1794=CARTESIAN_POINT('Ctrl Pts',(17.5191349103185,7.37078897548701,18.1866491938094));
#1795=CARTESIAN_POINT('Ctrl Pts',(17.1922599406511,8.1009129917209,17.5654639436311));
#1796=CARTESIAN_POINT('Ctrl Pts',(16.618531047824,9.0808323760314,16.7232881178623));
#1797=CARTESIAN_POINT('Ctrl Pts',(16.1533501953436,9.87346059358151,16.1552995304837));
#1798=CARTESIAN_POINT('Ctrl Pts',(15.7948336482036,10.5365526870469,15.8139358778304));
#1799=CARTESIAN_POINT('Ctrl Pts',(15.5381334481993,11.0392906902098,15.6282517546779));
#1800=CARTESIAN_POINT('Ctrl Pts',(15.2878844742632,11.5577793092801,15.5154256440038));
#1801=CARTESIAN_POINT('Ctrl Pts',(15.1291589068833,11.9034434117707,15.4957761768568));
#1802=CARTESIAN_POINT('Ctrl Pts',(15.0523308136096,12.0741004655439,15.5));
#1803=CARTESIAN_POINT('Ctrl Pts',(17.6531320540355,6.99105127418432,18.5));
#1804=CARTESIAN_POINT('Ctrl Pts',(17.652279092156,6.99348830812558,18.4981742565371));
#1805=CARTESIAN_POINT('Ctrl Pts',(17.6514239698591,6.99592460830427,18.4963484714477));
#1806=CARTESIAN_POINT('Ctrl Pts',(17.5130125046152,7.39018560181738,18.2008893903993));
#1807=CARTESIAN_POINT('Ctrl Pts',(17.1460412929145,8.14672986269651,17.6077197794522));
#1808=CARTESIAN_POINT('Ctrl Pts',(16.4985152157475,9.10370179131695,16.7847214124405));
#1809=CARTESIAN_POINT('Ctrl Pts',(15.9930973541297,9.8563003148001,16.2101916448612));
#1810=CARTESIAN_POINT('Ctrl Pts',(15.6128898343883,10.4927495296843,15.8546978399366));
#1811=CARTESIAN_POINT('Ctrl Pts',(15.3440699006568,10.9797624141443,15.6558668152948));
#1812=CARTESIAN_POINT('Ctrl Pts',(15.0840156605829,11.4879134183894,15.5287634951438));
#1813=CARTESIAN_POINT('Ctrl Pts',(14.9199125024116,11.8301832951684,15.5));
#1814=CARTESIAN_POINT('Ctrl Pts',(14.8405294937247,11.9999700035842,15.5));
#1815=CARTESIAN_POINT('',(14.8405294937247,11.9999700035842,15.5));
#1816=CARTESIAN_POINT('Origin',(14.8405294937247,11.9999700035842,14.5));
#1817=CARTESIAN_POINT('Ctrl Pts',(14.8405294937247,11.9999700035842,15.5));
#1818=CARTESIAN_POINT('Ctrl Pts',(14.9199125024116,11.8301832951684,15.5));
#1819=CARTESIAN_POINT('Ctrl Pts',(15.0840156605829,11.4879134183894,15.5287634951438));
#1820=CARTESIAN_POINT('Ctrl Pts',(15.3440699006568,10.9797624141443,15.6558668152948));
#1821=CARTESIAN_POINT('Ctrl Pts',(15.6128898343883,10.4927495296843,15.8546978399366));
#1822=CARTESIAN_POINT('Ctrl Pts',(15.9930973541297,9.8563003148001,16.2101916448612));
#1823=CARTESIAN_POINT('Ctrl Pts',(16.4985152157475,9.10370179131695,16.7847214124405));
#1824=CARTESIAN_POINT('Ctrl Pts',(17.1460412929145,8.14672986269651,17.6077197794522));
#1825=CARTESIAN_POINT('Ctrl Pts',(17.5130125046152,7.39018560181738,18.2008893903993));
#1826=CARTESIAN_POINT('Ctrl Pts',(17.6514239698591,6.99592460830427,18.4963484714477));
#1827=CARTESIAN_POINT('Ctrl Pts',(17.652279092156,6.99348830812558,18.4981742565371));
#1828=CARTESIAN_POINT('Ctrl Pts',(17.6531320540355,6.99105127418432,18.5));
#1829=CARTESIAN_POINT('Origin',(16.4091483251485,7.51820191380196,14.5));
#1830=CARTESIAN_POINT('',(14.7248963463243,12.3303504247281,15.5));
#1831=CARTESIAN_POINT('Origin',(14.7248963463243,12.3303504247281,14.5));
#1832=CARTESIAN_POINT('',(16.4091483251485,7.51820191380196,15.5));
#1833=CARTESIAN_POINT('Ctrl Pts',(13.7810379899583,13.,15.5));
#1834=CARTESIAN_POINT('Ctrl Pts',(14.4905189949791,13.,15.5));
#1835=CARTESIAN_POINT('Ctrl Pts',(14.7248963463243,12.3303504247281,15.5));
#1836=CARTESIAN_POINT('Ctrl Pts',(13.7810379899583,14.,15.5));
#1837=CARTESIAN_POINT('Ctrl Pts',(15.2,14.,15.5));
#1838=CARTESIAN_POINT('Ctrl Pts',(15.6687547026903,12.6607008494562,15.5));
#1839=CARTESIAN_POINT('Ctrl Pts',(13.7810379899583,14.,14.5));
#1840=CARTESIAN_POINT('Ctrl Pts',(15.2,14.,14.5));
#1841=CARTESIAN_POINT('Ctrl Pts',(15.6687547026903,12.6607008494562,14.5));
#1842=CARTESIAN_POINT('',(13.7810379899583,13.,15.5));
#1843=CARTESIAN_POINT('Origin',(13.7810379899583,13.,14.5));
#1844=CARTESIAN_POINT('Origin',(13.7810379899583,12.,15.5));
#1845=CARTESIAN_POINT('Origin',(12.1,13.,14.5));
#1846=CARTESIAN_POINT('',(4.21896201004171,14.,14.5));
#1847=CARTESIAN_POINT('',(4.21896201004171,13.,15.5));
#1848=CARTESIAN_POINT('Origin',(4.21896201004171,13.,14.5));
#1849=CARTESIAN_POINT('',(12.1,13.,15.5));
#1850=CARTESIAN_POINT('',(12.1,14.,14.5));
#1851=CARTESIAN_POINT('Ctrl Pts',(3.27510365367569,12.3303504247281,15.5));
#1852=CARTESIAN_POINT('Ctrl Pts',(3.50948100502086,13.,15.5));
#1853=CARTESIAN_POINT('Ctrl Pts',(4.21896201004171,13.,15.5));
#1854=CARTESIAN_POINT('Ctrl Pts',(2.33124529730968,12.6607008494562,15.5));
#1855=CARTESIAN_POINT('Ctrl Pts',(2.8,14.,15.5));
#1856=CARTESIAN_POINT('Ctrl Pts',(4.21896201004171,14.,15.5));
#1857=CARTESIAN_POINT('Ctrl Pts',(2.33124529730968,12.6607008494562,14.5));
#1858=CARTESIAN_POINT('Ctrl Pts',(2.8,14.,14.5));
#1859=CARTESIAN_POINT('Ctrl Pts',(4.21896201004171,14.,14.5));
#1860=CARTESIAN_POINT('',(2.33124529730967,12.6607008494562,14.5));
#1861=CARTESIAN_POINT('',(3.27510365367569,12.3303504247281,15.5));
#1862=CARTESIAN_POINT('Origin',(3.27510365367569,12.3303504247281,14.5));
#1863=CARTESIAN_POINT('Origin',(4.21896201004171,12.,15.5));
#1864=CARTESIAN_POINT('Origin',(4.21896201004171,12.,14.5));
#1865=CARTESIAN_POINT('Origin',(2.99085167485154,11.518201913802,14.5));
#1866=CARTESIAN_POINT('',(2.21561214990931,12.3303204283123,14.5));
#1867=CARTESIAN_POINT('',(3.15947050627533,11.9999700035842,15.5));
#1868=CARTESIAN_POINT('Origin',(3.15947050627533,11.9999700035842,14.5));
#1869=CARTESIAN_POINT('',(2.99085167485154,11.518201913802,15.5));
#1870=CARTESIAN_POINT('',(2.04699331848552,11.8485523385301,14.5));
#1871=CARTESIAN_POINT('Ctrl Pts',(2.21561214990931,12.3303204283123,14.5));
#1872=CARTESIAN_POINT('Ctrl Pts',(2.05720352157027,11.8777243473436,14.5));
#1873=CARTESIAN_POINT('Ctrl Pts',(1.73783586158936,10.9652453188268,14.656404339025));
#1874=CARTESIAN_POINT('Ctrl Pts',(1.30462218987802,9.72749197108006,15.2914219070625));
#1875=CARTESIAN_POINT('Ctrl Pts',(0.996062698438854,8.84589342411104,16.0613826852131));
#1876=CARTESIAN_POINT('Ctrl Pts',(0.780169968709646,8.22905705345616,16.7615202518422));
#1877=CARTESIAN_POINT('Ctrl Pts',(0.628813227929077,7.79660922265455,17.3222073769938));
#1878=CARTESIAN_POINT('Ctrl Pts',(0.486205582944958,7.38915880841419,17.9036385392257));
#1879=CARTESIAN_POINT('Ctrl Pts',(0.394297241999826,7.12656354857103,18.2969476514595));
#1880=CARTESIAN_POINT('Ctrl Pts',(0.348005273557988,6.99430078159425,18.4951312472931));
#1881=CARTESIAN_POINT('Ctrl Pts',(0.347436587217108,6.99267596347745,18.4975656753806));
#1882=CARTESIAN_POINT('Ctrl Pts',(0.346867945964512,6.99105127418432,18.5));
#1883=CARTESIAN_POINT('Ctrl Pts',(2.21561214990931,12.3303204283123,14.7991993003419));
#1884=CARTESIAN_POINT('Ctrl Pts',(2.0680606529345,11.9078495842515,14.7918676880884));
#1885=CARTESIAN_POINT('Ctrl Pts',(1.76715819161455,11.0492340768682,14.9202778756854));
#1886=CARTESIAN_POINT('Ctrl Pts',(1.34886732812637,9.85332676691889,15.4875792209818));
#1887=CARTESIAN_POINT('Ctrl Pts',(1.03937422048883,8.96843170408344,16.1960094701635));
#1888=CARTESIAN_POINT('Ctrl Pts',(0.815094452716915,8.32773303075827,16.8510594720467));
#1889=CARTESIAN_POINT('Ctrl Pts',(0.654223749786242,7.86830627001308,17.3800045025098));
#1890=CARTESIAN_POINT('Ctrl Pts',(0.499618537056607,7.42698770668781,17.9319899942727));
#1891=CARTESIAN_POINT('Ctrl Pts',(0.398831459565727,7.13946430084015,18.3066098813935));
#1892=CARTESIAN_POINT('Ctrl Pts',(0.348113449003703,6.99461029980647,18.495363150144));
#1893=CARTESIAN_POINT('Ctrl Pts',(0.347490743526898,6.99283069579114,18.4976815956005));
#1894=CARTESIAN_POINT('Ctrl Pts',(0.346867945964512,6.99105127418432,18.5));
#1895=CARTESIAN_POINT('Ctrl Pts',(2.45261739440368,12.2473685927393,15.3172318762602));
#1896=CARTESIAN_POINT('Ctrl Pts',(2.31082387240799,11.881156020648,15.2982295801283));
#1897=CARTESIAN_POINT('Ctrl Pts',(2.01447053642014,11.1254511095592,15.3790318428974));
#1898=CARTESIAN_POINT('Ctrl Pts',(1.565821615131,10.0232498028732,15.8304298134322));
#1899=CARTESIAN_POINT('Ctrl Pts',(1.2001804343238,9.15273463418531,16.4320593963735));
#1900=CARTESIAN_POINT('Ctrl Pts',(0.921475558554872,8.48454240670487,17.0082055547097));
#1901=CARTESIAN_POINT('Ctrl Pts',(0.718943716916526,7.98674001507556,17.481499172723));
#1902=CARTESIAN_POINT('Ctrl Pts',(0.5267169664068,7.49194957673038,17.9817837442082));
#1903=CARTESIAN_POINT('Ctrl Pts',(0.406764483089704,7.16204468371342,18.3235387242009));
#1904=CARTESIAN_POINT('Ctrl Pts',(0.348303474879967,6.99515167695262,18.4957688160602));
#1905=CARTESIAN_POINT('Ctrl Pts',(0.347585517069029,6.99310147734008,18.4978844559853));
#1906=CARTESIAN_POINT('Ctrl Pts',(0.346867945964512,6.99105127418432,18.5));
#1907=CARTESIAN_POINT('Ctrl Pts',(2.94766918639041,12.0741004655439,15.5));
#1908=CARTESIAN_POINT('Ctrl Pts',(2.79393876521855,11.7328563469309,15.491466029963));
#1909=CARTESIAN_POINT('Ctrl Pts',(2.46706696286573,11.0354241036712,15.5892509727881));
#1910=CARTESIAN_POINT('Ctrl Pts',(1.94127292152068,10.0354791527861,16.0398925540374));
#1911=CARTESIAN_POINT('Ctrl Pts',(1.47278817142008,9.23744544283446,16.6108048398647));
#1912=CARTESIAN_POINT('Ctrl Pts',(1.09508377462311,8.59132150812131,17.1441063273716));
#1913=CARTESIAN_POINT('Ctrl Pts',(0.817572178443999,8.08528420696588,17.5772434199296));
#1914=CARTESIAN_POINT('Ctrl Pts',(0.561251035811004,7.55422723147474,18.0314080552607));
#1915=CARTESIAN_POINT('Ctrl Pts',(0.414807513378077,7.18458224911921,18.3404539823628));
#1916=CARTESIAN_POINT('Ctrl Pts',(0.348493826651908,6.99569297435895,18.4961745923078));
#1917=CARTESIAN_POINT('Ctrl Pts',(0.347680290611161,6.99337225888903,18.4980873163701));
#1918=CARTESIAN_POINT('Ctrl Pts',(0.346867945964512,6.99105127418432,18.5));
#1919=CARTESIAN_POINT('Ctrl Pts',(3.15947050627533,11.9999700035842,15.5));
#1920=CARTESIAN_POINT('Ctrl Pts',(3.00070448890148,11.6603965867527,15.5));
#1921=CARTESIAN_POINT('Ctrl Pts',(2.66234082883706,10.9729058838433,15.6173032542687));
#1922=CARTESIAN_POINT('Ctrl Pts',(2.10982912565788,10.0102361636178,16.0935664302969));
#1923=CARTESIAN_POINT('Ctrl Pts',(1.6007408204129,9.2521411034626,16.6710370139098));
#1924=CARTESIAN_POINT('Ctrl Pts',(1.17856802042926,8.62582499896205,17.1961401888816));
#1925=CARTESIAN_POINT('Ctrl Pts',(0.86532717395067,8.12307926017735,17.6166555327453));
#1926=CARTESIAN_POINT('Ctrl Pts',(0.577407776165369,7.58043479664715,18.0527289044193));
#1927=CARTESIAN_POINT('Ctrl Pts',(0.418270870439635,7.19423591751594,18.3477107385945));
#1928=CARTESIAN_POINT('Ctrl Pts',(0.348575497596547,6.99592492303856,18.4963484354698));
#1929=CARTESIAN_POINT('Ctrl Pts',(0.347720907843503,6.9934883081243,18.498174256535));
#1930=CARTESIAN_POINT('Ctrl Pts',(0.346867945964512,6.99105127418432,18.5));
#1931=CARTESIAN_POINT('',(0.346867945964511,6.99105127418432,18.5));
#1932=CARTESIAN_POINT('Ctrl Pts',(2.21561214990931,12.3303204283123,14.5));
#1933=CARTESIAN_POINT('Ctrl Pts',(2.05720352157027,11.8777243473436,14.5));
#1934=CARTESIAN_POINT('Ctrl Pts',(1.73783586158936,10.9652453188268,14.656404339025));
#1935=CARTESIAN_POINT('Ctrl Pts',(1.30462218987802,9.72749197108006,15.2914219070625));
#1936=CARTESIAN_POINT('Ctrl Pts',(0.996062698438854,8.84589342411104,16.0613826852131));
#1937=CARTESIAN_POINT('Ctrl Pts',(0.780169968709646,8.22905705345616,16.7615202518422));
#1938=CARTESIAN_POINT('Ctrl Pts',(0.628813227929077,7.79660922265455,17.3222073769938));
#1939=CARTESIAN_POINT('Ctrl Pts',(0.486205582944958,7.38915880841419,17.9036385392257));
#1940=CARTESIAN_POINT('Ctrl Pts',(0.394297241999826,7.12656354857103,18.2969476514595));
#1941=CARTESIAN_POINT('Ctrl Pts',(0.348005273557988,6.99430078159425,18.4951312472931));
#1942=CARTESIAN_POINT('Ctrl Pts',(0.347436587217108,6.99267596347745,18.4975656753806));
#1943=CARTESIAN_POINT('Ctrl Pts',(0.346867945964512,6.99105127418432,18.5));
#1944=CARTESIAN_POINT('Ctrl Pts',(0.346867945964512,6.99105127418432,18.5));
#1945=CARTESIAN_POINT('Ctrl Pts',(0.347720907843503,6.9934883081243,18.498174256535));
#1946=CARTESIAN_POINT('Ctrl Pts',(0.348575497596547,6.99592492303856,18.4963484354698));
#1947=CARTESIAN_POINT('Ctrl Pts',(0.418270870439635,7.19423591751594,18.3477107385945));
#1948=CARTESIAN_POINT('Ctrl Pts',(0.577407776165369,7.58043479664715,18.0527289044193));
#1949=CARTESIAN_POINT('Ctrl Pts',(0.86532717395067,8.12307926017735,17.6166555327453));
#1950=CARTESIAN_POINT('Ctrl Pts',(1.17856802042926,8.62582499896205,17.1961401888816));
#1951=CARTESIAN_POINT('Ctrl Pts',(1.6007408204129,9.2521411034626,16.6710370139098));
#1952=CARTESIAN_POINT('Ctrl Pts',(2.10982912565788,10.0102361636178,16.0935664302969));
#1953=CARTESIAN_POINT('Ctrl Pts',(2.66234082883706,10.9729058838433,15.6173032542687));
#1954=CARTESIAN_POINT('Ctrl Pts',(3.00070448890148,11.6603965867527,15.5));
#1955=CARTESIAN_POINT('Ctrl Pts',(3.15947050627533,11.9999700035842,15.5));
#1956=CARTESIAN_POINT('Origin',(2.8,14.,0.));
#1957=CARTESIAN_POINT('',(0.346867945964511,6.99105127418432,7.75));
#1958=CARTESIAN_POINT('',(2.33124529730967,12.6607008494562,0.));
#1959=CARTESIAN_POINT('',(0.168424930901947,6.48121408829128,0.));
#1960=CARTESIAN_POINT('Origin',(4.21896201004171,12.,0.));
#1961=CARTESIAN_POINT('',(4.21896201004171,14.,0.));
#1962=CARTESIAN_POINT('Origin',(15.2,14.,0.));
#1963=CARTESIAN_POINT('Origin',(14.8215569849374,6.,18.5));
#1964=CARTESIAN_POINT('',(14.8215569849374,12.,15.5));
#1965=CARTESIAN_POINT('Origin',(14.8215569849374,6.,15.5));
#1966=CARTESIAN_POINT('',(14.8215569849374,9.,18.5));
#1967=CARTESIAN_POINT('Origin',(14.8215569849374,12.,18.5));
#1968=CARTESIAN_POINT('Origin',(14.8215569849374,6.,18.5));
#1969=CARTESIAN_POINT('Origin',(12.975,12.,18.5));
#1970=CARTESIAN_POINT('',(3.17844301506257,12.,15.5));
#1971=CARTESIAN_POINT('',(3.17844301506257,9.,18.5));
#1972=CARTESIAN_POINT('Origin',(3.17844301506257,12.,18.5));
#1973=CARTESIAN_POINT('',(12.975,9.,18.5));
#1974=CARTESIAN_POINT('',(12.975,12.,15.5));
#1975=CARTESIAN_POINT('Origin',(3.17844301506257,6.,18.5));
#1976=CARTESIAN_POINT('Origin',(3.17844301506257,6.,18.5));
#1977=CARTESIAN_POINT('Origin',(3.17844301506257,6.,15.5));
#1978=CARTESIAN_POINT('Origin',(9.,7.,15.5));
#1979=CARTESIAN_POINT('Origin',(2.,2.,0.));
#1980=CARTESIAN_POINT('',(0.,2.,0.));
#1981=CARTESIAN_POINT('Origin',(0.,6.,0.));
#1982=CARTESIAN_POINT('',(0.,5.49016281410696,0.));
#1983=CARTESIAN_POINT('Origin',(3.,5.49016281410696,0.));
#1984=CARTESIAN_POINT('Origin',(3.17844301506257,6.,7.75));
#1985=CARTESIAN_POINT('',(3.17844301506257,9.,7.75));
#1986=CARTESIAN_POINT('Origin',(16.95,9.,15.5));
#1987=CARTESIAN_POINT('',(14.8215569849374,9.,7.75));
#1988=CARTESIAN_POINT('Origin',(14.8215569849374,6.,7.75));
#1989=CARTESIAN_POINT('Origin',(9.,7.,15.5));
#1990=UNCERTAINTY_MEASURE_WITH_UNIT(LENGTH_MEASURE(0.01),#1994,
'DISTANCE_ACCURACY_VALUE',
'Maximum model space distance between geometric entities at asserted c
onnectivities');
#1991=UNCERTAINTY_MEASURE_WITH_UNIT(LENGTH_MEASURE(0.01),#1994,
'DISTANCE_ACCURACY_VALUE',
'Maximum model space distance between geometric entities at asserted c
onnectivities');
#1992=(
GEOMETRIC_REPRESENTATION_CONTEXT(3)
GLOBAL_UNCERTAINTY_ASSIGNED_CONTEXT((#1990))
GLOBAL_UNIT_ASSIGNED_CONTEXT((#1994,#1996,#1997))
REPRESENTATION_CONTEXT('','3D')
);
#1993=(
GEOMETRIC_REPRESENTATION_CONTEXT(3)
GLOBAL_UNCERTAINTY_ASSIGNED_CONTEXT((#1991))
GLOBAL_UNIT_ASSIGNED_CONTEXT((#1994,#1996,#1997))
REPRESENTATION_CONTEXT('','3D')
);
#1994=(
LENGTH_UNIT()
NAMED_UNIT(*)
SI_UNIT(.MILLI.,.METRE.)
);
#1995=(
LENGTH_UNIT()
NAMED_UNIT(*)
SI_UNIT($,.METRE.)
);
#1996=(
NAMED_UNIT(*)
PLANE_ANGLE_UNIT()
SI_UNIT($,.RADIAN.)
);
#1997=(
NAMED_UNIT(*)
SI_UNIT($,.STERADIAN.)
SOLID_ANGLE_UNIT()
);
#1998=SHAPE_DEFINITION_REPRESENTATION(#1999,#2000);
#1999=PRODUCT_DEFINITION_SHAPE('',$,#2002);
#2000=SHAPE_REPRESENTATION('',(#996),#1992);
#2001=PRODUCT_DEFINITION_CONTEXT('part definition',#2006,'design');
#2002=PRODUCT_DEFINITION('50A EM32 ESC Mockup','50A EM32 ESC Mockup v2',
#2003,#2001);
#2003=PRODUCT_DEFINITION_FORMATION('',$,#2008);
#2004=PRODUCT_RELATED_PRODUCT_CATEGORY('50A EM32 ESC Mockup v2',
'50A EM32 ESC Mockup v2',(#2008));
#2005=APPLICATION_PROTOCOL_DEFINITION('international standard',
'ap242_managed_model_based_3d_engineering',2011,#2006);
#2006=APPLICATION_CONTEXT('Managed model based 3d engineering');
#2007=PRODUCT_CONTEXT('part definition',#2006,'mechanical');
#2008=PRODUCT('50A EM32 ESC Mockup','50A EM32 ESC Mockup v2',$,(#2007));
#2009=PRESENTATION_STYLE_ASSIGNMENT((#2011));
#2010=PRESENTATION_STYLE_ASSIGNMENT((#2012));
#2011=SURFACE_STYLE_USAGE(.BOTH.,#2013);
#2012=SURFACE_STYLE_USAGE(.BOTH.,#2014);
#2013=SURFACE_SIDE_STYLE('',(#2015));
#2014=SURFACE_SIDE_STYLE('',(#2016));
#2015=SURFACE_STYLE_FILL_AREA(#2017);
#2016=SURFACE_STYLE_FILL_AREA(#2018);
#2017=FILL_AREA_STYLE('Aluminum - Satin',(#2019));
#2018=FILL_AREA_STYLE('Plastic - Glossy (Grey)',(#2020));
#2019=FILL_AREA_STYLE_COLOUR('Aluminum - Satin',#2021);
#2020=FILL_AREA_STYLE_COLOUR('Plastic - Glossy (Grey)',#2022);
#2021=COLOUR_RGB('Aluminum - Satin',0.96078431372549,0.96078431372549,0.964705882352941);
#2022=COLOUR_RGB('Plastic - Glossy (Grey)',0.32156862745098,0.32156862745098,
0.32156862745098);
ENDSEC;
END-ISO-10303-21;
